# This file uses centimeters as units for non-parametric coordinates.

mtllib ToiletPaper_LOW.mtl
g default
v -0.628087 5.229292 -1.666555
v -0.662009 6.040909 -1.717014
v -0.704292 6.872518 -1.769464
v -0.710505 7.658433 -1.739834
v -0.706608 8.354851 -1.711914
v -0.702192 8.959448 -1.700752
v -0.696047 9.500008 -1.677008
v -0.740731 10.213673 -1.769367
v -0.111675 5.193015 -1.797571
v -0.136525 6.044212 -1.873203
v -0.152138 6.887043 -1.873816
v -0.156858 7.668500 -1.841454
v -0.157293 8.368633 -1.839615
v -0.148881 8.983030 -1.815121
v -0.132548 9.527369 -1.799095
v -0.094526 10.185562 -1.894363
v 0.398273 8.379486 -1.869976
v 0.406893 9.000490 -1.827770
v 0.427386 9.565018 -1.792622
v 0.526013 10.240465 -1.879860
v 2.259047 10.204103 -0.870230
v 2.409185 10.173149 -0.458876
v 2.504700 10.081852 0.112192
v 2.501397 10.064503 0.567665
v 2.411568 10.055780 1.052256
v 2.230274 10.055283 1.558405
v 1.970063 10.130026 2.003370
v 1.533001 10.121759 2.340366
v 1.058640 10.115088 2.543093
v 0.484558 10.089052 2.659380
v -0.093212 10.061413 2.704000
v 2.222193 9.564737 -0.881346
v 2.415472 9.538715 -0.428005
v 2.528944 9.574099 0.053417
v 2.489382 9.618795 0.548147
v 2.359707 9.582706 1.041199
v 2.181823 9.532980 1.516361
v 1.882060 9.512833 1.904484
v 1.454821 9.519173 2.198410
v 0.974771 9.494513 2.459154
v 0.447963 9.481506 2.621773
v 2.197958 8.994167 -0.876907
v 2.442875 9.001253 -0.440765
v 2.546543 9.015245 0.047628
v 2.523106 9.024298 0.551687
v 2.408430 9.017689 1.042669
v 2.204382 9.002188 1.503431
v 1.901384 8.988091 1.920998
v 1.472064 8.974783 2.221323
v 0.990841 8.952103 2.461840
v 2.178510 8.369453 -0.854229
v 2.453112 8.377798 -0.439924
v 2.560744 8.389992 0.045914
v 2.555332 8.396114 0.550329
v 2.429953 8.393377 1.040668
v 2.210276 8.385683 1.485872
v 1.886647 8.374727 1.870993
v 1.468915 8.360321 2.182465
v 1.008391 8.338202 2.448128
v 2.157427 7.674043 -0.827730
v 2.396759 7.678869 -0.410610
v 2.527272 7.686996 0.051582
v 2.539896 7.687774 0.545092
v 2.421315 7.686612 1.027618
v 2.208011 7.680770 1.465315
v 1.885999 7.670698 1.840034
v 1.488127 7.655588 2.160875
v 2.235952 6.906420 -0.871721
v 2.436733 6.905437 -0.422249
v 2.493945 6.906971 0.062157
v 2.502642 6.908338 0.541960
v 2.403466 6.906752 1.008099
v 2.212334 6.901836 1.445168
v 1.910365 6.890319 1.824389
v 2.275605 6.052931 -0.869301
v 2.417529 6.060027 -0.398273
v 2.512960 6.064610 0.067814
v 2.513145 6.068043 0.540697
v 2.406249 6.067266 0.997288
v 2.231458 6.062974 1.426235
v 2.145981 5.185022 -0.783773
v 2.341650 5.190928 -0.364378
v 2.419771 5.198947 0.088406
v 2.467442 5.196033 0.531420
v 2.401762 5.196228 0.979624
v -1.653883 10.108873 2.128386
v -2.116089 8.854925 1.742088
v -2.073112 9.402304 1.694609
v -2.083239 10.073431 1.765749
v -2.314463 7.517790 1.216217
v -2.382525 8.243807 1.240692
v -2.422008 8.876495 1.238976
v -2.387968 9.433441 1.201050
v -2.394193 10.065649 1.265844
v -2.284159 6.780825 0.625832
v -2.467499 7.532851 0.669893
v -2.540478 8.265446 0.682095
v -2.560024 8.907717 0.675505
v -2.508224 9.497583 0.650185
v -2.541644 10.072899 0.657467
v -2.198278 5.275549 0.037237
v -2.204135 6.033287 0.087000
v -2.310554 6.793179 0.110956
v -2.503414 7.553526 0.117655
v -2.551944 8.289412 0.120752
v -2.538784 8.928547 0.115816
v -2.517027 9.500061 0.106730
v -2.561867 10.084093 0.137774
v -2.082996 5.270012 -0.409876
v -2.102191 6.036729 -0.380390
v -2.218784 6.807036 -0.387764
v -2.408986 7.581831 -0.420273
v -2.440552 8.310049 -0.422323
v -2.385782 8.940701 -0.411949
v -2.336269 9.517347 -0.418327
v -2.408378 10.106581 -0.426817
v -1.852678 5.265146 -0.808624
v -1.887150 6.039693 -0.808092
v -2.004661 6.820087 -0.848070
v -2.144781 7.605436 -0.894903
v -2.149079 8.319929 -0.895082
v -2.140640 8.946609 -0.891182
v -2.074815 9.504782 -0.864244
v -2.087647 10.123932 -0.860802
v -1.520105 5.260554 -1.156366
v -1.563061 6.043358 -1.181501
v -1.668816 6.835640 -1.247814
v -1.740109 7.627887 -1.275881
v -1.738288 8.331545 -1.272295
v -1.732072 8.944439 -1.260572
v -1.704817 9.495892 -1.246788
v -1.741790 10.115618 -1.249308
v -1.102324 5.253778 -1.444056
v -1.143571 6.044739 -1.484089
v -1.220644 6.853952 -1.556557
v -1.244326 7.645650 -1.552338
v -1.234304 8.342922 -1.513540
v -1.232602 8.944866 -1.512331
v -1.220242 9.479887 -1.497879
v -1.248077 10.191608 -1.525509
v 0.421158 5.186539 -1.788380
v 0.423959 6.042101 -1.897772
v 0.403798 6.892264 -1.870100
v 0.397857 7.673825 -1.861202
v 0.907606 5.192789 -1.612350
v 0.947495 6.047757 -1.750477
v 0.941515 6.893790 -1.761114
v 0.935336 7.676159 -1.745756
v 0.930938 8.379728 -1.725813
v 0.937314 9.006319 -1.713810
v 0.948998 9.571739 -1.677975
v 1.040150 10.234417 -1.763109
v 1.387657 5.188241 -1.416824
v 1.440845 6.049211 -1.523687
v 1.445933 6.895263 -1.542759
v 1.432568 7.674551 -1.530676
v 1.403212 8.371994 -1.493025
v 1.424761 8.997009 -1.506367
v 1.449063 9.549162 -1.512035
v 1.544923 10.196833 -1.591454
v 1.835277 5.180776 -1.157379
v 1.902559 6.046311 -1.255974
v 1.915500 6.900759 -1.264168
v 1.872866 7.677398 -1.231178
v 1.834800 8.367538 -1.214272
v 1.884763 8.990562 -1.295938
v 1.899920 9.548088 -1.280533
v 1.934283 10.198935 -1.321886
v 2.256052 5.190006 1.400682
v 1.976646 5.177600 1.761539
v 1.937957 6.048964 1.796530
v 1.555054 6.025140 2.097179
v 1.516701 6.870558 2.133539
v 1.074875 6.842783 2.388603
v 1.046294 7.634952 2.428766
v 0.490666 8.313437 2.592928
v 0.466460 8.931057 2.616467
v -0.108511 9.480051 2.648350
v 1.589351 5.167449 2.036089
v 1.150424 5.200494 2.261473
v 1.110425 6.010927 2.320890
v 0.644699 5.249216 2.391874
v 0.607720 6.019519 2.445208
v 0.573390 6.817330 2.536041
v 0.524543 7.613458 2.549530
v 0.107513 5.270707 2.414347
v 0.076263 6.019759 2.461636
v 0.035100 6.795526 2.547148
v -0.015601 7.587159 2.591227
v -0.055490 8.290216 2.615383
v -0.091414 8.914875 2.659834
v -0.440451 5.281644 2.333744
v -0.461857 6.018587 2.369125
v -0.503979 6.775022 2.447088
v -0.562747 7.557289 2.520939
v -0.604817 8.269411 2.529610
v -0.644419 8.901892 2.575153
v -0.670170 9.484512 2.554817
v -0.676776 10.032127 2.625237
v -0.980453 5.291370 2.175720
v -0.982011 6.016434 2.191813
v -1.023298 6.753428 2.261223
v -1.092616 7.532155 2.331667
v -1.140386 8.248512 2.357737
v -1.177462 8.885963 2.370106
v -1.210382 9.475609 2.360966
v -1.184598 10.044046 2.442188
v -1.467486 5.302566 1.923376
v -1.452539 6.018179 1.926722
v -1.504792 6.744027 1.987083
v -1.603377 7.514807 2.078152
v -1.648455 8.232010 2.100346
v -1.687171 8.862349 2.118160
v -1.697659 9.422014 2.101196
v -1.827293 5.300032 1.524057
v -1.811721 6.023769 1.540485
v -1.886310 6.755782 1.607660
v -2.037447 7.508633 1.727911
v -2.081963 8.230446 1.748281
v -2.066067 5.291420 1.032000
v -2.055854 6.027998 1.074610
v -2.143460 6.769124 1.135525
v -2.191863 5.282775 0.523357
v -2.187230 6.030705 0.578970
v -0.629170 4.527118 -1.673885
v -0.675682 3.687320 -1.744591
v -0.706684 2.850904 -1.775974
v -0.710505 2.066889 -1.739834
v -0.706608 1.370471 -1.711914
v -0.794315 0.765874 -1.668232
v -0.111377 4.539704 -1.799534
v -0.137998 3.680294 -1.880411
v -0.152143 2.838256 -1.873859
v -0.156858 2.056822 -1.841454
v -0.157293 1.356688 -1.839615
v -0.246549 0.742291 -1.806746
v 0.398273 1.345836 -1.869976
v 0.308136 0.724832 -1.843746
v 2.139161 0.731154 -0.972309
v 2.402962 0.724069 -0.547323
v 2.527940 0.710076 -0.063944
v 2.526620 0.701025 0.440659
v 2.433577 0.707634 0.936195
v 2.249924 0.723134 1.405460
v 1.965522 0.737232 1.835907
v 1.549779 0.750539 2.154762
v 1.079562 0.773220 2.416143
v 2.178510 1.355869 -0.854229
v 2.453112 1.347524 -0.439924
v 2.560744 1.335331 0.045914
v 2.555332 1.329207 0.550329
v 2.429953 1.331945 1.040668
v 2.210276 1.339639 1.485872
v 1.886647 1.350595 1.870993
v 1.468915 1.365002 2.182465
v 1.008391 1.387121 2.448128
v 2.157427 2.051279 -0.827730
v 2.396759 2.046453 -0.410610
v 2.527272 2.038326 0.051582
v 2.539896 2.037548 0.545092
v 2.421315 2.038711 1.027618
v 2.208011 2.044552 1.465315
v 1.885999 2.054625 1.840034
v 1.488127 2.069735 2.160875
v 2.235952 2.818902 -0.871721
v 2.436733 2.819886 -0.422249
v 2.493945 2.818351 0.062157
v 2.502642 2.816985 0.541960
v 2.403466 2.818571 1.008099
v 2.212334 2.823486 1.445168
v 1.910365 2.835003 1.824389
v 2.275605 3.672391 -0.869301
v 2.417529 3.665296 -0.398273
v 2.512960 3.660713 0.067814
v 2.513145 3.657279 0.540697
v 2.406249 3.658056 0.997288
v 2.231458 3.662348 1.426235
v 2.145981 4.540300 -0.783773
v 2.341650 4.534394 -0.364378
v 2.419771 4.526375 0.088406
v 2.467442 4.529289 0.531420
v 2.401762 4.529094 0.979624
v -2.018381 0.820805 1.734671
v -2.236551 2.248560 1.185827
v -2.259605 1.519902 1.218718
v -2.308120 0.819138 1.273788
v -2.475313 2.994562 0.538368
v -2.433237 2.221840 0.665154
v -2.457770 1.493596 0.701729
v -2.491665 0.806664 0.760633
v -2.299340 4.519156 -0.052565
v -2.468877 3.763021 -0.144556
v -2.500704 2.972214 -0.023649
v -2.492966 2.187750 0.113756
v -2.521842 1.453829 0.140240
v -2.539159 0.794143 0.224691
v -2.163777 4.506104 -0.485016
v -2.312736 3.740435 -0.584549
v -2.357106 2.948454 -0.503258
v -2.379911 2.160551 -0.411821
v -2.423014 1.423820 -0.408867
v -2.419340 0.784269 -0.306627
v -1.904348 4.498039 -0.854471
v -2.027774 3.725152 -0.939816
v -2.091313 2.922123 -0.910551
v -2.129682 2.129676 -0.884468
v -2.147435 1.407079 -0.891367
v -2.195883 0.778706 -0.796379
v -1.544587 4.496444 -1.176708
v -1.638412 3.715947 -1.244537
v -1.718649 2.894101 -1.283203
v -1.739264 2.099599 -1.273405
v -1.738285 1.393788 -1.272270
v -1.803909 0.780883 -1.183329
v -1.108341 4.506166 -1.453035
v -1.177256 3.701229 -1.521091
v -1.240538 2.868736 -1.581478
v -1.244504 2.079713 -1.552248
v -1.234304 1.382399 -1.513540
v -1.315955 0.780455 -1.456741
v 0.421158 4.538783 -1.788380
v 0.423959 3.683221 -1.897772
v 0.403798 2.833058 -1.870100
v 0.397857 2.051497 -1.861202
v 0.907606 4.532533 -1.612350
v 0.947495 3.677565 -1.750477
v 0.941515 2.831532 -1.761114
v 0.935336 2.049163 -1.745756
v 0.930938 1.345594 -1.725813
v 0.843043 0.719004 -1.753145
v 1.387657 4.537082 -1.416824
v 1.440845 3.676112 -1.523687
v 1.445933 2.830060 -1.542759
v 1.432568 2.050772 -1.530676
v 1.403212 1.353329 -1.493025
v 1.339115 0.728312 -1.567270
v 1.835277 4.544546 -1.157379
v 1.902559 3.679011 -1.255974
v 1.915500 2.824564 -1.264168
v 1.872866 2.047924 -1.231178
v 1.834800 1.357783 -1.214272
v 1.807899 0.734760 -1.377209
v 2.256052 4.535316 1.400682
v 1.976658 4.547741 1.761543
v 1.938034 3.676319 1.796604
v 1.558822 3.699143 2.103008
v 1.516870 2.854449 2.133808
v 1.078348 2.878429 2.396963
v 1.046295 2.090369 2.428768
v 0.490666 1.411885 2.592928
v 0.562464 0.794265 2.593609
v 1.591963 4.567933 2.035519
v 1.167924 4.579604 2.263762
v 1.140554 3.731348 2.375107
v 0.669171 4.570106 2.410254
v 0.662458 3.773197 2.591789
v 0.597158 2.903333 2.624317
v 0.524567 2.111163 2.549854
v 0.128258 4.561221 2.451548
v 0.111864 3.811040 2.669527
v 0.033332 2.934249 2.714092
v -0.015670 2.136259 2.593676
v -0.055490 1.435105 2.615383
v 0.007026 0.810448 2.661388
v -0.430308 4.559381 2.359621
v -0.452908 3.819962 2.482594
v -0.532502 2.969719 2.585253
v -0.563264 2.167645 2.523809
v -0.603781 1.456626 2.529379
v -0.549159 0.823430 2.601030
v -0.988754 4.568222 2.196192
v -0.986828 3.821315 2.249233
v -1.056578 2.997892 2.342407
v -1.083120 2.210649 2.322144
v -1.115017 1.491278 2.346029
v -1.096539 0.835433 2.414902
v -1.489188 4.576314 1.920254
v -1.476017 3.820080 1.934731
v -1.515589 3.017136 2.010845
v -1.541416 2.246394 2.023321
v -1.571287 1.521482 2.057899
v -1.614567 0.831589 2.136204
v -1.894647 4.575185 1.511322
v -1.912787 3.820341 1.507336
v -1.915257 3.024235 1.608898
v -1.930651 2.258428 1.640486
v -1.956625 1.529377 1.672859
v -2.164602 4.557423 0.982718
v -2.275892 3.811124 0.945801
v -2.257524 3.014946 1.114973
v -2.300215 4.536228 0.438910
v -2.470013 3.787796 0.360022
v 1.033654 0.011959 -1.656279
v 1.139838 0.035122 -2.116568
v 1.293765 0.057794 -2.622551
v 1.487367 0.091562 -3.188068
v 1.994980 0.144643 -3.719007
v 2.719282 0.195592 -4.253361
v 0.419842 0.024506 -1.793694
v 0.496374 0.027734 -2.335670
v 0.573837 0.053485 -2.866510
v 0.661690 0.090939 -3.468657
v 1.069409 0.142977 -4.118181
v 1.704449 0.204367 -4.867056
v -0.227909 0.000000 -1.822348
v -0.155702 0.028856 -2.412233
v -0.166281 0.050137 -2.939243
v -0.188158 0.082735 -3.546858
v 0.092662 0.138230 -4.273832
v 0.545937 0.195498 -5.084839
v -0.784036 0.017619 -2.337685
v -0.889941 0.042387 -2.838076
v -1.023152 0.071081 -3.420225
v -0.888782 0.125782 -4.182060
v -0.622590 0.181359 -5.072151
v -1.748645 0.180164 -4.755106
v 1.518752 0.131608 4.002267
v 1.766840 0.159993 4.593249
v 2.102928 0.158889 5.348557
v -4.664617 0.187214 -2.298115
v -5.181870 0.187170 -1.069164
v -5.276619 0.169708 0.024681
v -5.164182 0.140890 1.143253
v -4.824918 0.144108 2.254776
v -4.263903 0.173926 3.278568
v -3.527591 0.167796 4.197376
v -2.583218 0.183103 4.908159
v -1.497128 0.166453 5.361897
v -0.299787 0.178274 5.659264
v -4.134569 0.152605 -1.741373
v -4.453505 0.163637 -0.852262
v -4.562228 0.161181 0.092123
v -4.470377 0.120217 1.049129
v -4.179913 0.116497 1.994040
v -3.698869 0.157969 2.872635
v -3.057615 0.177368 3.661858
v -2.221033 0.173645 4.244872
v -1.304069 0.159715 4.699965
v -0.288510 0.163230 4.953168
v -3.564171 0.093257 -1.429121
v -3.848741 0.121017 -0.671709
v -3.946671 0.116849 0.138485
v -3.877437 0.088207 0.963713
v -3.629068 0.091108 1.774593
v -3.204857 0.152538 2.521633
v -2.645361 0.135361 3.186430
v -1.942280 0.143187 3.720589
v -1.139329 0.134367 4.119309
v -0.255170 0.142745 4.308748
v 0.649635 0.135548 4.267638
v -3.084610 0.059528 -1.164236
v -3.336851 0.075078 -0.520262
v -3.422977 0.065624 0.172979
v -3.362324 0.055097 0.887276
v -3.147605 0.077990 1.584187
v -2.791773 0.110932 2.225391
v -2.299587 0.109338 2.783319
v -1.682961 0.110484 3.230860
v -0.980446 0.106990 3.561140
v -0.218602 0.111913 3.719566
v 0.561319 0.104546 3.693769
v -2.330055 0.013426 -1.415369
v -2.675527 0.044201 -0.931515
v -2.900610 0.073642 -0.388315
v -2.965439 0.049494 0.201992
v -2.922309 0.047398 0.825197
v -2.750660 0.070583 1.431980
v -2.453130 0.091271 1.982182
v -2.017571 0.092540 2.442822
v -1.470451 0.085136 2.825947
v -0.849115 0.091290 3.091381
v -0.184628 0.092091 3.223324
v 0.497338 0.081687 3.215193
v -1.976997 0.015876 -1.169031
v -2.257147 0.030045 -0.756281
v -2.424387 0.070793 -0.201963
v -2.479087 0.078757 0.250235
v -2.455864 0.089549 0.743780
v -2.344545 0.101523 1.271229
v -2.134934 0.067392 1.745558
v -1.743881 0.057099 2.132589
v -1.298641 0.055960 2.392851
v -0.743967 0.067580 2.581081
v -0.176536 0.079917 2.698689
v 1.311896 0.102724 3.478792
v 1.444583 0.058733 2.325865
v 1.755032 0.075630 2.731546
v 1.986911 0.097653 3.079508
v 2.299013 0.126039 3.524361
v 2.671615 0.151197 4.028578
v 3.134922 0.159534 4.607565
v 1.916503 0.074552 2.020672
v 2.251576 0.074815 2.268726
v 2.554699 0.084516 2.539244
v 2.951307 0.114627 2.884005
v 3.435150 0.142418 3.290155
v 4.020248 0.160209 3.757166
v 2.263401 0.087121 1.519836
v 2.626231 0.073069 1.696617
v 2.983003 0.081808 1.884577
v 3.432641 0.103253 2.112473
v 3.984043 0.131846 2.388323
v 4.668108 0.152598 2.735554
v 2.511900 0.074790 0.979553
v 2.860292 0.066382 1.064587
v 3.244735 0.074371 1.153067
v 3.723259 0.096693 1.253996
v 4.321525 0.127104 1.381132
v 5.020687 0.147172 1.542711
v 2.541822 0.070171 0.467520
v 2.929845 0.064248 0.402552
v 3.322850 0.072574 0.383780
v 3.813666 0.099527 0.353735
v 4.422398 0.134378 0.316584
v 5.117044 0.155384 0.534021
v 2.517365 0.059757 -0.112873
v 2.838798 0.073738 -0.252979
v 3.222248 0.075939 -0.375090
v 3.704144 0.100620 -0.538101
v 4.304906 0.141164 -0.740248
v 5.083570 0.169596 -0.701191
v 2.254326 0.052012 -0.584066
v 2.597183 0.058182 -0.842810
v 2.942418 0.075609 -1.076633
v 3.391451 0.104120 -1.370564
v 4.086239 0.144671 -1.466248
v 4.984230 0.177505 -1.426601
v 1.960590 0.055724 -1.013338
v 2.218023 0.053684 -1.366049
v 2.512751 0.071042 -1.702971
v 2.901162 0.099410 -2.115728
v 3.564607 0.146349 -2.359121
v 4.441569 0.190449 -2.489876
v 1.505937 0.021807 -1.349983
v 1.723523 0.042866 -1.776539
v 1.954159 0.061042 -2.227579
v 2.248060 0.100251 -2.727673
v 2.836164 0.147396 -3.112558
v 3.610312 0.183877 -3.435711
v 0.912801 0.172760 5.743214
v 0.765363 0.163489 4.940371
v -0.637802 0.002391 -1.766975
v -1.150191 0.024454 -1.621359
v -1.378328 0.011627 -2.129292
v -1.565201 0.036525 -2.583841
v -1.806596 0.073008 -3.115740
v -1.826811 0.126320 -3.878109
v -1.548134 0.001294 -1.446795
v -1.885433 0.011598 -1.818619
v -2.164618 0.037649 -2.207262
v -2.509062 0.066081 -2.671711
v -2.683362 0.129236 -3.410637
v -2.787823 0.182435 -4.268555
v -2.680925 0.038673 -1.729534
v -3.098927 0.089140 -2.099117
v -3.417088 0.146866 -2.785734
v -3.720678 0.194559 -3.585529
v 0.412305 0.092988 2.694647
v 0.939256 0.087667 2.577551
v 1.158058 0.079106 3.057657
v -0.787621 10.161776 -2.239412
v -0.876065 10.110977 -2.760843
v -0.996306 10.035320 -3.346365
v -1.146428 9.916393 -4.014870
v -1.349877 9.802242 -4.838127
v -1.524707 9.777994 -5.701275
v -1.524778 8.525858 -5.624060
v -1.500664 7.546949 -5.612272
v -1.475747 6.460786 -5.591953
v -1.459251 5.287806 -5.578671
v -1.456116 4.084121 -5.586006
v -1.454775 2.924995 -5.588272
v -1.456783 1.875078 -5.590925
v -1.463733 0.960163 -5.594305
v -1.469795 0.185886 -5.591650
v -0.121546 10.178328 -2.375053
v -0.130990 10.120632 -2.911432
v -0.141688 10.036718 -3.519859
v -0.161198 9.920126 -4.227806
v -0.205642 9.782581 -5.149958
v -0.178910 9.799900 -6.064383
v -0.204563 8.549101 -6.062843
v -0.167488 7.560728 -6.058807
v -0.133806 6.467508 -6.040691
v -0.114690 5.289355 -6.007915
v -0.108960 4.084386 -5.994373
v -0.105974 2.925897 -5.983976
v -0.117368 1.873495 -6.009666
v -0.123657 0.952731 -5.993793
v -0.140694 0.135620 -5.955198
v 0.534973 10.175814 -2.368214
v 0.612373 10.128134 -2.889616
v 0.711212 10.055099 -3.489536
v 0.827222 9.930761 -4.191925
v 0.968176 9.802452 -5.041647
v 1.219953 9.768463 -6.190659
v 1.202561 8.594271 -6.154152
v 1.229192 7.582162 -6.149910
v 1.260071 6.475484 -6.130033
v 1.274147 5.294412 -6.094213
v 1.273778 4.085809 -6.070480
v 1.277198 2.929554 -6.045029
v 1.271230 1.873938 -6.040897
v 1.268394 0.936880 -6.019625
v 1.265296 0.105205 -6.005287
v 1.148759 10.200991 -2.214499
v 1.317333 10.145496 -2.697395
v 1.523373 10.081209 -3.257923
v 1.772475 9.958652 -3.912363
v 2.088414 9.834131 -4.708958
v 2.576150 9.733330 -5.802208
v 2.577732 8.623880 -5.805313
v 2.590871 7.599822 -5.806398
v 2.605212 6.488734 -5.792398
v 2.602142 5.303914 -5.732105
v 2.593886 4.097691 -5.689579
v 2.598153 2.942952 -5.680880
v 2.602984 1.890543 -5.668690
v 2.616547 0.964171 -5.664135
v 2.639945 0.144173 -5.644709
v 3.084334 9.836805 -4.095230
v 3.710276 9.738432 -5.024544
v 3.767607 8.630922 -5.053303
v 3.767465 7.611823 -5.063843
v 3.763380 6.504148 -5.050528
v 3.780658 5.321023 -5.036343
v 3.776729 4.113060 -5.013161
v 3.765848 2.964705 -4.987438
v 3.777143 1.920600 -4.989788
v 3.789068 1.020449 -4.970585
v 3.820973 0.245111 -4.953846
v 4.702229 6.506260 -4.078060
v 4.690950 5.334140 -4.057358
v 4.704178 4.134669 -4.055687
v 4.696622 2.989514 -4.038206
v 4.698834 1.961929 -4.021351
v 4.727311 1.077242 -4.017080
v 4.766217 0.312688 -4.010822
v 5.426279 1.991403 -2.916306
v 5.447375 1.109344 -2.909481
v 5.464530 0.369167 -2.891596
v -1.940278 9.945599 3.781805
v -2.261386 9.882002 4.336512
v -2.690644 9.884474 5.043041
v -3.008985 9.858940 5.548553
v -3.014118 8.381798 5.527980
v -3.042276 7.463240 5.538124
v -3.059053 6.425951 5.520454
v -3.076194 5.287709 5.507349
v -3.098809 4.118335 5.486702
v -3.133381 2.980376 5.489271
v -3.150077 1.951460 5.475172
v -3.164158 1.028050 5.484445
v -3.145254 0.162940 5.454483
v -4.196986 9.886177 4.623806
v -4.166367 8.419252 4.691025
v -4.177062 7.487783 4.682522
v -4.195073 6.443350 4.666174
v -4.196508 5.295868 4.639517
v -4.224950 4.123046 4.632150
v -4.263510 2.985258 4.638710
v -4.273179 1.941290 4.621305
v -4.301414 1.000143 4.635061
v -4.292087 0.075573 4.610138
v -5.063804 6.460485 3.537661
v -5.096312 5.305275 3.534662
v -5.119118 4.124542 3.522327
v -5.141331 2.983487 3.514948
v -5.167544 1.934839 3.518957
v -5.188667 0.981957 3.530275
v -5.162491 0.108328 3.448660
v -5.806630 2.980408 2.241823
v -5.830769 1.929264 2.241467
v -5.853534 0.970022 2.252064
v -5.813496 0.074455 2.262501
v -6.145951 0.074833 0.822618
v 6.296065 0.298508 -0.463877
v 6.414713 0.226187 0.857834
v 6.154323 0.228180 2.099422
v 5.618698 0.237978 3.259022
v 6.310055 1.112878 -0.459465
v 6.412823 1.096610 0.845110
v 6.174140 1.085454 2.131645
v 5.599358 1.067114 3.321493
v 6.287047 2.018316 -0.455227
v 6.391417 2.018556 0.842197
v 6.129080 2.010840 2.137796
v 5.578804 1.993658 3.344929
v 4.712081 1.970449 4.386218
v 6.248312 3.047626 -0.449545
v 6.375574 3.051042 0.846657
v 6.100722 3.040550 2.144054
v 5.543205 3.026245 3.349478
v 4.701802 3.004816 4.404631
v 6.243445 4.177534 -0.454754
v 6.324142 4.183766 0.852192
v 6.067207 4.175751 2.144613
v 5.527217 4.155905 3.351948
v 4.692136 4.141178 4.403254
v 3.576466 4.124353 5.191401
v 6.241972 5.362265 -0.458183
v 6.318270 5.366532 0.852411
v 6.020448 5.358664 2.134903
v 5.491498 5.345374 3.348246
v 4.680905 5.326758 4.410196
v 3.563863 5.305587 5.188132
v 5.923929 6.510320 -1.738134
v 6.219103 6.519608 -0.460268
v 6.290802 6.525376 0.849802
v 6.029058 6.520062 2.139057
v 5.463101 6.506518 3.338097
v 4.649843 6.485134 4.412148
v 3.558320 6.460711 5.199217
v 2.329749 6.437034 5.797638
v 5.905456 7.581069 -1.735317
v 6.175299 7.588418 -0.461098
v 6.256595 7.600625 0.830996
v 5.981009 7.599000 2.112194
v 5.433037 7.589257 3.327667
v 4.623414 7.568107 4.407843
v 3.532640 7.534819 5.187659
v 2.315498 7.495183 5.784731
v 5.887323 8.556177 -1.734013
v 6.183415 8.569099 -0.468596
v 6.256509 8.591917 0.808226
v 5.995474 8.625721 2.091705
v 5.438507 8.616308 3.334379
v 4.585416 8.579763 4.402693
v 3.508729 8.523075 5.194730
v 2.305514 8.446625 5.789465
v 1.020272 8.381947 6.228828
v 5.761009 9.786657 -1.696060
v 6.137182 9.745258 -0.375624
v 6.257278 9.676975 0.793272
v 6.111631 9.686577 2.107203
v 5.487113 9.728155 3.266222
v 4.500708 9.713799 4.428598
v 3.486595 9.759180 5.385702
v 2.296483 9.840954 5.939809
v 1.060941 9.883678 6.324232
v 5.148187 9.820972 -1.481091
v 5.349965 9.821112 -0.397919
v 5.305079 9.860235 0.699102
v 5.051545 9.924803 1.794352
v 4.573915 9.917591 2.853806
v 3.887464 9.850784 3.798092
v 3.040463 9.864519 4.615990
v 2.013496 9.830223 5.201130
v 0.878590 9.867527 5.513313
v -0.346815 9.841043 5.656267
v 4.396477 9.898554 -1.197649
v 4.599957 9.873837 -0.275242
v 4.587907 9.879339 0.675304
v 4.375304 9.971119 1.612907
v 3.967229 9.979456 2.513296
v 3.378537 9.886538 3.323713
v 2.642276 9.843075 4.025139
v 1.738448 9.851416 4.497229
v 0.771127 9.882626 4.832228
v -0.268359 9.874748 4.954453
v 3.791054 10.031523 -0.960337
v 3.977164 9.969328 -0.172926
v 3.971444 9.978664 0.643145
v 3.798005 10.042839 1.452904
v 3.448701 10.036339 2.225695
v 2.933083 9.898705 2.912832
v 2.293716 9.937189 3.501221
v 1.528510 9.919655 3.941797
v 0.681437 9.939415 4.235355
v -0.219618 9.920647 4.311014
v -1.111883 9.936771 4.155367
v 3.281744 10.107092 -0.758476
v 3.450189 10.072254 -0.087692
v 3.447609 10.093435 0.610874
v 3.296769 10.117029 1.311693
v 2.995548 10.065889 1.975813
v 2.561226 9.991789 2.566725
v 2.001916 9.995495 3.057474
v 1.333462 9.992928 3.423111
v 0.594701 10.000755 3.661533
v -0.181091 9.989727 3.721956
v -0.951426 10.006231 3.597355
v 2.565176 10.210386 -1.103373
v 2.846427 10.141436 -0.579575
v 3.000727 10.075472 -0.012196
v 2.990090 10.129574 0.581568
v 2.868725 10.134804 1.194450
v 2.623203 10.083614 1.775831
v 2.257833 10.034815 2.284088
v 1.765639 10.032980 2.684071
v 1.174077 10.049719 2.994495
v 0.524071 10.035931 3.178900
v -0.151790 10.034136 3.225418
v -0.827206 10.057446 3.130774
v -1.668638 10.010313 3.288830
v -2.013323 10.071016 2.491371
v -2.287501 10.021673 2.807077
v -2.653554 9.958076 3.208710
v -3.087153 9.901709 3.661545
v -3.620215 9.883030 4.177028
v -2.447093 10.072844 1.969259
v -2.782106 10.051109 2.199104
v -3.219273 9.983644 2.490725
v -3.750765 9.921377 2.832163
v -4.390417 9.881517 3.221113
v -4.975605 9.831959 3.572124
v -5.021609 8.464636 3.571833
v -5.033329 7.519399 3.547077
v -2.746085 10.076754 1.354214
v -3.123832 10.057175 1.495359
v -3.598764 10.009127 1.664328
v -4.180725 9.945065 1.867943
v -4.903337 9.898571 2.125521
v -5.645087 9.813396 2.323036
v -5.652596 8.543655 2.309307
v -5.690467 7.559537 2.278416
v -5.729771 6.477346 2.264061
v -5.758444 5.312188 2.255093
v -5.781285 4.124391 2.247318
v -2.898013 10.091738 0.697582
v -3.290578 10.073837 0.736540
v -3.778043 10.023827 0.775902
v -4.387609 9.955690 0.826056
v -5.101627 9.910727 0.897568
v -6.003358 9.855570 0.924780
v -6.084471 8.626400 0.916666
v -6.138753 7.595998 0.888624
v -6.180185 6.490162 0.871592
v -6.186201 5.313003 0.863398
v -6.201441 4.124751 0.859600
v -6.228492 2.981995 0.848852
v -6.256876 1.923110 0.842230
v -6.278700 0.966545 0.840038
v -2.882956 10.096519 0.032074
v -3.270398 10.077864 -0.036438
v -3.753428 10.017475 -0.128555
v -4.352517 9.939390 -0.242683
v -5.060816 9.887609 -0.374994
v -6.192571 9.829401 -0.545858
v -6.228460 8.660238 -0.581228
v -6.209663 7.606080 -0.590523
v -6.236792 6.492757 -0.601744
v -6.217239 5.309010 -0.606216
v -6.221937 4.118020 -0.616299
v -6.238519 2.972091 -0.625319
v -6.268143 1.920450 -0.635891
v -6.281792 0.969571 -0.649723
v -6.221193 0.043605 -0.656061
v -2.709423 10.075256 -0.606592
v -3.074268 10.070326 -0.776396
v -3.531570 10.015028 -0.999268
v -4.101807 9.924189 -1.276049
v -4.824454 9.852324 -1.625412
v -5.737864 9.855412 -2.051163
v -5.846480 8.620636 -2.041372
v -5.884726 7.599053 -2.042099
v -5.908749 6.486763 -2.052759
v -5.873598 5.301361 -2.033657
v -5.875380 4.108655 -2.041798
v -5.881314 2.961061 -2.054977
v -5.894984 1.920613 -2.072384
v -5.941810 0.982831 -2.109558
v -5.795274 0.042579 -2.071924
v -2.394882 10.110109 -1.160976
v -2.707639 10.071064 -1.436735
v -3.115722 10.007185 -1.785297
v -3.633326 9.916328 -2.208319
v -4.303257 9.842764 -2.740961
v -4.959719 9.801025 -3.310564
v -5.050883 8.568888 -3.271015
v -5.073933 7.576992 -3.271835
v -5.104040 6.475509 -3.290625
v -5.117949 5.296557 -3.299055
v -5.111385 4.100337 -3.306273
v -5.117504 2.948695 -3.318542
v -5.105579 1.908611 -3.311623
v -5.130784 0.970110 -3.347036
v -5.070205 0.087406 -3.339926
v -1.952362 10.120188 -1.631847
v -2.201932 10.081297 -2.003458
v -2.534799 10.017738 -2.462189
v -2.949103 9.912571 -2.983662
v -3.489784 9.813765 -3.614630
v -4.008382 9.756676 -4.331413
v -4.010632 8.534878 -4.264500
v -4.027162 7.555506 -4.279545
v -4.027027 6.463576 -4.275690
v -3.991736 5.291797 -4.232079
v -4.004694 4.092360 -4.262249
v -3.990326 2.936259 -4.247265
v -3.984063 1.891364 -4.244476
v -3.994603 0.962537 -4.263754
v -3.940777 0.122989 -4.214184
v -1.409750 10.144424 -1.976238
v -1.581259 10.103701 -2.452908
v -1.809292 10.015854 -2.986267
v -2.088882 9.910225 -3.582262
v -2.430992 9.828489 -4.296211
v -2.847238 9.752562 -5.091509
v -2.817524 8.527363 -5.051929
v -2.792449 7.544324 -5.017839
v -2.775086 6.459444 -4.999672
v -2.762498 5.288385 -4.991890
v -2.762109 4.086373 -5.003939
v -2.755339 2.928217 -5.001009
v -2.753566 1.879768 -5.000465
v -2.759362 0.954778 -5.006977
v -2.760720 0.110382 -4.999668
v 4.686949 0.224509 4.339625
v 3.557947 0.220969 5.176624
v 2.276376 0.195665 5.773278
v 0.895177 0.185788 6.152730
v -0.475647 0.267982 6.220636
v -1.874813 0.256306 5.954369
v 4.715990 1.051342 4.368612
v 3.580175 1.039378 5.184473
v 2.295076 1.035828 5.758943
v 0.928767 1.039675 6.103188
v -0.466831 1.057358 6.214327
v -1.859598 1.061460 6.008726
v 3.584895 1.956216 5.187666
v 2.311489 1.948259 5.756310
v 0.950766 1.946750 6.109612
v -0.449800 1.950742 6.205671
v -1.838875 1.955206 5.993568
v 3.576092 2.988082 5.176708
v 2.319630 2.976438 5.761189
v 0.969394 2.970866 6.127825
v -0.429952 2.971542 6.233076
v -1.822642 2.975337 6.021888
v 2.329406 4.110029 5.784725
v 0.987436 4.102208 6.149322
v -0.410071 4.103429 6.252976
v -1.806713 4.110548 6.055462
v 2.337127 5.290074 5.801846
v 1.008632 5.280269 6.188091
v -0.393351 5.279993 6.260790
v -1.778321 5.283322 6.034449
v 1.015690 6.422862 6.200901
v -0.380229 6.415109 6.267227
v -1.767621 6.414711 6.066206
v 1.008982 7.466695 6.179308
v -0.368036 7.450501 6.284164
v -1.747314 7.451642 6.083883
v -0.358103 8.357685 6.337440
v -1.730442 8.364422 6.102661
v -0.449459 9.912115 6.345724
v -1.736670 9.920135 6.134385
v -1.560249 9.853397 5.585593
v -1.312080 9.874166 4.807966
v 1.711787 10.214417 -1.932344
v 1.954854 10.158630 -2.359493
v 2.261822 10.076893 -2.856440
v 2.634158 9.957445 -3.433004
v 2.175347 10.214481 -1.559805
v 2.501613 10.156115 -1.909861
v 2.902233 10.092413 -2.326820
v 3.384322 9.950912 -2.808933
v 3.950220 9.831720 -3.342329
v 4.747482 9.745827 -4.027277
v 4.686030 8.596489 -4.047077
v 4.679525 7.602425 -4.061449
v 2.953093 10.153818 -1.370449
v 3.414633 10.040747 -1.683977
v 3.983574 9.911413 -2.054111
v 4.659973 9.804556 -2.429642
v 5.391847 9.757402 -2.870157
v 5.385120 8.563200 -2.933329
v 5.388187 7.584474 -2.943213
v 5.400130 6.505987 -2.947094
v 5.416907 5.342017 -2.947487
v 5.415016 4.152150 -2.935949
v 5.415365 3.014682 -2.924095
v 5.926441 5.352334 -1.732431
v 5.921213 4.167064 -1.722574
v 5.927249 3.035355 -1.714102
v 5.957390 2.009364 -1.716949
v 5.972171 1.116078 -1.716471
v 5.980313 0.329179 -1.719774
v -1.462580 10.063229 2.890633
vt 0.904419 0.726936
vt 0.921213 0.726936
vt 0.921213 0.751241
vt 0.904419 0.751241
vt 0.887927 0.751241
vt 0.887927 0.726936
vt 0.921213 0.775498
vt 0.904419 0.775498
vt 0.887927 0.775498
vt 0.921213 0.798983
vt 0.904419 0.798983
vt 0.887927 0.798983
vt 0.921213 0.820227
vt 0.904419 0.820227
vt 0.887927 0.820227
vt 0.921213 0.838922
vt 0.904419 0.838922
vt 0.887927 0.838922
vt 0.921213 0.855668
vt 0.904419 0.855668
vt 0.887927 0.855668
vt 0.921213 0.874014
vt 0.904419 0.874014
vt 0.887927 0.874014
vt 0.937809 0.726936
vt 0.937809 0.751241
vt 0.937809 0.775498
vt 0.937809 0.798983
vt 0.937809 0.820227
vt 0.937809 0.838922
vt 0.937809 0.855668
vt 0.937809 0.874014
vt 0.954064 0.798983
vt 0.954064 0.820227
vt 0.954064 0.838922
vt 0.954064 0.855668
vt 0.954064 0.874014
vt 0.556806 0.874014
vt 0.541504 0.874014
vt 0.541504 0.855668
vt 0.556806 0.855668
vt 0.571387 0.855668
vt 0.571387 0.874014
vt 0.586036 0.855668
vt 0.586036 0.874014
vt 0.600616 0.855668
vt 0.600616 0.874014
vt 0.615211 0.855668
vt 0.615211 0.874014
vt 0.629805 0.855668
vt 0.629805 0.874014
vt 0.644568 0.855668
vt 0.644568 0.874014
vt 0.659783 0.855668
vt 0.659783 0.874014
vt 0.675308 0.855668
vt 0.675308 0.874014
vt 0.691338 0.855668
vt 0.691338 0.874014
vt 0.707846 0.855668
vt 0.707846 0.874014
vt 0.724695 0.855668
vt 0.724695 0.874014
vt 0.541504 0.838922
vt 0.556806 0.838922
vt 0.571387 0.838922
vt 0.586036 0.838922
vt 0.600616 0.838922
vt 0.615211 0.838922
vt 0.629805 0.838922
vt 0.644568 0.838922
vt 0.659783 0.838922
vt 0.675308 0.838922
vt 0.691338 0.838922
vt 0.707846 0.838922
vt 0.541504 0.820227
vt 0.556806 0.820227
vt 0.571387 0.820227
vt 0.586036 0.820227
vt 0.600616 0.820227
vt 0.615211 0.820227
vt 0.629805 0.820227
vt 0.644568 0.820227
vt 0.659783 0.820227
vt 0.675308 0.820227
vt 0.691338 0.820227
vt 0.541504 0.798983
vt 0.556806 0.798983
vt 0.571387 0.798983
vt 0.586036 0.798983
vt 0.600616 0.798983
vt 0.615211 0.798983
vt 0.629805 0.798983
vt 0.644568 0.798983
vt 0.659783 0.798983
vt 0.675308 0.798983
vt 0.691338 0.798983
vt 0.556806 0.775498
vt 0.571387 0.775498
vt 0.541504 0.775498
vt 0.586036 0.775498
vt 0.600616 0.775498
vt 0.615211 0.775498
vt 0.629805 0.775498
vt 0.644568 0.775498
vt 0.659783 0.775498
vt 0.675308 0.775498
vt 0.556806 0.751241
vt 0.571387 0.751241
vt 0.541504 0.751241
vt 0.586036 0.751241
vt 0.600616 0.751241
vt 0.615211 0.751241
vt 0.629805 0.751241
vt 0.644568 0.751241
vt 0.659783 0.751241
vt 0.556806 0.726936
vt 0.571387 0.726936
vt 0.541504 0.726936
vt 0.586036 0.726936
vt 0.600616 0.726936
vt 0.615211 0.726936
vt 0.629805 0.726936
vt 0.644568 0.726936
vt 0.758411 0.874014
vt 0.758411 0.855668
vt 0.775121 0.855668
vt 0.775121 0.874014
vt 0.741640 0.874014
vt 0.741640 0.855668
vt 0.775121 0.838922
vt 0.775121 0.820227
vt 0.792265 0.820227
vt 0.792265 0.838922
vt 0.758411 0.838922
vt 0.758411 0.820227
vt 0.792265 0.855668
vt 0.792265 0.874014
vt 0.792265 0.798983
vt 0.792265 0.775498
vt 0.809120 0.775498
vt 0.809120 0.798983
vt 0.775121 0.798983
vt 0.775121 0.775498
vt 0.809120 0.820227
vt 0.809120 0.838922
vt 0.809120 0.855668
vt 0.809120 0.874014
vt 0.825027 0.775498
vt 0.825027 0.798983
vt 0.809120 0.751241
vt 0.825027 0.751241
vt 0.792265 0.751241
vt 0.825027 0.820227
vt 0.825027 0.838922
vt 0.825027 0.855668
vt 0.825027 0.874014
vt 0.825027 0.726936
vt 0.809120 0.726936
vt 0.840498 0.726936
vt 0.840498 0.751241
vt 0.840498 0.775498
vt 0.840498 0.798983
vt 0.840498 0.820227
vt 0.840498 0.838922
vt 0.840498 0.855668
vt 0.840498 0.874014
vt 0.855857 0.726936
vt 0.855857 0.751241
vt 0.855857 0.775498
vt 0.855857 0.798983
vt 0.855857 0.820227
vt 0.855857 0.838922
vt 0.855857 0.855668
vt 0.855857 0.874014
vt 0.871542 0.726936
vt 0.871542 0.751241
vt 0.871542 0.775498
vt 0.871542 0.798983
vt 0.871542 0.820227
vt 0.871542 0.838922
vt 0.871542 0.855668
vt 0.871542 0.874014
vt 0.954064 0.726936
vt 0.954064 0.751241
vt 0.954064 0.775498
vt 0.970193 0.726936
vt 0.970193 0.751241
vt 0.970193 0.775498
vt 0.970193 0.798983
vt 0.970193 0.820227
vt 0.970193 0.838922
vt 0.970193 0.855668
vt 0.970193 0.874014
vt 0.985824 0.726936
vt 0.985824 0.751241
vt 0.985824 0.775498
vt 0.985824 0.798983
vt 0.985824 0.820227
vt 0.985824 0.838922
vt 0.985824 0.855668
vt 0.985824 0.874014
vt 0.659783 0.726936
vt 0.675308 0.751241
vt 0.675308 0.726936
vt 0.691338 0.751241
vt 0.691338 0.775498
vt 0.707846 0.798983
vt 0.707846 0.820227
vt 0.724695 0.838922
vt 0.691338 0.726936
vt 0.707846 0.726936
vt 0.707846 0.751241
vt 0.707846 0.775498
vt 0.724695 0.726936
vt 0.724695 0.751241
vt 0.724695 0.775498
vt 0.724695 0.798983
vt 0.724695 0.820227
vt 0.741640 0.726936
vt 0.741640 0.751241
vt 0.741640 0.775498
vt 0.741640 0.798983
vt 0.741640 0.820227
vt 0.741640 0.838922
vt 0.758411 0.726936
vt 0.758411 0.751241
vt 0.758411 0.775498
vt 0.758411 0.798983
vt 0.775121 0.726936
vt 0.775121 0.751241
vt 0.792265 0.726936
vt 0.904419 0.706209
vt 0.904419 0.681495
vt 0.921213 0.681495
vt 0.921213 0.706209
vt 0.887927 0.706209
vt 0.887927 0.681495
vt 0.904419 0.656435
vt 0.921213 0.656435
vt 0.887927 0.656435
vt 0.904419 0.632940
vt 0.921213 0.632940
vt 0.887927 0.632940
vt 0.904419 0.611671
vt 0.921213 0.611671
vt 0.887927 0.611671
vt 0.904419 0.592457
vt 0.921213 0.592457
vt 0.887927 0.592457
vt 0.937809 0.681495
vt 0.937809 0.706209
vt 0.937809 0.656435
vt 0.937809 0.632940
vt 0.937809 0.611671
vt 0.937809 0.592457
vt 0.954064 0.611671
vt 0.954064 0.632940
vt 0.954064 0.592457
vt 0.556806 0.592457
vt 0.556806 0.611671
vt 0.541504 0.611671
vt 0.541504 0.592457
vt 0.571387 0.592457
vt 0.571387 0.611671
vt 0.586036 0.592457
vt 0.586036 0.611671
vt 0.600616 0.592457
vt 0.600616 0.611671
vt 0.615211 0.592457
vt 0.615211 0.611671
vt 0.629805 0.592457
vt 0.629805 0.611671
vt 0.644568 0.592457
vt 0.644568 0.611671
vt 0.659783 0.592457
vt 0.659783 0.611671
vt 0.675308 0.592457
vt 0.675308 0.611671
vt 0.691338 0.592457
vt 0.691338 0.611671
vt 0.556806 0.632940
vt 0.541504 0.632940
vt 0.571387 0.632940
vt 0.586036 0.632940
vt 0.600616 0.632940
vt 0.615211 0.632940
vt 0.629805 0.632940
vt 0.644568 0.632940
vt 0.659783 0.632940
vt 0.675308 0.632940
vt 0.691338 0.632940
vt 0.571387 0.656435
vt 0.556806 0.656435
vt 0.541504 0.656435
vt 0.586036 0.656435
vt 0.600616 0.656435
vt 0.615211 0.656435
vt 0.629805 0.656435
vt 0.644568 0.656435
vt 0.659783 0.656435
vt 0.675308 0.656435
vt 0.571387 0.681495
vt 0.556806 0.681495
vt 0.541504 0.681495
vt 0.586036 0.681495
vt 0.600616 0.681495
vt 0.615211 0.681495
vt 0.629805 0.681495
vt 0.644568 0.681495
vt 0.659783 0.681495
vt 0.571387 0.706209
vt 0.556806 0.706209
vt 0.541504 0.706209
vt 0.586036 0.706209
vt 0.600616 0.706209
vt 0.615211 0.706209
vt 0.629805 0.706209
vt 0.644568 0.706209
vt 0.775121 0.592457
vt 0.792265 0.592457
vt 0.792265 0.611671
vt 0.775121 0.611671
vt 0.758411 0.611671
vt 0.758411 0.592457
vt 0.792265 0.632940
vt 0.809120 0.632940
vt 0.809120 0.656435
vt 0.792265 0.656435
vt 0.775121 0.656435
vt 0.775121 0.632940
vt 0.809120 0.611671
vt 0.809120 0.592457
vt 0.825027 0.632940
vt 0.825027 0.656435
vt 0.825027 0.681495
vt 0.809120 0.681495
vt 0.792265 0.681495
vt 0.825027 0.611671
vt 0.825027 0.592457
vt 0.825027 0.706209
vt 0.809120 0.706209
vt 0.840498 0.681495
vt 0.840498 0.706209
vt 0.840498 0.656435
vt 0.840498 0.632940
vt 0.840498 0.611671
vt 0.840498 0.592457
vt 0.855857 0.681495
vt 0.855857 0.706209
vt 0.855857 0.656435
vt 0.855857 0.632940
vt 0.855857 0.611671
vt 0.855857 0.592457
vt 0.871542 0.681495
vt 0.871542 0.706209
vt 0.871542 0.656435
vt 0.871542 0.632940
vt 0.871542 0.611671
vt 0.871542 0.592457
vt 0.954064 0.681495
vt 0.954064 0.706209
vt 0.954064 0.656435
vt 0.970193 0.681495
vt 0.970193 0.706209
vt 0.970193 0.656435
vt 0.970193 0.632940
vt 0.970193 0.611671
vt 0.970193 0.592457
vt 0.985824 0.681495
vt 0.985824 0.706209
vt 0.985824 0.656435
vt 0.985824 0.632940
vt 0.985824 0.611671
vt 0.985824 0.592457
vt 0.659783 0.706209
vt 0.675308 0.681495
vt 0.675308 0.706209
vt 0.691338 0.656435
vt 0.691338 0.681495
vt 0.707846 0.611671
vt 0.707846 0.632940
vt 0.707846 0.592457
vt 0.691338 0.706209
vt 0.707846 0.681495
vt 0.707846 0.706209
vt 0.707846 0.656435
vt 0.724695 0.681495
vt 0.724695 0.706209
vt 0.724695 0.656435
vt 0.724695 0.632940
vt 0.724695 0.611671
vt 0.724695 0.592457
vt 0.741640 0.681495
vt 0.741640 0.706209
vt 0.741640 0.656435
vt 0.741640 0.632940
vt 0.741640 0.611671
vt 0.741640 0.592457
vt 0.758411 0.681495
vt 0.758411 0.706209
vt 0.758411 0.656435
vt 0.758411 0.632940
vt 0.775121 0.681495
vt 0.775121 0.706209
vt 0.792265 0.706209
vt 0.316584 0.441570
vt 0.345097 0.441570
vt 0.345097 0.455775
vt 0.316584 0.455775
vt 0.287943 0.455775
vt 0.287943 0.441570
vt 0.345097 0.469934
vt 0.316584 0.469934
vt 0.287943 0.469934
vt 0.345097 0.486991
vt 0.316584 0.486991
vt 0.287943 0.486991
vt 0.345097 0.507596
vt 0.316584 0.507596
vt 0.287943 0.507596
vt 0.345097 0.532187
vt 0.316584 0.532187
vt 0.287943 0.532187
vt 0.373366 0.441570
vt 0.373366 0.455775
vt 0.373366 0.469934
vt 0.373366 0.486991
vt 0.373366 0.507596
vt 0.373366 0.532187
vt 0.400833 0.441570
vt 0.400833 0.455775
vt 0.400833 0.469934
vt 0.400833 0.486991
vt 0.400833 0.507596
vt 0.400833 0.532187
vt 0.428387 0.441570
vt 0.428387 0.455775
vt 0.428387 0.469934
vt 0.428387 0.486991
vt 0.428387 0.507596
vt 0.428387 0.532187
vt 0.455283 0.507596
vt 0.455283 0.532187
vt 0.033278 0.486991
vt 0.033278 0.469934
vt 0.062813 0.469934
vt 0.062813 0.486991
vt 0.003906 0.486991
vt 0.003906 0.469934
vt 0.033278 0.507596
vt 0.003906 0.507596
vt 0.062813 0.507596
vt 0.033278 0.532187
vt 0.003906 0.532187
vt 0.062813 0.532187
vt 0.512898 0.532187
vt 0.512898 0.507596
vt 0.540803 0.507596
vt 0.540803 0.532187
vt 0.482392 0.532187
vt 0.482392 0.507596
vt 0.567325 0.507596
vt 0.567325 0.532187
vt 0.594499 0.507596
vt 0.594499 0.532187
vt 0.622310 0.507596
vt 0.622310 0.532187
vt 0.649914 0.507596
vt 0.649914 0.532187
vt 0.678115 0.507596
vt 0.678115 0.532187
vt 0.706537 0.507596
vt 0.706537 0.532187
vt 0.735164 0.507596
vt 0.735164 0.532187
vt 0.764400 0.507596
vt 0.764400 0.532187
vt 0.793502 0.507596
vt 0.793502 0.532187
vt 0.512898 0.486991
vt 0.540803 0.486991
vt 0.482392 0.486991
vt 0.567325 0.486991
vt 0.594499 0.486991
vt 0.622310 0.486991
vt 0.649914 0.486991
vt 0.678115 0.486991
vt 0.706537 0.486991
vt 0.735164 0.486991
vt 0.764400 0.486991
vt 0.793502 0.486991
vt 0.512898 0.469934
vt 0.540803 0.469934
vt 0.482392 0.469934
vt 0.567325 0.469934
vt 0.594499 0.469934
vt 0.622310 0.469934
vt 0.649914 0.469934
vt 0.678115 0.469934
vt 0.706537 0.469934
vt 0.735164 0.469934
vt 0.764400 0.469934
vt 0.793502 0.469934
vt 0.512898 0.455775
vt 0.540803 0.455775
vt 0.482392 0.455775
vt 0.567325 0.455775
vt 0.594499 0.455775
vt 0.622310 0.455775
vt 0.649914 0.455775
vt 0.678115 0.455775
vt 0.706537 0.455775
vt 0.735164 0.455775
vt 0.764400 0.455775
vt 0.793502 0.455775
vt 0.003906 0.455775
vt 0.033278 0.455775
vt 0.455283 0.455775
vt 0.455283 0.441570
vt 0.482392 0.441570
vt 0.455283 0.469934
vt 0.512898 0.441570
vt 0.540803 0.441570
vt 0.567325 0.441570
vt 0.594499 0.441570
vt 0.622310 0.441570
vt 0.649914 0.441570
vt 0.678115 0.441570
vt 0.706537 0.441570
vt 0.735164 0.441570
vt 0.764400 0.441570
vt 0.793502 0.441570
vt 0.003906 0.441570
vt 0.033278 0.441570
vt 0.062813 0.455775
vt 0.062813 0.441570
vt 0.092068 0.441570
vt 0.092068 0.455775
vt 0.092068 0.469934
vt 0.092068 0.486991
vt 0.092068 0.507596
vt 0.092068 0.532187
vt 0.121347 0.441570
vt 0.121347 0.455775
vt 0.121347 0.469934
vt 0.121347 0.486991
vt 0.121347 0.507596
vt 0.121347 0.532187
vt 0.150349 0.441570
vt 0.150349 0.455775
vt 0.150349 0.469934
vt 0.150349 0.486991
vt 0.150349 0.507596
vt 0.150349 0.532187
vt 0.177894 0.441570
vt 0.177894 0.455775
vt 0.177894 0.469934
vt 0.177894 0.486991
vt 0.177894 0.507596
vt 0.177894 0.532187
vt 0.206797 0.441570
vt 0.206797 0.455775
vt 0.206797 0.469934
vt 0.206797 0.486991
vt 0.206797 0.507596
vt 0.206797 0.532187
vt 0.231074 0.441570
vt 0.231074 0.455775
vt 0.231074 0.469934
vt 0.231074 0.486991
vt 0.231074 0.507596
vt 0.231074 0.532187
vt 0.259186 0.441570
vt 0.259186 0.455775
vt 0.259186 0.469934
vt 0.259186 0.486991
vt 0.259186 0.507596
vt 0.259186 0.532187
vt 0.455283 0.486991
vt 0.330412 0.314227
vt 0.359478 0.314227
vt 0.359478 0.328734
vt 0.330412 0.328734
vt 0.300960 0.328734
vt 0.300960 0.314227
vt 0.359478 0.343165
vt 0.330412 0.343165
vt 0.300960 0.343165
vt 0.359478 0.360626
vt 0.330412 0.360626
vt 0.300960 0.360626
vt 0.359478 0.381097
vt 0.330412 0.381097
vt 0.300960 0.381097
vt 0.359478 0.405543
vt 0.330412 0.405543
vt 0.300960 0.405543
vt 0.359478 0.433656
vt 0.330412 0.433656
vt 0.300960 0.433656
vt 0.405224 0.573327
vt 0.448207 0.573326
vt 0.448208 0.611715
vt 0.405225 0.611716
vt 0.361522 0.611717
vt 0.361521 0.573328
vt 0.448209 0.642235
vt 0.405225 0.642236
vt 0.361523 0.642237
vt 0.448209 0.675737
vt 0.405226 0.675738
vt 0.361523 0.675739
vt 0.448210 0.711718
vt 0.405226 0.711719
vt 0.361524 0.711720
vt 0.448211 0.748353
vt 0.405227 0.748354
vt 0.361525 0.748354
vt 0.448211 0.783614
vt 0.405228 0.783615
vt 0.361525 0.783616
vt 0.448212 0.815769
vt 0.405228 0.815769
vt 0.361526 0.815770
vt 0.448212 0.844523
vt 0.405229 0.844523
vt 0.361526 0.844524
vt 0.448213 0.871125
vt 0.405229 0.871125
vt 0.361527 0.871126
vt 0.388150 0.314227
vt 0.388150 0.328734
vt 0.388150 0.343165
vt 0.388150 0.360626
vt 0.388150 0.381097
vt 0.388150 0.405543
vt 0.388150 0.433656
vt 0.490953 0.573325
vt 0.490954 0.611714
vt 0.490954 0.642235
vt 0.490955 0.675737
vt 0.490955 0.711717
vt 0.490956 0.748352
vt 0.490957 0.783614
vt 0.490957 0.815768
vt 0.490958 0.844522
vt 0.490958 0.871124
vt 0.416148 0.314227
vt 0.416148 0.328734
vt 0.416148 0.343165
vt 0.416148 0.360626
vt 0.416148 0.381097
vt 0.416148 0.405543
vt 0.416148 0.433656
vt 0.533632 0.573325
vt 0.533633 0.611714
vt 0.533633 0.642234
vt 0.533634 0.675736
vt 0.533634 0.711717
vt 0.533635 0.748351
vt 0.533636 0.783613
vt 0.533636 0.815767
vt 0.533637 0.844521
vt 0.533637 0.871123
vt 0.444204 0.314227
vt 0.444204 0.328734
vt 0.444204 0.343165
vt 0.444204 0.360626
vt 0.444204 0.381097
vt 0.444204 0.405543
vt 0.444204 0.433656
vt 0.670987 0.301177
vt 0.628859 0.301187
vt 0.628851 0.262204
vt 0.670978 0.262195
vt 0.628844 0.232356
vt 0.670972 0.232346
vt 0.628837 0.199576
vt 0.670965 0.199566
vt 0.628829 0.164148
vt 0.670957 0.164139
vt 0.628821 0.127827
vt 0.670949 0.127818
vt 0.628813 0.092992
vt 0.670941 0.092983
vt 0.628806 0.061409
vt 0.670934 0.061400
vt 0.628800 0.033547
vt 0.670928 0.033538
vt 0.628794 0.008414
vt 0.670922 0.008405
vt 0.471594 0.405543
vt 0.471594 0.433656
vt 0.471594 0.381097
vt 0.587539 0.301196
vt 0.587530 0.262213
vt 0.587524 0.232365
vt 0.587516 0.199585
vt 0.587508 0.164158
vt 0.587500 0.127836
vt 0.587493 0.093001
vt 0.587486 0.061419
vt 0.587479 0.033556
vt 0.587474 0.008423
vt 0.546942 0.199594
vt 0.546934 0.164167
vt 0.546950 0.232374
vt 0.546926 0.127845
vt 0.546919 0.093010
vt 0.546912 0.061428
vt 0.546905 0.033565
vt 0.546900 0.008432
vt 0.506902 0.061436
vt 0.506896 0.033574
vt 0.506909 0.093019
vt 0.506890 0.008441
vt 0.033684 0.360626
vt 0.033684 0.343165
vt 0.063979 0.343165
vt 0.063979 0.360626
vt 0.003906 0.360626
vt 0.003906 0.343165
vt 0.033684 0.381097
vt 0.003906 0.381097
vt 0.063979 0.381097
vt 0.033684 0.405543
vt 0.003906 0.405543
vt 0.063979 0.405543
vt 0.033684 0.433656
vt 0.003906 0.433656
vt 0.063979 0.433656
vt 0.048993 0.301315
vt 0.048985 0.262333
vt 0.092039 0.262323
vt 0.092047 0.301306
vt 0.005369 0.301325
vt 0.005360 0.262342
vt 0.048978 0.232485
vt 0.092032 0.232475
vt 0.005353 0.232494
vt 0.048971 0.199704
vt 0.092025 0.199695
vt 0.005346 0.199714
vt 0.048963 0.164277
vt 0.092017 0.164268
vt 0.005338 0.164287
vt 0.005330 0.127966
vt 0.048955 0.127956
vt 0.092009 0.127946
vt 0.005323 0.093131
vt 0.048947 0.093121
vt 0.092001 0.093111
vt 0.005315 0.061548
vt 0.048940 0.061538
vt 0.091994 0.061529
vt 0.005309 0.033686
vt 0.048934 0.033676
vt 0.091988 0.033666
vt 0.005304 0.008553
vt 0.048928 0.008543
vt 0.091982 0.008533
vt 0.093482 0.405543
vt 0.093482 0.433656
vt 0.004890 0.573334
vt 0.048291 0.573334
vt 0.048292 0.611722
vt 0.004890 0.611723
vt 0.048293 0.642243
vt 0.004891 0.642243
vt 0.048293 0.675745
vt 0.004891 0.675745
vt 0.048294 0.711726
vt 0.004892 0.711726
vt 0.048295 0.748360
vt 0.004893 0.748361
vt 0.048295 0.783622
vt 0.004893 0.783623
vt 0.048296 0.815776
vt 0.004894 0.815777
vt 0.048296 0.844530
vt 0.004895 0.844531
vt 0.048297 0.871132
vt 0.004895 0.871133
vt 0.092071 0.642242
vt 0.092072 0.675744
vt 0.092073 0.711725
vt 0.092073 0.748359
vt 0.092074 0.783621
vt 0.092075 0.815775
vt 0.092075 0.844529
vt 0.092076 0.871131
vt 0.136819 0.748358
vt 0.136820 0.783620
vt 0.136821 0.815774
vt 0.136821 0.844528
vt 0.136822 0.871130
vt 0.182202 0.844527
vt 0.182202 0.871130
vt 0.466775 0.008450
vt 0.466780 0.033583
vt 0.427027 0.033592
vt 0.427022 0.008459
vt 0.386769 0.033601
vt 0.386764 0.008468
vt 0.346105 0.033610
vt 0.346099 0.008477
vt 0.304234 0.033619
vt 0.304228 0.008486
vt 0.466786 0.061445
vt 0.427034 0.061454
vt 0.386775 0.061463
vt 0.346111 0.061472
vt 0.304240 0.061481
vt 0.466793 0.093028
vt 0.427041 0.093037
vt 0.386782 0.093046
vt 0.346118 0.093055
vt 0.304247 0.093064
vt 0.262363 0.061491
vt 0.262357 0.033629
vt 0.262370 0.093073
vt 0.466801 0.127863
vt 0.427048 0.127872
vt 0.506917 0.127854
vt 0.386790 0.127881
vt 0.346126 0.127890
vt 0.304255 0.127899
vt 0.262378 0.127908
vt 0.466809 0.164184
vt 0.427056 0.164193
vt 0.506925 0.164175
vt 0.386798 0.164202
vt 0.346134 0.164211
vt 0.304263 0.164220
vt 0.262386 0.164230
vt 0.220246 0.127918
vt 0.220238 0.093083
vt 0.220254 0.164239
vt 0.466817 0.199612
vt 0.427064 0.199620
vt 0.506932 0.199603
vt 0.386806 0.199629
vt 0.346142 0.199638
vt 0.304271 0.199648
vt 0.262394 0.199657
vt 0.220262 0.199666
vt 0.506940 0.232383
vt 0.466824 0.232392
vt 0.427072 0.232401
vt 0.386813 0.232410
vt 0.346149 0.232419
vt 0.304278 0.232428
vt 0.262401 0.232437
vt 0.220269 0.232447
vt 0.177858 0.199676
vt 0.177851 0.164249
vt 0.177866 0.232456
vt 0.546956 0.262222
vt 0.506946 0.262231
vt 0.466831 0.262240
vt 0.427078 0.262249
vt 0.386820 0.262258
vt 0.346156 0.262267
vt 0.304285 0.262276
vt 0.262408 0.262285
vt 0.220275 0.262295
vt 0.177872 0.262304
vt 0.546965 0.301205
vt 0.506955 0.301214
vt 0.466840 0.301223
vt 0.427087 0.301231
vt 0.386829 0.301240
vt 0.346164 0.301249
vt 0.304293 0.301259
vt 0.262416 0.301268
vt 0.220284 0.301277
vt 0.177881 0.301287
vt 0.134908 0.262314
vt 0.134902 0.232465
vt 0.134917 0.301296
vt 0.525017 0.433656
vt 0.498903 0.433656
vt 0.498903 0.405543
vt 0.525017 0.405543
vt 0.551983 0.405543
vt 0.551983 0.433656
vt 0.578171 0.405543
vt 0.578171 0.433656
vt 0.605401 0.405543
vt 0.605401 0.433656
vt 0.633259 0.405543
vt 0.633259 0.433656
vt 0.661849 0.405543
vt 0.661849 0.433656
vt 0.690378 0.405543
vt 0.690378 0.433656
vt 0.718976 0.405543
vt 0.718976 0.433656
vt 0.747892 0.405543
vt 0.747892 0.433656
vt 0.777834 0.405543
vt 0.777834 0.433656
vt 0.525017 0.381097
vt 0.551983 0.381097
vt 0.498903 0.381097
vt 0.578171 0.381097
vt 0.605401 0.381097
vt 0.633259 0.381097
vt 0.661849 0.381097
vt 0.690378 0.381097
vt 0.718976 0.381097
vt 0.747892 0.381097
vt 0.777834 0.381097
vt 0.807239 0.405543
vt 0.807239 0.433656
vt 0.807239 0.381097
vt 0.525017 0.360626
vt 0.551983 0.360626
vt 0.498903 0.360626
vt 0.578171 0.360626
vt 0.605401 0.360626
vt 0.633259 0.360626
vt 0.661849 0.360626
vt 0.690378 0.360626
vt 0.718976 0.360626
vt 0.747892 0.360626
vt 0.777834 0.360626
vt 0.807239 0.360626
vt 0.525017 0.343165
vt 0.551983 0.343165
vt 0.498903 0.343165
vt 0.578171 0.343165
vt 0.605401 0.343165
vt 0.633259 0.343165
vt 0.661849 0.343165
vt 0.690378 0.343165
vt 0.718976 0.343165
vt 0.747892 0.343165
vt 0.777834 0.343165
vt 0.807239 0.343165
vt 0.525017 0.328734
vt 0.551983 0.328734
vt 0.498903 0.328734
vt 0.578171 0.328734
vt 0.605401 0.328734
vt 0.633259 0.328734
vt 0.661849 0.328734
vt 0.690378 0.328734
vt 0.718976 0.328734
vt 0.747892 0.328734
vt 0.777834 0.328734
vt 0.807239 0.328734
vt 0.003906 0.328734
vt 0.033684 0.328734
vt 0.471594 0.328734
vt 0.471594 0.314227
vt 0.498903 0.314227
vt 0.471594 0.343165
vt 0.525017 0.314227
vt 0.551983 0.314227
vt 0.578171 0.314227
vt 0.605401 0.314227
vt 0.633259 0.314227
vt 0.661849 0.314227
vt 0.690378 0.314227
vt 0.718976 0.314227
vt 0.747892 0.314227
vt 0.777834 0.314227
vt 0.807239 0.314227
vt 0.003906 0.314227
vt 0.033684 0.314227
vt 0.063979 0.328734
vt 0.063979 0.314227
vt 0.093482 0.314227
vt 0.093482 0.328734
vt 0.093482 0.343165
vt 0.093482 0.360626
vt 0.093482 0.381097
vt 0.123238 0.314227
vt 0.123238 0.328734
vt 0.123238 0.343165
vt 0.123238 0.360626
vt 0.123238 0.381097
vt 0.123238 0.405543
vt 0.123238 0.433656
vt 0.092070 0.573333
vt 0.092071 0.611722
vt 0.153172 0.314227
vt 0.153172 0.328734
vt 0.153172 0.343165
vt 0.153172 0.360626
vt 0.153172 0.381097
vt 0.153172 0.405543
vt 0.153172 0.433656
vt 0.136816 0.573332
vt 0.136817 0.611721
vt 0.136818 0.642241
vt 0.136818 0.675743
vt 0.136819 0.711724
vt 0.183094 0.314227
vt 0.183094 0.328734
vt 0.183094 0.343165
vt 0.183094 0.360626
vt 0.183094 0.381097
vt 0.183094 0.405543
vt 0.183094 0.433656
vt 0.182197 0.573331
vt 0.182198 0.611720
vt 0.182198 0.642240
vt 0.182199 0.675742
vt 0.182199 0.711723
vt 0.182200 0.748358
vt 0.182201 0.783619
vt 0.182201 0.815773
vt 0.213310 0.314227
vt 0.213310 0.328734
vt 0.213310 0.343165
vt 0.213310 0.360626
vt 0.213310 0.381097
vt 0.213310 0.405543
vt 0.213310 0.433656
vt 0.227822 0.573330
vt 0.227823 0.611719
vt 0.227823 0.642239
vt 0.227824 0.675741
vt 0.227824 0.711722
vt 0.227825 0.748357
vt 0.227826 0.783619
vt 0.227826 0.815773
vt 0.227827 0.844527
vt 0.227827 0.871129
vt 0.242623 0.314227
vt 0.242623 0.328734
vt 0.242623 0.343165
vt 0.242623 0.360626
vt 0.242623 0.381097
vt 0.242623 0.405543
vt 0.242623 0.433656
vt 0.272973 0.573329
vt 0.272974 0.611718
vt 0.272975 0.642238
vt 0.272975 0.675741
vt 0.272976 0.711721
vt 0.272977 0.748356
vt 0.272977 0.783618
vt 0.272978 0.815772
vt 0.272978 0.844526
vt 0.272979 0.871128
vt 0.271511 0.314227
vt 0.271511 0.328734
vt 0.271511 0.343165
vt 0.271511 0.360626
vt 0.271511 0.381097
vt 0.271511 0.405543
vt 0.271511 0.433656
vt 0.317461 0.573329
vt 0.317462 0.611718
vt 0.317462 0.642238
vt 0.317463 0.675740
vt 0.317463 0.711721
vt 0.317464 0.748355
vt 0.317465 0.783617
vt 0.317465 0.815771
vt 0.317466 0.844525
vt 0.317466 0.871127
vt 0.262351 0.008495
vt 0.220225 0.033638
vt 0.220219 0.008505
vt 0.177822 0.033647
vt 0.177816 0.008514
vt 0.134857 0.033657
vt 0.134852 0.008524
vt 0.220231 0.061500
vt 0.177828 0.061510
vt 0.134864 0.061519
vt 0.177835 0.093092
vt 0.134871 0.093102
vt 0.177842 0.127927
vt 0.134878 0.127937
vt 0.134886 0.164258
vt 0.134894 0.199685
vt 0.471594 0.360626
vt 0.345097 0.562207
vt 0.316584 0.562207
vt 0.373366 0.562207
vt 0.400833 0.562207
vt 0.428387 0.562207
vt 0.455283 0.562207
vt 0.482392 0.562207
vt 0.512898 0.562207
vt 0.540803 0.562207
vt 0.567325 0.562207
vt 0.594499 0.562207
vt 0.622310 0.562207
vt 0.649914 0.562207
vt 0.678115 0.562207
vt 0.706537 0.562207
vt 0.735164 0.562207
vt 0.764400 0.562207
vt 0.793502 0.562207
vt 0.033278 0.562207
vt 0.003906 0.562207
vt 0.062813 0.562207
vt 0.092068 0.562207
vt 0.121347 0.562207
vt 0.150349 0.562207
vt 0.177894 0.562207
vt 0.206797 0.562207
vt 0.231074 0.562207
vt 0.259186 0.562207
vt 0.287943 0.562207
vt 0.887927 0.570019
vt 0.904419 0.570019
vt 0.871542 0.570019
vt 0.855857 0.570019
vt 0.840498 0.570019
vt 0.825027 0.570019
vt 0.809120 0.570019
vt 0.792265 0.570019
vt 0.775121 0.570019
vt 0.758411 0.570019
vt 0.741640 0.570019
vt 0.724695 0.570019
vt 0.707846 0.570019
vt 0.691338 0.570019
vt 0.675308 0.570019
vt 0.659783 0.570019
vt 0.644568 0.570019
vt 0.629805 0.570019
vt 0.615211 0.570019
vt 0.600616 0.570019
vt 0.586036 0.570019
vt 0.571387 0.570019
vt 0.556806 0.570019
vt 0.541504 0.570019
vt 0.970193 0.570019
vt 0.985824 0.570019
vt 0.954064 0.570019
vt 0.937809 0.570019
vt 0.921213 0.570019
vn 0.341899 0.037827 0.938975
vn 0.127489 0.052132 0.990469
vn 0.132918 0.052933 0.989712
vn 0.333270 0.072501 0.940040
vn 0.494269 0.093291 0.864289
vn 0.495777 0.026318 0.868051
vn 0.113948 -0.009684 0.993440
vn 0.296654 0.022263 0.954726
vn 0.465795 0.066099 0.882421
vn 0.112298 -0.020871 0.993455
vn 0.272878 -0.030028 0.961580
vn 0.424204 -0.010502 0.905506
vn 0.126829 -0.024218 0.991629
vn 0.276654 -0.028431 0.960549
vn 0.397971 -0.026848 0.917005
vn 0.119636 -0.043232 0.991876
vn 0.274506 -0.029999 0.961117
vn 0.393139 -0.024749 0.919146
vn 0.101538 0.059319 0.993062
vn 0.278623 0.049845 0.959106
vn 0.409156 0.021628 0.912208
vn 0.083696 0.137003 0.987029
vn 0.285762 0.116101 0.951241
vn 0.419818 0.072140 0.904737
vn -0.161022 0.073170 0.984235
vn -0.126367 0.056006 0.990401
vn -0.100810 -0.018016 0.994743
vn -0.095019 -0.012205 0.995401
vn -0.096163 -0.023269 0.995094
vn -0.099647 -0.048951 0.993818
vn -0.108548 0.060010 0.992278
vn -0.128435 0.147755 0.980649
vn -0.313839 -0.023076 0.949196
vn -0.326593 -0.021767 0.944914
vn -0.305156 -0.024644 0.951983
vn -0.270746 0.072304 0.959932
vn -0.262117 0.158379 0.951951
vn -0.865155 0.044473 0.499529
vn -0.669663 0.094513 0.736626
vn -0.655395 0.058070 0.753051
vn -0.855848 0.028273 0.516454
vn -0.951953 -0.013828 0.305931
vn -0.956689 0.001183 0.291108
vn -0.995598 -0.034072 0.087316
vn -0.995538 -0.021747 0.091825
vn -0.989635 -0.015905 -0.142724
vn -0.990648 0.033800 -0.132193
vn -0.954596 0.011091 -0.297697
vn -0.955414 0.094714 -0.279667
vn -0.877673 0.048055 -0.476844
vn -0.874447 0.143524 -0.463404
vn -0.698041 0.089498 -0.710443
vn -0.687098 0.207159 -0.696406
vn -0.514038 0.106141 -0.851175
vn -0.505323 0.226876 -0.832572
vn -0.355020 0.078866 -0.931526
vn -0.346599 0.172645 -0.921988
vn -0.163731 0.049560 -0.985259
vn -0.164125 0.102129 -0.981138
vn 0.046805 0.041587 -0.998038
vn 0.033976 0.094397 -0.994955
vn 0.250745 0.050797 -0.966720
vn 0.237826 0.115190 -0.964453
vn -0.629317 0.057997 0.774981
vn -0.827122 0.034050 0.560991
vn -0.935018 -0.012403 0.354383
vn -0.995726 -0.036028 0.085043
vn -0.988475 -0.048003 -0.143570
vn -0.945908 -0.044682 -0.321344
vn -0.861081 -0.014094 -0.508272
vn -0.691135 0.009456 -0.722663
vn -0.523225 0.006314 -0.852171
vn -0.376240 0.003902 -0.926514
vn -0.171088 0.015668 -0.985131
vn 0.048767 0.027716 -0.998426
vn -0.650758 0.027835 0.758775
vn -0.811468 0.043655 0.582763
vn -0.924320 0.035402 0.379973
vn -0.993980 0.013406 0.108741
vn -0.991989 -0.004293 -0.126256
vn -0.941386 -0.003191 -0.337316
vn -0.843896 0.017529 -0.536220
vn -0.691580 0.037748 -0.721313
vn -0.547095 0.030128 -0.836528
vn -0.378325 0.021713 -0.925418
vn -0.160894 0.037084 -0.986275
vn -0.668416 -0.051705 0.741988
vn -0.830892 -0.032207 0.555501
vn -0.934436 0.009389 0.356009
vn -0.992624 0.035670 0.115866
vn -0.993321 0.034811 -0.110012
vn -0.942873 0.023606 -0.332314
vn -0.840919 0.015262 -0.540945
vn -0.694519 0.011482 -0.719383
vn -0.564334 0.011159 -0.825471
vn -0.382763 0.018614 -0.923659
vn -0.153118 0.032115 -0.987686
vn -0.848592 -0.045549 0.527083
vn -0.956606 -0.022203 0.290539
vn -0.651228 -0.028828 0.758334
vn -0.995369 0.006345 0.095919
vn -0.994558 0.014355 -0.103192
vn -0.949570 0.011002 -0.313362
vn -0.852462 0.002219 -0.522785
vn -0.701032 0.000634 -0.713130
vn -0.557336 0.014825 -0.830155
vn -0.376756 0.039367 -0.925476
vn -0.850936 0.069434 0.520660
vn -0.963126 0.058291 0.262659
vn -0.628206 0.076685 0.774259
vn -0.993931 0.041684 0.101800
vn -0.996002 0.021835 -0.086616
vn -0.957711 0.004480 -0.287699
vn -0.864668 -0.004768 -0.502321
vn -0.700308 0.003577 -0.713832
vn -0.537885 0.025841 -0.842622
vn -0.844861 0.086192 0.527996
vn -0.957232 0.068475 0.281101
vn -0.632043 0.086247 0.770119
vn -0.990494 0.052339 0.127209
vn -0.998367 0.032035 -0.047307
vn -0.966821 0.008536 -0.255312
vn -0.875342 -0.002694 -0.483497
vn -0.697631 0.003309 -0.716449
vn 0.605632 0.040632 -0.794707
vn 0.599215 0.006026 -0.800566
vn 0.779368 -0.011215 -0.626466
vn 0.768569 0.050135 -0.637800
vn 0.430593 0.082438 -0.898774
vn 0.422733 0.038124 -0.905452
vn 0.772528 -0.012352 -0.634860
vn 0.763621 0.061170 -0.642760
vn 0.920233 0.070252 -0.385014
vn 0.921592 -0.019470 -0.387672
vn 0.564057 0.009920 -0.825677
vn 0.543172 0.054192 -0.837871
vn 0.924303 -0.015016 -0.381363
vn 0.916625 0.057315 -0.395618
vn 0.912599 0.168625 -0.372463
vn 0.911374 0.194684 -0.362622
vn 0.969094 0.193437 -0.153096
vn 0.973417 0.168233 -0.155424
vn 0.767117 0.153084 -0.622975
vn 0.784035 0.183422 -0.592997
vn 0.988038 0.060554 -0.141822
vn 0.992520 -0.023088 -0.119880
vn 0.992536 -0.005837 -0.121811
vn 0.989699 0.056196 -0.131676
vn 0.978373 0.194061 0.071607
vn 0.985058 0.157257 0.070216
vn 0.986549 0.072320 -0.146599
vn 0.993313 0.073014 0.089435
vn 0.930344 0.072143 -0.359521
vn 0.994976 0.025832 0.096720
vn 0.989583 -0.041233 0.137931
vn 0.988006 0.010385 0.154069
vn 0.986940 0.079974 0.139832
vn 0.990707 -0.069660 0.116823
vn 0.988977 -0.061598 -0.134650
vn 0.921782 -0.058509 0.383269
vn 0.937907 0.081404 0.337199
vn 0.928781 0.187783 0.319538
vn 0.932434 0.133720 0.335688
vn 0.933814 -0.003739 0.357741
vn 0.924195 -0.062737 0.376734
vn 0.911459 0.003063 0.411381
vn 0.902609 0.076152 0.423671
vn 0.793045 -0.026835 0.608571
vn 0.820628 0.094851 0.563537
vn 0.811660 0.159738 0.561864
vn 0.794355 0.092656 0.600346
vn 0.781296 -0.009940 0.624081
vn 0.787348 -0.060883 0.613496
vn 0.788675 -0.021532 0.614434
vn 0.785074 0.044971 0.617768
vn 0.641474 0.006248 0.767119
vn 0.660034 0.101717 0.744318
vn 0.643317 0.114187 0.757036
vn 0.604298 0.038041 0.795850
vn 0.570122 -0.015549 0.821413
vn 0.572242 -0.037436 0.819230
vn 0.589368 -0.008956 0.807815
vn 0.600933 0.036954 0.798445
vn -0.354118 0.085638 0.931271
vn -0.336375 0.073952 0.938820
vn -0.312265 -0.008537 0.949957
vn -0.443915 0.083651 0.892156
vn -0.452079 0.080516 0.888336
vn -0.462193 -0.006309 0.886757
vn -0.476001 -0.042187 0.878432
vn -0.468197 -0.004571 0.883612
vn -0.422833 0.025723 0.905843
vn -0.398827 0.077855 0.913715
vn -0.406981 0.147066 0.901520
vn -0.527921 0.015588 -0.849150
vn -0.360349 0.054414 -0.931229
vn -0.357778 0.020549 -0.933581
vn -0.143238 0.079348 -0.986502
vn -0.149191 0.061778 -0.986877
vn 0.046369 0.049207 -0.997712
vn 0.043192 0.051244 -0.997752
vn 0.248894 0.030283 -0.968057
vn -0.149683 0.017427 -0.988581
vn 0.056570 0.012470 -0.998321
vn 0.067058 0.088184 -0.993845
vn 0.061139 0.085250 -0.994482
vn 0.224389 0.007372 -0.974472
vn 0.239539 0.081640 -0.967448
vn 0.244745 0.105860 -0.963791
vn 0.236780 0.069823 -0.969051
vn 0.236847 0.053528 -0.970071
vn 0.383086 -0.001387 -0.923712
vn 0.398328 0.067242 -0.914775
vn 0.401623 0.119176 -0.908018
vn 0.391114 0.091176 -0.915815
vn 0.386217 0.053299 -0.920867
vn 0.395190 0.026663 -0.918213
vn 0.609566 -0.014409 -0.792605
vn 0.610166 0.059517 -0.790035
vn 0.582183 0.147027 -0.799654
vn 0.551303 0.120323 -0.825583
vn 0.821018 -0.031598 -0.570028
vn 0.814693 0.065528 -0.576178
vn 0.935551 -0.047889 -0.349930
vn 0.328990 -0.059986 0.942426
vn 0.307931 -0.073050 0.948600
vn 0.116826 -0.051364 0.991823
vn 0.118300 -0.061183 0.991091
vn 0.475678 -0.070968 0.876752
vn 0.454570 -0.099161 0.885174
vn 0.276051 -0.004144 0.961134
vn 0.104394 0.016647 0.994397
vn 0.436763 -0.029989 0.899077
vn 0.266286 0.037622 0.963160
vn 0.110700 0.022076 0.993609
vn 0.415583 0.031632 0.909005
vn 0.283411 0.030988 0.958498
vn 0.132793 0.019933 0.990943
vn 0.405514 0.038124 0.913293
vn 0.303935 -0.034814 0.952056
vn 0.157382 -0.005519 0.987522
vn 0.431716 -0.044514 0.900911
vn -0.129988 -0.055592 0.989956
vn -0.163123 -0.074791 0.983767
vn -0.102511 0.019190 0.994547
vn -0.095030 0.012213 0.995400
vn -0.092499 0.017046 0.995567
vn -0.055778 0.034876 0.997834
vn -0.321166 0.014417 0.946913
vn -0.313839 0.023076 0.949196
vn -0.254764 0.033190 0.966434
vn -0.781410 0.068828 0.620210
vn -0.807457 -0.049769 0.587823
vn -0.649937 -0.039897 0.758940
vn -0.602019 0.051698 0.796807
vn -0.898938 0.061023 0.433804
vn -0.923755 -0.037641 0.381131
vn -0.986092 0.038235 0.161744
vn -0.993587 -0.008361 0.112759
vn -0.997414 0.005068 -0.071695
vn -0.992550 0.011296 -0.121317
vn -0.959314 -0.030270 -0.280715
vn -0.943086 0.009647 -0.332408
vn -0.874223 -0.056893 -0.482179
vn -0.846354 -0.010932 -0.532509
vn -0.722374 -0.081842 -0.686642
vn -0.693927 -0.026840 -0.719545
vn -0.539402 -0.089323 -0.837298
vn -0.552999 -0.019618 -0.832951
vn -0.396906 -0.075558 -0.914744
vn -0.383127 -0.016081 -0.923555
vn -0.188204 -0.069252 -0.979685
vn -0.166484 -0.033915 -0.985461
vn -0.830892 0.032207 0.555501
vn -0.668416 0.051705 0.741988
vn -0.934435 -0.009389 0.356009
vn -0.992624 -0.035670 0.115866
vn -0.993320 -0.034811 -0.110012
vn -0.942873 -0.023606 -0.332314
vn -0.840919 -0.015262 -0.540945
vn -0.694581 -0.011425 -0.719323
vn -0.566198 -0.009432 -0.824215
vn -0.403419 0.001381 -0.915015
vn -0.188385 0.031309 -0.981596
vn -0.956606 0.022203 0.290539
vn -0.848592 0.045549 0.527083
vn -0.651228 0.028828 0.758334
vn -0.995369 -0.006345 0.095919
vn -0.994558 -0.014355 -0.103192
vn -0.949570 -0.011002 -0.313362
vn -0.852477 -0.002201 -0.522761
vn -0.702415 0.000584 -0.711767
vn -0.573529 -0.001742 -0.819184
vn -0.448936 0.010862 -0.893498
vn -0.963126 -0.058291 0.262659
vn -0.850936 -0.069434 0.520660
vn -0.628206 -0.076685 0.774259
vn -0.993931 -0.041684 0.101801
vn -0.996002 -0.021835 -0.086616
vn -0.957711 -0.004480 -0.287699
vn -0.864698 0.004773 -0.502270
vn -0.703049 -0.003178 -0.711135
vn -0.568225 -0.022077 -0.822577
vn -0.957232 -0.068475 0.281101
vn -0.844861 -0.086192 0.527996
vn -0.632043 -0.086247 0.770119
vn -0.990494 -0.052339 0.127209
vn -0.998367 -0.032035 -0.047307
vn -0.966821 -0.008536 -0.255312
vn -0.875359 0.002676 -0.483467
vn -0.699252 -0.004574 -0.714860
vn 0.779790 -0.112049 -0.615933
vn 0.908173 -0.072394 -0.412287
vn 0.889842 -0.073337 -0.450337
vn 0.771256 -0.086419 -0.630632
vn 0.615887 -0.086166 -0.783109
vn 0.596673 -0.107971 -0.795188
vn 0.886877 -0.034994 -0.460679
vn 0.972726 -0.018703 -0.231201
vn 0.977909 -0.022235 -0.207843
vn 0.887857 -0.050306 -0.457361
vn 0.768696 -0.066294 -0.636170
vn 0.769540 -0.046267 -0.636920
vn 0.972345 -0.055106 -0.226954
vn 0.979055 -0.016832 -0.202899
vn 0.998437 -0.009650 0.055055
vn 0.993978 0.002758 0.109542
vn 0.979747 -0.117951 0.161814
vn 0.981777 -0.115121 -0.151200
vn 0.907255 -0.092900 -0.410193
vn 0.998352 -0.029398 0.049292
vn 0.998813 0.021001 0.043941
vn 0.971098 -0.187289 0.147955
vn 0.978057 -0.158136 -0.135634
vn 0.878646 -0.112238 0.464094
vn 0.882109 -0.178477 0.435924
vn 0.910059 0.002930 0.414468
vn 0.934050 -0.012435 0.356925
vn 0.940184 -0.007843 0.340577
vn 0.955037 0.023063 0.295587
vn 0.723413 -0.110520 0.681512
vn 0.737861 -0.139721 0.660333
vn 0.764594 -0.020962 0.644172
vn 0.792233 -0.013957 0.610059
vn 0.792948 0.006503 0.609255
vn 0.838934 -0.009889 0.544144
vn 0.581667 -0.111223 0.805787
vn 0.598442 -0.097220 0.795246
vn 0.600615 -0.039202 0.798577
vn 0.599140 0.005006 0.800628
vn 0.577663 0.027048 0.815827
vn 0.614107 -0.039011 0.788258
vn -0.336375 -0.073952 0.938820
vn -0.354118 -0.085638 0.931272
vn -0.312265 0.008537 0.949957
vn -0.452080 -0.080516 0.888336
vn -0.443915 -0.083651 0.892156
vn -0.462194 0.006309 0.886757
vn -0.476001 0.042187 0.878432
vn -0.460599 -0.011099 0.887539
vn -0.410505 0.032312 0.911286
vn -0.545994 -0.029047 -0.837286
vn -0.453740 -0.054401 -0.889472
vn -0.405258 -0.071968 -0.911365
vn -0.251007 0.034708 -0.967363
vn -0.260095 -0.105412 -0.959812
vn 0.037402 -0.049449 -0.998076
vn 0.038376 0.046690 -0.998172
vn 0.025228 -0.065968 -0.997503
vn -0.202987 -0.127512 -0.970843
vn 0.056799 -0.148818 -0.987232
vn 0.055735 -0.148021 -0.987412
vn 0.051177 0.018027 -0.998527
vn 0.309871 -0.145835 -0.939528
vn 0.254314 -0.105855 -0.961311
vn 0.313087 -0.032807 -0.949158
vn 0.268710 0.021534 -0.962980
vn 0.242517 -0.056646 -0.968492
vn 0.225971 -0.066891 -0.971835
vn 0.454155 -0.106166 -0.884574
vn 0.403945 -0.050429 -0.913392
vn 0.480848 -0.064923 -0.874397
vn 0.464002 -0.016948 -0.885672
vn 0.432832 -0.070505 -0.898713
vn 0.400769 -0.081498 -0.912547
vn 0.623888 -0.067208 -0.778619
vn 0.612285 -0.024377 -0.790261
vn 0.633872 -0.071036 -0.770169
vn 0.630961 -0.041921 -0.774681
vn 0.784746 -0.064353 -0.616467
vn 0.807525 -0.047592 -0.587910
vn 0.923168 -0.102406 -0.370505
vn 0.021314 -0.999296 -0.030873
vn 0.012155 -0.999595 -0.025718
vn 0.013906 -0.999288 -0.035066
vn 0.021845 -0.999200 -0.033497
vn 0.036293 -0.999083 -0.022700
vn 0.041845 -0.999008 -0.015254
vn 0.016235 -0.998571 -0.050922
vn 0.028462 -0.998509 -0.046579
vn 0.038061 -0.998556 -0.037920
vn 0.019277 -0.997756 -0.064122
vn 0.032510 -0.997718 -0.059179
vn 0.044526 -0.997711 -0.050899
vn 0.021804 -0.997692 -0.064309
vn 0.032091 -0.997882 -0.056588
vn 0.039742 -0.998157 -0.045870
vn 0.013018 -0.999673 0.022026
vn 0.034660 -0.999319 -0.012623
vn 0.066429 -0.996993 -0.039895
vn 0.011896 -0.999419 -0.031948
vn 0.009957 -0.999207 -0.038548
vn 0.008180 -0.998676 -0.050781
vn 0.008900 -0.997842 -0.065057
vn 0.012082 -0.997753 -0.065904
vn 0.003959 -0.999776 0.020812
vn -0.005126 -0.999834 -0.017515
vn -0.002553 -0.999427 -0.033756
vn -0.003780 -0.998722 -0.050393
vn -0.011618 -0.997830 -0.064804
vn -0.008227 -0.997678 -0.067609
vn -0.006780 -0.999956 -0.006406
vn 0.000651 -0.999996 -0.002824
vn -0.009766 -0.999579 -0.027336
vn -0.020413 -0.998568 -0.049460
vn -0.029912 -0.997494 -0.064125
vn -0.029741 -0.997335 -0.066624
vn 0.006211 -0.999947 -0.008223
vn -0.050386 -0.997056 -0.057806
vn 0.009729 -0.999818 0.016401
vn 0.014205 -0.998923 0.044169
vn 0.015996 -0.998657 0.049286
vn 0.022943 -0.998674 0.046089
vn 0.021143 -0.998879 0.042363
vn 0.003113 -0.999008 0.044427
vn 0.001142 -0.998741 0.050160
vn 0.002876 -0.999812 0.019191
vn -0.001362 -0.999762 0.021760
vn 0.010028 -0.999728 0.021065
vn 0.015557 -0.999325 0.033269
vn -0.006187 -0.999126 0.041331
vn 0.029493 -0.998826 0.038422
vn 0.057717 -0.998057 0.023458
vn -0.056062 -0.998138 -0.024050
vn -0.047578 -0.998813 -0.010461
vn 0.083573 -0.996360 0.016819
vn 0.026783 -0.999262 0.027535
vn -0.059563 -0.997301 -0.042920
vn -0.038634 -0.999011 -0.022000
vn 0.068121 -0.997662 -0.005435
vn -0.038615 -0.999203 -0.010091
vn 0.044032 -0.998945 -0.013021
vn -0.022039 -0.999272 0.031156
vn 0.036822 -0.999321 0.001481
vn -0.008698 -0.999434 0.032505
vn 0.041135 -0.998942 -0.020567
vn -0.010374 -0.999792 0.017582
vn 0.042589 -0.998768 -0.025466
vn -0.016661 -0.999670 0.019546
vn 0.016657 -0.999726 0.016452
vn -0.010988 -0.999719 0.020989
vn -0.008577 -0.997877 0.064566
vn -0.000927 -0.999700 0.024477
vn -0.014079 -0.997523 0.068918
vn -0.078702 -0.996602 -0.024289
vn -0.079404 -0.996797 -0.009554
vn -0.074079 -0.996230 -0.045144
vn -0.074045 -0.997025 -0.021428
vn -0.057247 -0.998354 -0.003590
vn -0.023830 -0.998751 0.043925
vn -0.022876 -0.998586 0.047977
vn -0.035265 -0.998632 0.038602
vn -0.031139 -0.998516 0.044684
vn -0.016514 -0.998995 0.041678
vn -0.003292 -0.999074 0.042903
vn -0.064170 -0.997934 -0.003274
vn -0.061279 -0.998100 -0.006354
vn -0.058944 -0.997875 -0.027784
vn -0.060073 -0.998019 -0.018666
vn -0.043271 -0.999021 0.009182
vn -0.020956 -0.998528 0.050030
vn -0.031634 -0.998266 0.049639
vn -0.038244 -0.998566 0.037459
vn -0.026719 -0.998718 0.043004
vn -0.013723 -0.998934 0.044067
vn -0.005574 -0.998864 0.047324
vn -0.040831 -0.998803 0.026933
vn -0.016592 -0.999822 0.008936
vn -0.038105 -0.999271 -0.002219
vn 0.011133 -0.999870 -0.011672
vn 0.025592 -0.999607 0.011419
vn 0.015020 -0.999589 0.024425
vn -0.023997 -0.999267 0.029844
vn -0.039963 -0.998372 0.040692
vn -0.023100 -0.998677 0.045947
vn -0.005732 -0.999153 0.040745
vn -0.002727 -0.999556 0.029676
vn -0.002430 -0.999753 0.022111
vn 0.001720 -0.999604 0.028093
vn -0.018459 -0.999518 -0.024957
vn 0.005540 -0.999976 -0.004118
vn -0.022041 -0.999646 0.014911
vn -0.039284 -0.998281 -0.043485
vn -0.035174 -0.998589 0.039784
vn -0.002405 -0.999850 0.017163
vn 0.053866 -0.998540 -0.003931
vn 0.080297 -0.996751 0.006274
vn 0.048219 -0.998836 -0.001194
vn -0.027525 -0.999502 0.015435
vn -0.051776 -0.997267 0.052703
vn -0.024980 -0.998098 0.056364
vn -0.001199 -0.998996 0.044773
vn 0.002862 -0.999824 0.018558
vn -0.003877 -0.999964 -0.007545
vn -0.014374 -0.999896 0.001052
vn 0.011017 -0.999522 0.028886
vn -0.001974 -0.999895 0.014389
vn 0.007243 -0.999967 -0.003789
vn 0.012599 -0.999855 0.011454
vn 0.027446 -0.998990 0.035581
vn 0.029310 -0.998855 0.037809
vn 0.018751 -0.999526 0.024409
vn 0.040798 -0.998440 0.038122
vn -0.020141 -0.999767 -0.007727
vn 0.000818 -0.999983 0.005860
vn 0.030509 -0.999256 0.023613
vn 0.038364 -0.998885 0.027518
vn 0.027653 -0.999409 0.020431
vn 0.048794 -0.998367 0.029710
vn -0.026436 -0.999645 0.003410
vn 0.000193 -0.999970 0.007722
vn 0.034968 -0.999310 0.012508
vn 0.047397 -0.998808 0.011627
vn 0.036059 -0.999326 0.006827
vn 0.050471 -0.998642 0.012887
vn -0.005516 -0.999983 0.002088
vn 0.008736 -0.999961 -0.000995
vn 0.037874 -0.999279 -0.002538
vn 0.054664 -0.998495 -0.004321
vn 0.043036 -0.999045 -0.007598
vn 0.062406 -0.997921 -0.016075
vn 0.021747 -0.999760 0.002556
vn 0.021139 -0.999775 -0.001645
vn 0.038501 -0.999199 -0.010919
vn 0.054945 -0.998358 -0.016181
vn 0.045681 -0.998837 -0.015397
vn 0.082285 -0.996086 -0.032276
vn 0.019402 -0.999810 0.001823
vn 0.026177 -0.999647 -0.004510
vn 0.041937 -0.998962 -0.017789
vn 0.052784 -0.998243 -0.026936
vn 0.046766 -0.998545 -0.026866
vn 0.100247 -0.993532 -0.053335
vn 0.023713 -0.999719 0.000165
vn 0.033759 -0.999370 -0.010987
vn 0.042916 -0.998704 -0.027365
vn 0.049687 -0.997970 -0.039848
vn 0.045380 -0.998350 -0.035186
vn 0.094087 -0.994043 -0.055017
vn -0.056973 -0.996827 -0.055582
vn -0.042203 0.996134 -0.077046
vn -0.021078 0.997507 -0.067350
vn -0.021394 0.996093 -0.085686
vn -0.040273 0.995852 -0.081596
vn -0.073934 0.995425 -0.060519
vn -0.088244 0.995045 -0.045820
vn -0.021473 0.992887 -0.117106
vn -0.049697 0.992584 -0.110943
vn -0.073362 0.992814 -0.094538
vn -0.023070 0.988110 -0.152007
vn -0.056366 0.988001 -0.143798
vn -0.083024 0.988230 -0.128483
vn -0.018289 0.988193 -0.152121
vn -0.043728 0.989642 -0.136737
vn -0.066976 0.991086 -0.115169
vn -0.005070 0.998225 -0.059332
vn -0.022812 0.997221 -0.070918
vn -0.043019 0.996243 -0.075162
vn 0.001949 0.999980 -0.006012
vn -0.012223 0.999595 -0.025694
vn -0.034116 0.997847 -0.056006
vn -0.349199 -0.037449 -0.936300
vn -0.183370 -0.020836 -0.982823
vn -0.189381 -0.016976 -0.981757
vn -0.357596 -0.032040 -0.933326
vn -0.477132 -0.034557 -0.878152
vn -0.480310 -0.045349 -0.875926
vn -0.191259 -0.017357 -0.981386
vn -0.365942 -0.024664 -0.930311
vn -0.467501 -0.019717 -0.883773
vn -0.189836 -0.024635 -0.981507
vn -0.364653 -0.021407 -0.930898
vn -0.463265 -0.020027 -0.885994
vn -0.183988 -0.018121 -0.982761
vn -0.358038 -0.008228 -0.933671
vn -0.464571 -0.004290 -0.885525
vn -0.174931 -0.009677 -0.984533
vn -0.351377 -0.000543 -0.936234
vn -0.464663 0.003012 -0.885483
vn -0.166617 0.000950 -0.986021
vn -0.350558 0.002257 -0.936538
vn -0.466341 -0.004011 -0.884596
vn -0.160697 0.001027 -0.987003
vn -0.353247 0.004983 -0.935517
vn -0.468311 0.005075 -0.883549
vn -0.153306 -0.019000 -0.987996
vn -0.350961 -0.004716 -0.936378
vn -0.472336 -0.005327 -0.881403
vn -0.149781 -0.026662 -0.988360
vn -0.348077 -0.012082 -0.937388
vn -0.478324 -0.025346 -0.877818
vn -0.015843 0.995985 -0.088105
vn -0.009740 0.995429 -0.095004
vn -0.003709 0.993409 -0.114567
vn 0.001726 0.988259 -0.152781
vn 0.005361 0.987624 -0.156748
vn 0.008977 0.997117 -0.075343
vn 0.011832 0.999332 -0.034584
vn 0.086998 -0.015289 -0.996091
vn 0.088263 -0.008914 -0.996057
vn 0.092042 -0.008294 -0.995721
vn 0.094496 -0.024777 -0.995217
vn 0.102051 -0.028054 -0.994384
vn 0.108921 -0.018269 -0.993882
vn 0.115146 -0.006965 -0.993324
vn 0.119625 -0.006734 -0.992796
vn 0.118880 -0.020019 -0.992707
vn 0.114787 -0.024430 -0.993090
vn 0.017093 0.998138 -0.058549
vn 0.014757 0.995961 -0.088565
vn 0.022621 0.993636 -0.110347
vn 0.043436 0.988713 -0.143389
vn 0.047412 0.987985 -0.147096
vn 0.034945 0.995401 -0.089194
vn 0.030408 0.997507 -0.063686
vn 0.405944 0.004769 -0.913886
vn 0.400295 0.005250 -0.916371
vn 0.394168 -0.001848 -0.919037
vn 0.393625 -0.020421 -0.919044
vn 0.391223 -0.029045 -0.919837
vn 0.389583 -0.020603 -0.920761
vn 0.389283 -0.009168 -0.921073
vn 0.386412 -0.005945 -0.922307
vn 0.381760 -0.008888 -0.924219
vn 0.379200 -0.009694 -0.925264
vn 0.001986 0.999947 0.010089
vn 0.036039 0.997589 -0.059316
vn 0.059090 0.992871 -0.103514
vn 0.086338 0.987399 -0.132622
vn 0.092897 0.986986 -0.131262
vn 0.063756 0.994189 -0.086740
vn 0.050231 0.996354 -0.068960
vn 0.636255 0.020281 -0.771213
vn 0.639398 0.014016 -0.768748
vn 0.637979 0.003194 -0.770047
vn 0.632357 -0.008584 -0.774629
vn 0.624215 -0.015825 -0.781092
vn 0.616650 -0.016121 -0.787072
vn 0.615279 -0.008859 -0.788260
vn 0.615345 0.000553 -0.788258
vn 0.612073 0.005244 -0.790784
vn 0.608966 0.009660 -0.793138
vn 0.080544 0.994693 -0.064019
vn 0.059390 0.996973 -0.050188
vn 0.130353 0.986455 -0.099569
vn 0.795485 0.003140 -0.605965
vn 0.792937 0.004501 -0.609287
vn 0.792517 0.009312 -0.609779
vn 0.789564 0.003317 -0.613659
vn 0.786991 -0.003607 -0.616953
vn 0.784590 -0.007841 -0.619966
vn 0.782223 -0.007887 -0.622949
vn 0.780790 0.005903 -0.624765
vn 0.779413 0.017663 -0.626261
vn 0.778625 0.022535 -0.627084
vn 0.884903 0.008932 -0.465690
vn 0.884670 -0.000326 -0.466218
vn 0.885442 0.012764 -0.464574
vn 0.884889 -0.003904 -0.465785
vn 0.882967 0.001052 -0.469433
vn 0.879498 0.012878 -0.475728
vn 0.879664 0.017893 -0.475260
vn 0.882110 0.017026 -0.470736
vn 0.944610 0.022435 -0.327428
vn 0.944434 0.012142 -0.328478
vn 0.946954 0.012717 -0.321117
vn 0.945722 0.004216 -0.324949
vn -0.043944 0.994629 0.093717
vn -0.049302 0.993311 0.104419
vn -0.063766 0.993394 0.095403
vn -0.058774 0.994409 0.087735
vn -0.019476 0.995048 0.097471
vn -0.016721 0.993726 0.110584
vn -0.011840 0.999056 0.041802
vn -0.003158 0.998808 0.048700
vn -0.028250 0.998636 0.043920
vn 0.002336 0.999989 0.004069
vn 0.009798 0.999605 -0.026339
vn -0.016780 0.999730 0.016062
vn -0.000167 0.999981 -0.006161
vn 0.012484 0.997342 -0.071785
vn -0.022667 0.999692 0.010100
vn -0.509540 -0.004318 0.860436
vn -0.506701 0.000973 0.862121
vn -0.287358 -0.016558 0.957680
vn -0.291022 -0.017013 0.956565
vn -0.703687 0.012935 0.710392
vn -0.699545 0.009946 0.714520
vn -0.500225 0.001291 0.865894
vn -0.274131 -0.013380 0.961599
vn -0.704189 0.004972 0.709995
vn -0.500051 -0.008717 0.865952
vn -0.269391 -0.013058 0.962942
vn -0.703529 0.000549 0.710666
vn -0.501561 -0.002374 0.865119
vn -0.270715 -0.002689 0.962656
vn -0.699539 0.002629 0.714589
vn -0.698544 0.014712 0.715416
vn -0.501882 0.007706 0.864902
vn -0.270848 -0.001862 0.962620
vn -0.699153 0.012578 0.714862
vn -0.496810 0.000792 0.867859
vn -0.266915 -0.015529 0.963595
vn -0.697908 0.013875 0.716053
vn -0.493118 0.005585 0.869945
vn -0.263123 -0.001588 0.964761
vn -0.697848 -0.007852 0.716203
vn -0.491992 -0.008534 0.870558
vn -0.265380 -0.007983 0.964111
vn -0.701033 -0.043581 0.711795
vn -0.494674 -0.040609 0.868130
vn -0.274243 -0.038264 0.960899
vn -0.049941 0.998356 0.028122
vn -0.062266 0.997801 0.022737
vn -0.844287 0.017177 0.535616
vn -0.846321 0.011828 0.532542
vn -0.846251 0.011351 0.532664
vn -0.842106 0.014843 0.539107
vn -0.838318 0.012486 0.545039
vn -0.838141 0.015380 0.545237
vn -0.839049 0.017112 0.543786
vn -0.838286 0.021315 0.544814
vn -0.837015 -0.011011 0.547070
vn -0.838686 -0.052054 0.542122
vn -0.924419 0.025262 0.380541
vn -0.923544 0.021752 0.382874
vn -0.925162 0.015011 0.379276
vn -0.926090 0.015736 0.376975
vn -0.926069 0.020176 0.376814
vn -0.926261 0.023579 0.376143
vn -0.929156 -0.022886 0.368978
vn -0.928762 -0.074000 0.363216
vn -0.988089 0.015311 0.153122
vn -0.988464 0.022386 0.149793
vn -0.988604 0.023443 0.148704
vn -0.988737 -0.038124 0.144725
vn -0.984950 -0.100834 0.140377
vn -0.992232 -0.039826 -0.117857
vn -0.986689 -0.109676 -0.120068
vn 0.986408 -0.005102 -0.164233
vn 0.985987 0.009509 -0.166549
vn 0.998373 0.010741 0.056010
vn 0.998200 -0.010134 0.059119
vn 0.950198 0.007203 0.311563
vn 0.950766 -0.018271 0.309371
vn 0.839099 -0.010161 0.543884
vn 0.840869 -0.032378 0.540269
vn 0.679771 -0.022009 0.733094
vn 0.679278 -0.038602 0.732865
vn 0.985302 0.026694 -0.168722
vn 0.997967 0.026577 0.057926
vn 0.949766 0.026489 0.311837
vn 0.844826 0.014459 0.534847
vn 0.679311 0.000046 0.733850
vn 0.985815 0.021734 -0.166421
vn 0.997785 0.027364 0.060639
vn 0.950022 0.025620 0.311129
vn 0.849793 0.015958 0.526874
vn 0.680966 0.004566 0.732300
vn 0.496299 -0.002086 0.868149
vn 0.500914 -0.014185 0.865381
vn 0.497845 -0.003937 0.867257
vn 0.987439 0.006876 -0.157852
vn 0.997317 0.021683 0.069914
vn 0.948469 -0.001795 -0.316864
vn 0.950409 0.028221 0.309721
vn 0.854939 0.019377 0.518367
vn 0.685961 0.006442 0.727610
vn 0.503933 -0.004817 0.863729
vn 0.988849 0.007850 -0.148712
vn 0.996875 0.013862 0.077767
vn 0.949148 0.001801 -0.314824
vn 0.949779 0.018526 0.312372
vn 0.857706 0.020238 0.513742
vn 0.691750 0.011684 0.722043
vn 0.509741 0.001105 0.860327
vn 0.350502 -0.017588 0.936397
vn 0.341160 -0.013097 0.939914
vn 0.360854 -0.008699 0.932582
vn 0.989626 0.023698 -0.141697
vn 0.996650 0.026486 0.077379
vn 0.950290 0.014622 -0.311024
vn 0.948696 0.024143 0.315267
vn 0.857740 0.023900 0.513529
vn 0.696481 0.018039 0.717348
vn 0.512261 0.010423 0.858766
vn 0.366106 0.007901 0.930540
vn 0.951751 0.015233 -0.306495
vn 0.990202 0.016794 -0.138632
vn 0.996987 0.018483 0.075329
vn 0.949379 0.018920 0.313564
vn 0.857283 0.018179 0.514525
vn 0.698436 0.018939 0.715422
vn 0.514781 0.014856 0.857193
vn 0.371232 0.003875 0.928532
vn 0.173031 0.001643 0.984915
vn 0.168140 -0.015102 0.985647
vn 0.185231 -0.014426 0.982589
vn 0.894681 0.018047 -0.446342
vn 0.952782 0.043336 -0.300546
vn 0.986801 0.030599 -0.159023
vn 0.998333 -0.010009 0.056840
vn 0.950954 -0.031359 0.307739
vn 0.844702 -0.004964 0.535214
vn 0.705227 0.002559 0.708977
vn 0.530160 -0.039107 0.846995
vn 0.372441 -0.062094 0.925976
vn 0.177886 -0.051110 0.982723
vn 0.904433 0.028218 -0.425681
vn 0.952315 0.072014 -0.296497
vn 0.983945 0.054748 -0.169866
vn 0.999203 -0.015040 0.036975
vn 0.950987 -0.056164 0.304087
vn 0.838794 -0.016014 0.544214
vn 0.706387 -0.010033 0.707755
vn 0.525683 -0.081549 0.846763
vn 0.364523 -0.096224 0.926209
vn 0.169280 -0.057092 0.983913
vn -0.048365 -0.033996 0.998251
vn -0.040620 -0.025161 0.998858
vn -0.062602 -0.025504 0.997713
vn 0.059656 0.998011 -0.020402
vn 0.054585 0.997889 -0.035181
vn 0.080335 0.995744 -0.045176
vn 0.075180 0.996877 -0.024167
vn 0.094093 0.995558 -0.003222
vn 0.119876 0.992780 0.004098
vn 0.133185 0.991026 -0.011358
vn 0.181112 0.983448 0.005391
vn 0.150534 0.988367 0.021694
vn 0.194410 0.980099 0.040147
vn 0.114408 0.989133 0.092344
vn 0.156655 0.982502 0.100739
vn 0.076561 0.992793 0.092195
vn 0.116511 0.987081 0.109981
vn 0.048120 0.997825 0.045055
vn 0.077895 0.994924 0.063711
vn 0.026431 0.999601 0.010007
vn 0.034794 0.999354 0.008994
vn 0.011895 0.999831 -0.014030
vn 0.012196 0.999080 -0.041107
vn 0.001666 0.999647 -0.026519
vn 0.007768 0.996751 -0.080165
vn 0.128436 0.991208 -0.031788
vn 0.106620 0.994272 -0.007501
vn 0.143893 0.987293 -0.067428
vn 0.091678 0.995074 -0.037733
vn 0.088513 0.996010 -0.011409
vn 0.039968 0.996358 0.075322
vn 0.010078 0.997165 0.074569
vn 0.018026 0.998956 0.041986
vn 0.031423 0.998348 0.048110
vn 0.018441 0.998592 0.049739
vn -0.004897 0.998497 0.054595
vn 0.178171 0.983642 -0.026509
vn 0.176940 0.984221 0.001314
vn 0.171556 0.982553 -0.071821
vn 0.168621 0.985330 -0.026306
vn 0.127483 0.991806 0.008307
vn 0.040445 0.993764 0.103909
vn 0.036950 0.992982 0.112342
vn 0.067062 0.993187 0.095304
vn 0.056161 0.992616 0.107519
vn 0.024742 0.994982 0.096945
vn -0.004869 0.995377 0.095917
vn 0.142325 0.989761 0.010818
vn 0.137025 0.990562 0.003297
vn 0.137652 0.989480 -0.044520
vn 0.137802 0.990162 -0.024278
vn 0.093774 0.995063 0.032487
vn 0.032588 0.992618 0.116822
vn 0.055614 0.991359 0.118803
vn 0.073868 0.992893 0.093316
vn 0.046913 0.993614 0.102616
vn 0.017884 0.994686 0.101395
vn -0.001071 0.994336 0.106281
vn 0.084756 0.993834 0.071486
vn 0.034386 0.999109 0.024456
vn 0.077687 0.996971 0.003676
vn -0.017149 0.999352 -0.031663
vn -0.040331 0.999063 0.015719
vn -0.008124 0.998048 0.061919
vn 0.064491 0.993108 0.097866
vn 0.079898 0.989993 0.116317
vn 0.037675 0.993183 0.110308
vn 0.001150 0.995771 0.091864
vn -0.002370 0.997775 0.066633
vn -0.000896 0.998761 0.049756
vn -0.011790 0.998017 0.061837
vn 0.045187 0.998048 -0.043119
vn -0.026974 0.999279 0.026736
vn 0.027559 0.998408 0.049219
vn 0.098986 0.991462 -0.084883
vn 0.070996 0.992352 0.100986
vn 0.000754 0.999254 0.038616
vn -0.107787 0.993719 -0.030090
vn -0.135783 0.990645 -0.013628
vn -0.033272 0.999393 0.010339
vn 0.105364 0.989238 0.101521
vn 0.105769 0.980502 0.165615
vn 0.038216 0.989815 0.137137
vn -0.010014 0.994988 0.099492
vn -0.011639 0.999114 0.040446
vn 0.010766 0.999819 -0.015668
vn 0.031626 0.999479 0.006372
vn -0.032616 0.997609 0.060930
vn 0.000246 0.999472 0.032500
vn -0.023514 0.999723 0.000849
vn -0.035412 0.998981 0.027967
vn -0.070820 0.994962 0.070954
vn -0.075551 0.994291 0.075352
vn -0.048523 0.997628 0.048826
vn 0.025435 0.999674 -0.001983
vn -0.013054 0.999766 0.017277
vn -0.074298 0.996280 0.043663
vn -0.092678 0.994439 0.050016
vn -0.067115 0.997042 0.037458
vn -0.069287 0.996953 0.035837
vn -0.081584 0.995892 0.039275
vn -0.928644 0.023622 0.370220
vn -0.927049 0.023183 0.374224
vn 0.044126 0.998976 0.009985
vn -0.009251 0.999843 0.015136
vn -0.081036 0.996552 0.017794
vn -0.108120 0.994062 0.012300
vn -0.081438 0.996670 0.004036
vn -0.064902 0.997873 0.006111
vn -0.064592 0.997896 0.005691
vn -0.980145 0.039082 0.194392
vn -0.981133 0.032744 0.190540
vn -0.983281 0.027965 0.179935
vn -0.985318 0.016459 0.169935
vn -0.987040 0.007072 0.160318
vn 0.012180 0.999916 0.004368
vn -0.020208 0.999779 -0.005813
vn -0.083188 0.996400 -0.016364
vn -0.119532 0.992516 -0.025000
vn -0.091048 0.995440 -0.028456
vn -0.050097 0.998581 -0.018061
vn -0.038019 0.999206 -0.011957
vn -0.995193 0.054532 -0.081351
vn -0.995710 0.035866 -0.085294
vn -0.996045 0.020591 -0.086434
vn -0.995459 0.005743 -0.095013
vn -0.994492 -0.004331 -0.104720
vn -0.993585 0.010896 -0.112563
vn -0.992822 0.020360 -0.117855
vn -0.992543 0.026813 -0.118906
vn -0.051818 0.998655 -0.001573
vn -0.047135 0.998837 -0.010176
vn -0.082193 0.995998 -0.035102
vn -0.117112 0.991730 -0.052505
vn -0.092985 0.994548 -0.047212
vn -0.037243 0.998954 -0.026527
vn -0.015678 0.999699 -0.018845
vn -0.910482 0.059693 -0.409218
vn -0.915873 0.040886 -0.399382
vn -0.920422 0.022504 -0.390278
vn -0.922499 0.004030 -0.385978
vn -0.924558 -0.007042 -0.380977
vn -0.924372 0.007027 -0.381428
vn -0.922039 0.012356 -0.386900
vn -0.919285 0.028869 -0.392532
vn -0.918818 -0.031247 -0.393442
vn -0.913707 -0.111099 -0.390892
vn -0.043599 0.999048 -0.001468
vn -0.056820 0.998232 -0.017456
vn -0.087771 0.994822 -0.051246
vn -0.109424 0.991164 -0.074970
vn -0.087391 0.993756 -0.069365
vn -0.034905 0.998119 -0.050398
vn -0.013030 0.998957 -0.043768
vn -0.781798 0.027241 -0.622936
vn -0.778840 0.026170 -0.626676
vn -0.768564 0.022099 -0.639391
vn -0.764194 0.003148 -0.644979
vn -0.762289 -0.002975 -0.647230
vn -0.761300 0.005724 -0.648375
vn -0.757436 0.000492 -0.652909
vn -0.750380 0.019647 -0.660715
vn -0.749855 -0.021209 -0.661262
vn -0.747824 -0.089994 -0.657769
vn -0.052675 0.998591 -0.006372
vn -0.071722 0.996847 -0.033937
vn -0.087136 0.993543 -0.072660
vn -0.098150 0.989948 -0.101827
vn -0.078948 0.992336 -0.095064
vn -0.045959 0.996521 -0.069532
vn -0.033208 0.997689 -0.059271
vn -0.633027 -0.023239 -0.773781
vn -0.626662 -0.010277 -0.779223
vn -0.607504 0.002692 -0.794312
vn -0.593731 -0.011688 -0.804579
vn -0.586198 -0.003594 -0.810160
vn -0.583635 0.004446 -0.812004
vn -0.582242 -0.006829 -0.812987
vn -0.580048 0.008887 -0.814534
vn -0.578713 -0.013348 -0.815422
vn -0.577665 -0.056201 -0.814337
vn 0.502691 -0.021303 0.864204
vn 0.332116 0.002085 0.943236
vn 0.332958 0.011691 0.942869
vn 0.163491 0.012693 0.986463
vn 0.162107 0.030513 0.986301
vn -0.043665 0.005545 0.999031
vn -0.049060 0.002960 0.998791
vn 0.333373 -0.005952 0.942776
vn 0.163776 -0.011921 0.986426
vn -0.038697 -0.009150 0.999209
vn 0.167050 -0.020029 0.985745
vn -0.037657 -0.022153 0.999045
vn 0.167976 -0.022314 0.985539
vn -0.039979 -0.013102 0.999115
vn -0.047612 -0.009123 0.998824
vn -0.046624 -0.009253 0.998870
vn 0.133687 0.985481 -0.104664
vn 0.013992 -0.998569 0.051609
vn 0.046305 -0.998901 -0.007292
vn -0.002054 -0.996543 0.083054
vn -0.007113 -0.998229 0.059069
vn 0.002743 -0.999664 0.025792
vn 0.055894 -0.996209 0.066660
vn 0.073972 -0.993878 0.082060
vn 0.106637 -0.992375 0.061817
vn 0.139255 -0.989330 0.042838
vn 0.132178 -0.991126 0.014110
vn 0.091838 -0.995720 -0.010381
vn 0.071166 -0.997352 -0.014966
vn 0.070070 -0.996992 -0.033130
vn 0.068371 -0.996197 -0.054007
vn 0.044600 -0.998966 0.008859
vn -0.005055 -0.995363 0.096060
vn -0.026473 -0.991481 0.127534
vn -0.014184 -0.996568 0.081552
vn 0.036198 -0.997329 0.063448
vn 0.051451 -0.996689 0.062959
vn 0.058020 -0.997042 0.050416
vn 0.063099 -0.997340 0.036503
vn 0.062046 -0.997876 0.019841
vn 0.072754 -0.997249 -0.014200
vn 0.098989 -0.994248 -0.040882
vn 0.128655 -0.989426 -0.066969
vn 0.123761 -0.989792 -0.070680
vn 0.091474 -0.994794 -0.044916
vn 0.462721 -0.118574 0.878538
vn 0.336437 -0.098826 0.936506
vn 0.652917 -0.108272 0.749651
vn 0.865399 -0.050505 0.498532
vn 0.964303 0.022928 0.263805
vn 0.996957 0.060547 0.049100
vn 0.984458 0.034990 -0.172100
vn 0.925701 -0.045974 -0.375453
vn 0.794578 -0.106334 -0.597779
vn 0.607012 -0.104672 -0.787769
vn 0.417278 -0.075882 -0.905605
vn 0.255956 -0.054989 -0.965123
vn 0.066813 -0.064057 -0.995707
vn -0.149195 -0.099250 -0.983814
vn -0.358130 -0.126147 -0.925111
vn -0.509763 -0.136452 -0.849425
vn -0.684707 -0.132655 -0.716644
vn -0.867635 -0.110224 -0.484830
vn -0.959310 -0.099129 -0.264383
vn -0.997992 -0.041307 -0.048011
vn -0.976466 0.044438 0.211045
vn -0.872633 0.133297 0.469833
vn -0.738840 0.204315 0.642161
vn -0.549838 0.186808 0.814114
vn -0.346215 0.093103 0.933524
vn -0.158905 0.055473 0.985734
vn 0.031973 0.005133 0.999476
vn 0.204834 -0.055385 0.977229
s 1
g ToiletPaper_Low
usemtl blinn1SG
f 1//1 9//2 10//3 2//4
f 1//1 2//4 134//5 133//6
f 2//4 10//3 11//7 3//8
f 2//4 3//8 135//9 134//5
f 3//8 11//7 12//10 4//11
f 3//8 4//11 136//12 135//9
f 4//11 12//10 13//13 5//14
f 4//11 5//14 137//15 136//12
f 5//14 13//13 14//16 6//17
f 5//14 6//17 138//18 137//15
f 6//17 14//16 15//19 7//20
f 6//17 7//20 139//21 138//18
f 7//20 15//19 16//22 8//23
f 7//20 8//23 140//24 139//21
f 9//2 141//25 142//26 10//3
f 10//3 142//26 143//27 11//7
f 11//7 143//27 144//28 12//10
f 12//10 144//28 17//29 13//13
f 13//13 17//29 18//30 14//16
f 14//16 18//30 19//31 15//19
f 15//19 19//31 20//32 16//22
f 17//29 144//28 148//33 149//34
f 17//29 149//34 150//35 18//30
f 18//30 150//35 151//36 19//31
f 19//31 151//36 152//37 20//32
f 21//38 168//39 167//40 32//41
f 21//38 32//41 33//42 22//43
f 22//43 33//42 34//44 23//45
f 23//45 34//44 35//46 24//47
f 24//47 35//46 36//48 25//49
f 25//49 36//48 37//50 26//51
f 26//51 37//50 38//52 27//53
f 27//53 38//52 39//54 28//55
f 28//55 39//54 40//56 29//57
f 29//57 40//56 41//58 30//59
f 30//59 41//58 178//60 31//61
f 31//61 178//60 198//62 199//63
f 32//41 167//40 166//64 42//65
f 32//41 42//65 43//66 33//42
f 33//42 43//66 44//67 34//44
f 34//44 44//67 45//68 35//46
f 35//46 45//68 46//69 36//48
f 36//48 46//69 47//70 37//50
f 37//50 47//70 48//71 38//52
f 38//52 48//71 49//72 39//54
f 39//54 49//72 50//73 40//56
f 40//56 50//73 177//74 41//58
f 41//58 177//74 191//75 178//60
f 42//65 166//64 165//76 51//77
f 42//65 51//77 52//78 43//66
f 43//66 52//78 53//79 44//67
f 44//67 53//79 54//80 45//68
f 45//68 54//80 55//81 46//69
f 46//69 55//81 56//82 47//70
f 47//70 56//82 57//83 48//71
f 48//71 57//83 58//84 49//72
f 49//72 58//84 59//85 50//73
f 50//73 59//85 176//86 177//74
f 51//77 165//76 164//87 60//88
f 51//77 60//88 61//89 52//78
f 52//78 61//89 62//90 53//79
f 53//79 62//90 63//91 54//80
f 54//80 63//91 64//92 55//81
f 55//81 64//92 65//93 56//82
f 56//82 65//93 66//94 57//83
f 57//83 66//94 67//95 58//84
f 58//84 67//95 175//96 59//85
f 59//85 175//96 185//97 176//86
f 60//88 68//98 69//99 61//89
f 60//88 164//87 163//100 68//98
f 61//89 69//99 70//101 62//90
f 62//90 70//101 71//102 63//91
f 63//91 71//102 72//103 64//92
f 64//92 72//103 73//104 65//93
f 65//93 73//104 74//105 66//94
f 66//94 74//105 173//106 67//95
f 67//95 173//106 174//107 175//96
f 68//98 75//108 76//109 69//99
f 68//98 163//100 162//110 75//108
f 69//99 76//109 77//111 70//101
f 70//101 77//111 78//112 71//102
f 71//102 78//112 79//113 72//103
f 72//103 79//113 80//114 73//104
f 73//104 80//114 171//115 74//105
f 74//105 171//115 172//116 173//106
f 75//108 81//117 82//118 76//109
f 75//108 162//110 161//119 81//117
f 76//109 82//118 83//120 77//111
f 77//111 83//120 84//121 78//112
f 78//112 84//121 85//122 79//113
f 79//113 85//122 169//123 80//114
f 80//114 169//123 170//124 171//115
f 86//125 214//126 88//127 89//128
f 86//125 207//129 206//130 214//126
f 87//131 219//132 91//133 92//134
f 87//131 213//135 212//136 219//132
f 87//131 88//127 214//126 213//135
f 87//131 92//134 93//137 88//127
f 88//127 93//137 94//138 89//128
f 90//139 222//140 95//141 96//142
f 90//139 218//143 217//144 222//140
f 90//139 91//133 219//132 218//143
f 90//139 96//142 97//145 91//133
f 91//133 97//145 98//146 92//134
f 92//134 98//146 99//147 93//137
f 93//137 99//147 100//148 94//138
f 95//141 103//149 104//150 96//142
f 95//141 224//151 102//152 103//149
f 95//141 222//140 221//153 224//151
f 96//142 104//150 105//154 97//145
f 97//145 105//154 106//155 98//146
f 98//146 106//155 107//156 99//147
f 99//147 107//156 108//157 100//148
f 101//158 102//152 224//151 223//159
f 101//158 109//160 110//161 102//152
f 102//152 110//161 111//162 103//149
f 103//149 111//162 112//163 104//150
f 104//150 112//163 113//164 105//154
f 105//154 113//164 114//165 106//155
f 106//155 114//165 115//166 107//156
f 107//156 115//166 116//167 108//157
f 109//160 117//168 118//169 110//161
f 110//161 118//169 119//170 111//162
f 111//162 119//170 120//171 112//163
f 112//163 120//171 121//172 113//164
f 113//164 121//172 122//173 114//165
f 114//165 122//173 123//174 115//166
f 115//166 123//174 124//175 116//167
f 117//168 125//176 126//177 118//169
f 118//169 126//177 127//178 119//170
f 119//170 127//178 128//179 120//171
f 120//171 128//179 129//180 121//172
f 121//172 129//180 130//181 122//173
f 122//173 130//181 131//182 123//174
f 123//174 131//182 132//183 124//175
f 125//176 133//6 134//5 126//177
f 126//177 134//5 135//9 127//178
f 127//178 135//9 136//12 128//179
f 128//179 136//12 137//15 129//180
f 129//180 137//15 138//18 130//181
f 130//181 138//18 139//21 131//182
f 131//182 139//21 140//24 132//183
f 141//25 145//184 146//185 142//26
f 142//26 146//185 147//186 143//27
f 143//27 147//186 148//33 144//28
f 145//184 153//187 154//188 146//185
f 146//185 154//188 155//189 147//186
f 147//186 155//189 156//190 148//33
f 148//33 156//190 157//191 149//34
f 149//34 157//191 158//192 150//35
f 150//35 158//192 159//193 151//36
f 151//36 159//193 160//194 152//37
f 153//187 161//119 162//110 154//188
f 154//188 162//110 163//100 155//189
f 155//189 163//100 164//87 156//190
f 156//190 164//87 165//76 157//191
f 157//191 165//76 166//64 158//192
f 158//192 166//64 167//40 159//193
f 159//193 167//40 168//39 160//194
f 170//124 179//195 172//116 171//115
f 172//116 181//196 174//107 173//106
f 172//116 179//195 180//197 181//196
f 174//107 181//196 183//198 184//199
f 174//107 184//199 185//97 175//96
f 176//86 185//97 189//200 190//201
f 176//86 190//201 191//75 177//74
f 178//60 191//75 197//202 198//62
f 180//197 182//203 183//198 181//196
f 182//203 186//204 187//205 183//198
f 183//198 187//205 188//206 184//199
f 184//199 188//206 189//200 185//97
f 186//204 192//207 193//208 187//205
f 187//205 193//208 194//209 188//206
f 188//206 194//209 195//210 189//200
f 189//200 195//210 196//211 190//201
f 190//201 196//211 197//202 191//75
f 192//207 200//212 201//213 193//208
f 193//208 201//213 202//214 194//209
f 194//209 202//214 203//215 195//210
f 195//210 203//215 204//216 196//211
f 196//211 204//216 205//217 197//202
f 197//202 205//217 206//130 198//62
f 198//62 206//130 207//129 199//63
f 200//212 208//218 209//219 201//213
f 201//213 209//219 210//220 202//214
f 202//214 210//220 211//221 203//215
f 203//215 211//221 212//136 204//216
f 204//216 212//136 213//135 205//217
f 205//217 213//135 214//126 206//130
f 208//218 215//222 216//223 209//219
f 209//219 216//223 217//144 210//220
f 210//220 217//144 218//143 211//221
f 211//221 218//143 219//132 212//136
f 215//222 220//224 221//153 216//223
f 216//223 221//153 222//140 217//144
f 220//224 223//159 224//151 221//153
f 225//225 226//226 232//227 231//228
f 225//225 315//229 316//230 226//226
f 226//226 227//231 233//232 232//227
f 226//226 316//230 317//233 227//231
f 227//231 228//234 234//235 233//232
f 227//231 317//233 318//236 228//234
f 228//234 229//237 235//238 234//235
f 228//234 318//236 319//239 229//237
f 229//237 230//240 236//241 235//238
f 229//237 319//239 320//242 230//240
f 231//228 232//227 322//243 321//244
f 232//227 233//232 323//245 322//243
f 233//232 234//235 324//246 323//245
f 234//235 235//238 237//247 324//246
f 235//238 236//241 238//248 237//247
f 237//247 329//249 328//250 324//246
f 237//247 238//248 330//251 329//249
f 239//252 248//253 341//254 342//255
f 239//252 240//256 249//257 248//253
f 240//256 241//258 250//259 249//257
f 241//258 242//260 251//261 250//259
f 242//260 243//262 252//263 251//261
f 243//262 244//264 253//265 252//263
f 244//264 245//266 254//267 253//265
f 245//266 246//268 255//269 254//267
f 246//268 247//270 256//271 255//269
f 247//270 351//272 350//273 256//271
f 248//253 257//274 340//275 341//254
f 248//253 249//257 258//276 257//274
f 249//257 250//259 259//277 258//276
f 250//259 251//261 260//278 259//277
f 251//261 252//263 261//279 260//278
f 252//263 253//265 262//280 261//279
f 253//265 254//267 263//281 262//280
f 254//267 255//269 264//282 263//281
f 255//269 256//271 349//283 264//282
f 256//271 350//273 358//284 349//283
f 257//274 258//276 266//285 265//286
f 257//274 265//286 339//287 340//275
f 258//276 259//277 267//288 266//285
f 259//277 260//278 268//289 267//288
f 260//278 261//279 269//290 268//289
f 261//279 262//280 270//291 269//290
f 262//280 263//281 271//292 270//291
f 263//281 264//282 347//293 271//292
f 264//282 349//283 348//294 347//293
f 265//286 266//285 273//295 272//296
f 265//286 272//296 338//297 339//287
f 266//285 267//288 274//298 273//295
f 267//288 268//289 275//299 274//298
f 268//289 269//290 276//300 275//299
f 269//290 270//291 277//301 276//300
f 270//291 271//292 345//302 277//301
f 271//292 347//293 346//303 345//302
f 272//296 273//295 279//304 278//305
f 272//296 278//305 337//306 338//297
f 273//295 274//298 280//307 279//304
f 274//298 275//299 281//308 280//307
f 275//299 276//300 282//309 281//308
f 276//300 277//301 343//310 282//309
f 277//301 345//302 344//311 343//310
f 283//312 286//313 285//314 387//315
f 283//312 387//315 381//316 382//317
f 284//318 288//319 287//320 390//321
f 284//318 390//321 385//322 386//323
f 284//318 386//323 387//315 285//314
f 284//318 285//314 289//324 288//319
f 285//314 286//313 290//325 289//324
f 287//320 288//319 294//326 293//327
f 287//320 293//327 292//328 392//329
f 287//320 392//329 389//330 390//321
f 288//319 289//324 295//331 294//326
f 289//324 290//325 296//332 295//331
f 291//333 391//334 392//329 292//328
f 291//333 292//328 298//335 297//336
f 292//328 293//327 299//337 298//335
f 293//327 294//326 300//338 299//337
f 294//326 295//331 301//339 300//338
f 295//331 296//332 302//340 301//339
f 297//336 298//335 304//341 303//342
f 298//335 299//337 305//343 304//341
f 299//337 300//338 306//344 305//343
f 300//338 301//339 307//345 306//344
f 301//339 302//340 308//346 307//345
f 303//342 304//341 310//347 309//348
f 304//341 305//343 311//349 310//347
f 305//343 306//344 312//350 311//349
f 306//344 307//345 313//351 312//350
f 307//345 308//346 314//352 313//351
f 309//348 310//347 316//230 315//229
f 310//347 311//349 317//233 316//230
f 311//349 312//350 318//236 317//233
f 312//350 313//351 319//239 318//236
f 313//351 314//352 320//242 319//239
f 321//244 322//243 326//353 325//354
f 322//243 323//245 327//355 326//353
f 323//245 324//246 328//250 327//355
f 325//354 326//353 332//356 331//357
f 326//353 327//355 333//358 332//356
f 327//355 328//250 334//359 333//358
f 328//250 329//249 335//360 334//359
f 329//249 330//251 336//361 335//360
f 331//357 332//356 338//297 337//306
f 332//356 333//358 339//287 338//297
f 333//358 334//359 340//275 339//287
f 334//359 335//360 341//254 340//275
f 335//360 336//361 342//255 341//254
f 344//311 345//302 346//303 352//362
f 346//303 347//293 348//294 354//363
f 346//303 354//363 353//364 352//362
f 348//294 357//365 356//366 354//363
f 348//294 349//283 358//284 357//365
f 350//273 363//367 362//368 358//284
f 350//273 351//272 364//369 363//367
f 353//364 354//363 356//366 355//370
f 355//370 356//366 360//371 359//372
f 356//366 357//365 361//373 360//371
f 357//365 358//284 362//368 361//373
f 359//372 360//371 366//374 365//375
f 360//371 361//373 367//376 366//374
f 361//373 362//368 368//377 367//376
f 362//368 363//367 369//378 368//377
f 363//367 364//369 370//379 369//378
f 365//375 366//374 372//380 371//381
f 366//374 367//376 373//382 372//380
f 367//376 368//377 374//383 373//382
f 368//377 369//378 375//384 374//383
f 369//378 370//379 376//385 375//384
f 371//381 372//380 378//386 377//387
f 372//380 373//382 379//388 378//386
f 373//382 374//383 380//389 379//388
f 374//383 375//384 381//316 380//389
f 375//384 376//385 382//317 381//316
f 377//387 378//386 384//390 383//391
f 378//386 379//388 385//322 384//390
f 379//388 380//389 386//323 385//322
f 380//389 381//316 387//315 386//323
f 383//391 384//390 389//330 388//392
f 384//390 385//322 390//321 389//330
f 388//392 389//330 392//329 391//334
f 1//1 133//6 315//229 225//225
f 133//6 125//176 309//348 315//229
f 125//176 117//168 303//342 309//348
f 117//168 109//160 297//336 303//342
f 109//160 101//158 291//333 297//336
f 101//158 223//159 391//334 291//333
f 223//159 220//224 388//392 391//334
f 220//224 215//222 383//391 388//392
f 215//222 208//218 377//387 383//391
f 208//218 200//212 371//381 377//387
f 200//212 192//207 365//375 371//381
f 192//207 186//204 359//372 365//375
f 186//204 182//203 355//370 359//372
f 182//203 180//197 353//364 355//370
f 180//197 179//195 352//362 353//364
f 179//195 170//124 344//311 352//362
f 170//124 169//123 343//310 344//311
f 169//123 85//122 282//309 343//310
f 85//122 84//121 281//308 282//309
f 84//121 83//120 280//307 281//308
f 83//120 82//118 279//304 280//307
f 82//118 81//117 278//305 279//304
f 81//117 161//119 337//306 278//305
f 161//119 153//187 331//357 337//306
f 153//187 145//184 325//354 331//357
f 145//184 141//25 321//244 325//354
f 141//25 9//2 231//228 321//244
f 9//2 1//1 225//225 231//228
s 10
f 393//393 399//394 400//395 394//396
f 393//393 394//396 535//397 534//398
f 394//396 400//395 401//399 395//400
f 394//396 395//400 536//401 535//397
f 395//400 401//399 402//402 396//403
f 395//400 396//403 537//404 536//401
f 396//403 402//402 403//405 397//406
f 396//403 397//406 538//407 537//404
f 397//406 403//405 404//408 398//409
f 397//406 398//409 539//410 538//407
f 399//394 405//411 406//412 400//395
f 400//395 406//412 407//413 401//399
f 401//399 407//413 408//414 402//402
f 402//402 408//414 409//415 403//405
f 403//405 409//415 410//416 404//408
f 405//411 542//417 411//418 406//412
f 406//412 411//418 412//419 407//413
f 407//413 412//419 413//420 408//414
f 408//414 413//420 414//421 409//415
f 409//415 414//421 415//422 410//416
f 411//418 542//417 543//423 544//424
f 411//418 544//424 545//425 412//419
f 412//419 545//425 546//426 413//420
f 413//420 546//426 547//427 414//421
f 414//421 547//427 416//428 415//422
f 416//428 547//427 552//429 553//430
f 417//431 485//432 488//433 489//434
f 417//431 450//435 461//436 485//432
f 417//431 418//437 541//438 450//435
f 417//431 489//434 490//439 418//437
f 418//437 419//440 540//441 541//438
f 418//437 490//439 491//442 419//440
f 420//443 430//444 431//445 421//446
f 420//443 557//447 556//448 430//444
f 421//446 431//445 432//449 422//450
f 422//450 432//449 433//451 423//452
f 423//452 433//451 434//453 424//454
f 424//454 434//453 435//455 425//456
f 425//456 435//455 436//457 426//458
f 426//458 436//457 437//459 427//460
f 427//460 437//459 438//461 428//462
f 428//462 438//461 439//463 429//464
f 429//464 439//463 541//438 540//441
f 430//444 440//465 441//466 431//445
f 430//444 556//448 555//467 440//465
f 431//445 441//466 442//468 432//449
f 432//449 442//468 443//469 433//451
f 433//451 443//469 444//470 434//453
f 434//453 444//470 445//471 435//455
f 435//455 445//471 446//472 436//457
f 436//457 446//472 447//473 437//459
f 437//459 447//473 448//474 438//461
f 438//461 448//474 449//475 439//463
f 439//463 449//475 450//435 541//438
f 440//465 451//476 452//477 441//466
f 440//465 555//467 554//478 451//476
f 441//466 452//477 453//479 442//468
f 442//468 453//479 454//480 443//469
f 443//469 454//480 455//481 444//470
f 444//470 455//481 456//482 445//471
f 445//471 456//482 457//483 446//472
f 446//472 457//483 458//484 447//473
f 447//473 458//484 459//485 448//474
f 448//474 459//485 460//486 449//475
f 449//475 460//486 461//436 450//435
f 451//476 463//487 464//488 452//477
f 451//476 554//478 462//489 463//487
f 452//477 464//488 465//490 453//479
f 453//479 465//490 466//491 454//480
f 454//480 466//491 467//492 455//481
f 455//481 467//492 468//493 456//482
f 456//482 468//493 469//494 457//483
f 457//483 469//494 470//495 458//484
f 458//484 470//495 471//496 459//485
f 459//485 471//496 472//497 460//486
f 460//486 472//497 473//498 461//436
f 461//436 473//498 560//499 485//432
f 462//489 549//500 548//501 474//502
f 462//489 554//478 550//503 549//500
f 462//489 474//502 475//504 463//487
f 463//487 475//504 476//505 464//488
f 464//488 476//505 477//506 465//490
f 465//490 477//506 478//507 466//491
f 466//491 478//507 479//508 467//492
f 467//492 479//508 480//509 468//493
f 468//493 480//509 481//510 469//494
f 469//494 481//510 482//511 470//495
f 470//495 482//511 483//512 471//496
f 471//496 483//512 484//513 472//497
f 472//497 484//513 558//514 473//498
f 473//498 558//514 559//515 560//499
f 485//432 560//499 487//516 488//433
f 486//517 492//518 493//519 487//516
f 486//517 487//516 560//499 559//515
f 487//516 493//519 494//520 488//433
f 488//433 494//520 495//521 489//434
f 489//434 495//521 496//522 490//439
f 490//439 496//522 497//523 491//442
f 492//518 498//524 499//525 493//519
f 493//519 499//525 500//526 494//520
f 494//520 500//526 501//527 495//521
f 495//521 501//527 502//528 496//522
f 496//522 502//528 503//529 497//523
f 498//524 504//530 505//531 499//525
f 499//525 505//531 506//532 500//526
f 500//526 506//532 507//533 501//527
f 501//527 507//533 508//534 502//528
f 502//528 508//534 509//535 503//529
f 504//530 510//536 511//537 505//531
f 505//531 511//537 512//538 506//532
f 506//532 512//538 513//539 507//533
f 507//533 513//539 514//540 508//534
f 508//534 514//540 515//541 509//535
f 510//536 516//542 517//543 511//537
f 511//537 517//543 518//544 512//538
f 512//538 518//544 519//545 513//539
f 513//539 519//545 520//546 514//540
f 514//540 520//546 521//547 515//541
f 516//542 522//548 523//549 517//543
f 517//543 523//549 524//550 518//544
f 518//544 524//550 525//551 519//545
f 519//545 525//551 526//552 520//546
f 520//546 526//552 527//553 521//547
f 522//548 528//554 529//555 523//549
f 523//549 529//555 530//556 524//550
f 524//550 530//556 531//557 525//551
f 525//551 531//557 532//558 526//552
f 526//552 532//558 533//559 527//553
f 528//554 534//398 535//397 529//555
f 529//555 535//397 536//401 530//556
f 530//556 536//401 537//404 531//557
f 531//557 537//404 538//407 532//558
f 532//558 538//407 539//410 533//559
f 543//423 548//501 549//500 544//424
f 544//424 549//500 550//503 545//425
f 545//425 550//503 551//560 546//426
f 546//426 551//560 552//429 547//427
f 550//503 554//478 555//467 551//560
f 551//560 555//467 556//448 552//429
f 552//429 556//448 557//447 553//430
s 14
f 8//561 16//562 576//563 561//564
f 8//561 561//564 894//565 140//566
f 561//564 576//563 577//567 562//568
f 561//564 562//568 895//569 894//565
f 562//568 577//567 578//570 563//571
f 562//568 563//571 896//572 895//569
f 563//571 578//570 579//573 564//574
f 563//571 564//574 897//575 896//572
f 564//574 579//573 580//576 565//577
f 564//574 565//577 898//578 897//575
f 565//577 580//576 581//579 566//580
f 565//577 566//580 899//581 898//578
s 15
f 566//582 581//583 582//584 567//585
f 566//582 567//585 900//586 899//587
f 567//585 582//584 583//588 568//589
f 567//585 568//589 901//590 900//586
f 568//589 583//588 584//591 569//592
f 568//589 569//592 902//593 901//590
f 569//592 584//591 585//594 570//595
f 569//592 570//595 903//596 902//593
f 570//595 585//594 586//597 571//598
f 570//595 571//598 904//599 903//596
f 571//598 586//597 587//600 572//601
f 571//598 572//601 905//602 904//599
f 572//601 587//600 588//603 573//604
f 572//601 573//604 906//605 905//602
f 573//604 588//603 589//606 574//607
f 573//604 574//607 907//608 906//605
f 574//607 589//606 590//609 575//610
f 574//607 575//610 908//611 907//608
s 14
f 16//562 20//612 591//613 576//563
f 576//563 591//613 592//614 577//567
f 577//567 592//614 593//615 578//570
f 578//570 593//615 594//616 579//573
f 579//573 594//616 595//617 580//576
f 580//576 595//617 596//618 581//579
s 15
f 581//583 596//619 597//620 582//584
f 582//584 597//620 598//621 583//588
f 583//588 598//621 599//622 584//591
f 584//591 599//622 600//623 585//594
f 585//594 600//623 601//624 586//597
f 586//597 601//624 602//625 587//600
f 587//600 602//625 603//626 588//603
f 588//603 603//626 604//627 589//606
f 589//606 604//627 605//628 590//609
s 14
f 20//612 152//629 606//630 591//613
f 591//613 606//630 607//631 592//614
f 592//614 607//631 608//632 593//615
f 593//615 608//632 609//633 594//616
f 594//616 609//633 610//634 595//617
f 595//617 610//634 611//635 596//618
s 15
f 596//619 611//636 612//637 597//620
f 597//620 612//637 613//638 598//621
f 598//621 613//638 614//639 599//622
f 599//622 614//639 615//640 600//623
f 600//623 615//640 616//641 601//624
f 601//624 616//641 617//642 602//625
f 602//625 617//642 618//643 603//626
f 603//626 618//643 619//644 604//627
f 604//627 619//644 620//645 605//628
s 14
f 606//630 152//629 160//646 951//647
f 606//630 951//647 952//648 607//631
f 607//631 952//648 953//649 608//632
f 608//632 953//649 954//650 609//633
f 609//633 954//650 621//651 610//634
f 610//634 621//651 622//652 611//635
s 15
f 611//636 622//653 623//654 612//637
f 612//637 623//654 624//655 613//638
f 613//638 624//655 625//656 614//639
f 614//639 625//656 626//657 615//640
f 615//640 626//657 627//658 616//641
f 616//641 627//658 628//659 617//642
f 617//642 628//659 629//660 618//643
f 618//643 629//660 630//661 619//644
f 619//644 630//661 631//662 620//645
s 14
f 621//651 959//663 960//664 622//652
f 621//651 954//650 958//665 959//663
s 15
f 622//653 960//666 961//667 623//654
f 623//654 961//667 962//668 624//655
f 624//655 962//668 632//669 625//656
f 625//656 632//669 633//670 626//657
f 626//657 633//670 634//671 627//658
f 627//658 634//671 635//672 628//659
f 628//659 635//672 636//673 629//660
f 629//660 636//673 637//674 630//661
f 630//661 637//674 638//675 631//662
f 632//669 970//676 971//677 633//670
f 632//669 962//668 969//678 970//676
f 633//670 971//677 972//679 634//671
f 634//671 972//679 973//680 635//672
f 635//672 973//680 639//681 636//673
f 636//673 639//681 640//682 637//674
f 637//674 640//682 641//683 638//675
f 639//681 977//684 978//685 640//682
f 639//681 973//680 976//686 977//684
f 640//682 978//685 979//687 641//683
s 14
f 642//688 795//689 797//690 798//691
f 642//688 771//692 782//693 795//689
f 642//688 643//694 950//695 771//692
f 642//688 798//691 799//696 643//694
f 643//694 644//697 949//698 950//695
f 643//694 799//696 800//699 644//697
f 644//697 645//700 948//701 949//698
f 644//697 800//699 655//702 645//700
s 15
f 645//703 646//704 946//705 948//706
f 645//703 655//707 656//708 646//704
f 646//704 647//709 944//710 946//705
f 646//704 656//708 657//711 647//709
f 647//709 648//712 941//713 944//710
f 647//709 657//711 658//714 648//712
f 648//712 649//715 938//716 941//713
f 648//712 658//714 659//717 649//715
f 649//715 659//717 660//718 650//719
f 649//715 650//719 934//720 938//716
f 650//719 660//718 661//721 651//722
f 650//719 651//722 930//723 934//720
f 651//722 661//721 662//724 652//725
f 651//722 652//725 925//726 930//723
f 652//725 662//724 663//727 653//728
f 652//725 653//728 920//729 925//726
f 653//728 663//727 664//730 654//731
f 653//728 654//731 914//732 920//729
s 14
f 655//702 800//699 805//733 806//734
s 15
f 655//707 806//735 807//736 656//708
f 656//708 807//736 808//737 657//711
f 657//711 808//737 665//738 658//714
f 658//714 665//738 666//739 659//717
f 659//717 666//739 667//740 660//718
f 660//718 667//740 668//741 661//721
f 661//721 668//741 669//742 662//724
f 662//724 669//742 670//743 663//727
f 663//727 670//743 671//744 664//730
f 665//738 808//737 816//745 817//746
f 665//738 817//746 818//747 666//739
f 666//739 818//747 819//748 667//740
f 667//740 819//748 672//749 668//741
f 668//741 672//749 673//750 669//742
f 669//742 673//750 674//751 670//743
f 670//743 674//751 675//752 671//744
f 672//749 819//748 830//753 831//754
f 672//749 831//754 832//755 673//750
f 673//750 832//755 833//756 674//751
f 674//751 833//756 676//757 675//752
f 676//757 833//756 847//758 848//759
f 677//760 979//687 978//685 681//761
f 677//760 681//761 682//762 678//763
f 678//763 682//762 683//764 679//765
f 679//765 683//764 684//766 680//767
f 680//767 684//766 915//768 909//769
f 681//761 685//770 686//771 682//762
f 681//761 978//685 977//684 685//770
f 682//762 686//771 687//772 683//764
f 683//764 687//772 688//773 684//766
f 684//766 688//773 689//774 915//768
f 685//770 690//775 691//776 686//771
f 685//770 977//684 976//686 690//775
f 686//771 691//776 692//777 687//772
f 687//772 692//777 693//778 688//773
f 688//773 693//778 694//779 689//774
f 689//774 921//780 916//781 915//768
f 689//774 694//779 926//782 921//780
f 690//775 695//783 696//784 691//776
f 690//775 976//686 975//785 695//783
f 691//776 696//784 697//786 692//777
f 692//777 697//786 698//787 693//778
f 693//778 698//787 699//788 694//779
f 694//779 699//788 700//789 926//782
f 695//783 701//790 702//791 696//784
f 695//783 975//785 974//792 701//790
f 696//784 702//791 703//793 697//786
f 697//786 703//793 704//794 698//787
f 698//787 704//794 705//795 699//788
f 699//788 705//795 706//796 700//789
f 700//789 931//797 927//798 926//782
f 700//789 706//796 935//799 931//797
f 701//790 708//800 709//801 702//791
f 701//790 974//792 707//802 708//800
f 702//791 709//801 710//803 703//793
f 703//793 710//803 711//804 704//794
f 704//794 711//804 712//805 705//795
f 705//795 712//805 713//806 706//796
f 706//796 713//806 714//807 935//799
f 707//802 970//676 969//678 715//808
f 707//802 974//792 971//677 970//676
f 707//802 715//808 716//809 708//800
f 708//800 716//809 717//810 709//801
f 709//801 717//810 718//811 710//803
f 710//803 718//811 719//812 711//804
f 711//804 719//812 720//813 712//805
f 712//805 720//813 721//814 713//806
f 713//806 721//814 722//815 714//807
f 714//807 939//816 936//817 935//799
f 714//807 722//815 942//818 939//816
f 715//808 969//678 968//819 723//820
f 715//808 723//820 724//821 716//809
f 716//809 724//821 725//822 717//810
f 717//810 725//822 726//823 718//811
f 718//811 726//823 727//824 719//812
f 719//812 727//824 728//825 720//813
f 720//813 728//825 729//826 721//814
f 721//814 729//826 730//827 722//815
f 722//815 730//827 731//828 942//818
f 723//820 968//819 967//829 732//830
f 723//820 732//830 733//831 724//821
f 724//821 733//831 734//832 725//822
f 725//822 734//832 735//833 726//823
f 726//823 735//833 736//834 727//824
f 727//824 736//834 737//835 728//825
f 728//825 737//835 738//836 729//826
f 729//826 738//836 739//837 730//827
f 730//827 739//837 740//838 731//828
f 731//828 945//839 943//840 942//818
f 731//828 740//838 947//841 945//839
s 14
f 732//842 967//843 966//844 741//845
f 732//842 741//845 742//846 733//847
f 733//847 742//846 743//848 734//849
f 734//849 743//848 744//850 735//851
f 735//851 744//850 745//852 736//853
f 736//853 745//852 746//854 737//855
f 737//855 746//854 747//856 738//857
f 738//857 747//856 748//858 739//859
f 739//859 748//858 749//860 740//861
f 740//861 749//860 750//862 947//863
f 741//845 751//864 752//865 742//846
f 741//845 966//844 965//866 751//864
f 742//846 752//865 753//867 743//848
f 743//848 753//867 754//868 744//850
f 744//850 754//868 755//869 745//852
f 745//852 755//869 756//870 746//854
f 746//854 756//870 757//871 747//856
f 747//856 757//871 758//872 748//858
f 748//858 758//872 759//873 749//860
f 749//860 759//873 760//874 750//862
f 750//862 949//698 948//701 947//863
f 750//862 760//874 950//695 949//698
f 751//864 761//875 762//876 752//865
f 751//864 965//866 964//877 761//875
f 752//865 762//876 763//878 753//867
f 753//867 763//878 764//879 754//868
f 754//868 764//879 765//880 755//869
f 755//869 765//880 766//881 756//870
f 756//870 766//881 767//882 757//871
f 757//871 767//882 768//883 758//872
f 758//872 768//883 769//884 759//873
f 759//873 769//884 770//885 760//874
f 760//874 770//885 771//692 950//695
f 761//875 772//886 773//887 762//876
f 761//875 964//877 963//888 772//886
f 762//876 773//887 774//889 763//878
f 763//878 774//889 775//890 764//879
f 764//879 775//890 776//891 765//880
f 765//880 776//891 777//892 766//881
f 766//881 777//892 778//893 767//882
f 767//882 778//893 779//894 768//883
f 768//883 779//894 780//895 769//884
f 769//884 780//895 781//896 770//885
f 770//885 781//896 782//693 771//692
f 772//886 784//897 785//898 773//887
f 772//886 963//888 783//899 784//897
f 773//887 785//898 786//900 774//889
f 774//889 786//900 787//901 775//890
f 775//890 787//901 788//902 776//891
f 776//891 788//902 789//903 777//892
f 777//892 789//903 790//904 778//893
f 778//893 790//904 791//905 779//894
f 779//894 791//905 792//906 780//895
f 780//895 792//906 793//907 781//896
f 781//896 793//907 794//908 782//693
f 782//693 794//908 980//909 795//689
f 783//899 955//910 168//911 21//912
f 783//899 963//888 956//913 955//910
f 783//899 21//912 22//914 784//897
f 784//897 22//914 23//915 785//898
f 785//898 23//915 24//916 786//900
f 786//900 24//916 25//917 787//901
f 787//901 25//917 26//918 788//902
f 788//902 26//918 27//919 789//903
f 789//903 27//919 28//920 790//904
f 790//904 28//920 29//921 791//905
f 791//905 29//921 30//922 792//906
f 792//906 30//922 31//923 793//907
f 793//907 31//923 199//924 794//908
f 794//908 199//924 207//925 980//909
f 795//689 980//909 796//926 797//690
f 86//927 89//928 801//929 796//926
f 86//927 796//926 980//909 207//925
f 796//926 801//929 802//930 797//690
f 797//690 802//930 803//931 798//691
f 798//691 803//931 804//932 799//696
f 799//696 804//932 805//733 800//699
f 89//928 94//933 809//934 801//929
f 801//929 809//934 810//935 802//930
f 802//930 810//935 811//936 803//931
f 803//931 811//936 812//937 804//932
f 804//932 812//937 813//938 805//733
f 805//733 813//938 814//939 806//734
s 15
f 806//735 814//940 815//941 807//736
f 807//736 815//941 816//745 808//737
s 14
f 94//933 100//942 820//943 809//934
f 809//934 820//943 821//944 810//935
f 810//935 821//944 822//945 811//936
f 811//936 822//945 823//946 812//937
f 812//937 823//946 824//947 813//938
f 813//938 824//947 825//948 814//939
s 15
f 814//940 825//949 826//950 815//941
f 815//941 826//950 827//951 816//745
f 816//745 827//951 828//952 817//746
f 817//746 828//952 829//953 818//747
f 818//747 829//953 830//753 819//748
s 14
f 100//942 108//954 834//955 820//943
f 820//943 834//955 835//956 821//944
f 821//944 835//956 836//957 822//945
f 822//945 836//957 837//958 823//946
f 823//946 837//958 838//959 824//947
f 824//947 838//959 839//960 825//948
s 15
f 825//949 839//961 840//962 826//950
f 826//950 840//962 841//963 827//951
f 827//951 841//963 842//964 828//952
f 828//952 842//964 843//965 829//953
f 829//953 843//965 844//966 830//753
f 830//753 844//966 845//967 831//754
f 831//754 845//967 846//968 832//755
f 832//755 846//968 847//758 833//756
s 14
f 108//954 116//969 849//970 834//955
f 834//955 849//970 850//971 835//956
f 835//956 850//971 851//972 836//957
f 836//957 851//972 852//973 837//958
f 837//958 852//973 853//974 838//959
f 838//959 853//974 854//975 839//960
s 15
f 839//961 854//976 855//977 840//962
f 840//962 855//977 856//978 841//963
f 841//963 856//978 857//979 842//964
f 842//964 857//979 858//980 843//965
f 843//965 858//980 859//981 844//966
f 844//966 859//981 860//982 845//967
f 845//967 860//982 861//983 846//968
f 846//968 861//983 862//984 847//758
f 847//758 862//984 863//985 848//759
s 14
f 116//969 124//986 864//987 849//970
f 849//970 864//987 865//988 850//971
f 850//971 865//988 866//989 851//972
f 851//972 866//989 867//990 852//973
f 852//973 867//990 868//991 853//974
f 853//974 868//991 869//992 854//975
s 15
f 854//976 869//993 870//994 855//977
f 855//977 870//994 871//995 856//978
f 856//978 871//995 872//996 857//979
f 857//979 872//996 873//997 858//980
f 858//980 873//997 874//998 859//981
f 859//981 874//998 875//999 860//982
f 860//982 875//999 876//1000 861//983
f 861//983 876//1000 877//1001 862//984
f 862//984 877//1001 878//1002 863//985
s 14
f 124//986 132//1003 879//1004 864//987
f 864//987 879//1004 880//1005 865//988
f 865//988 880//1005 881//1006 866//989
f 866//989 881//1006 882//1007 867//990
f 867//990 882//1007 883//1008 868//991
f 868//991 883//1008 884//1009 869//992
s 15
f 869//993 884//1010 885//1011 870//994
f 870//994 885//1011 886//1012 871//995
f 871//995 886//1012 887//1013 872//996
f 872//996 887//1013 888//1014 873//997
f 873//997 888//1014 889//1015 874//998
f 874//998 889//1015 890//1016 875//999
f 875//999 890//1016 891//1017 876//1000
f 876//1000 891//1017 892//1018 877//1001
f 877//1001 892//1018 893//1019 878//1002
s 14
f 132//1003 140//566 894//565 879//1004
f 879//1004 894//565 895//569 880//1005
f 880//1005 895//569 896//572 881//1006
f 881//1006 896//572 897//575 882//1007
f 882//1007 897//575 898//578 883//1008
f 883//1008 898//578 899//581 884//1009
s 15
f 884//1010 899//587 900//586 885//1011
f 885//1011 900//586 901//590 886//1012
f 886//1012 901//590 902//593 887//1013
f 887//1013 902//593 903//596 888//1014
f 888//1014 903//596 904//599 889//1015
f 889//1015 904//599 905//602 890//1016
f 890//1016 905//602 906//605 891//1017
f 891//1017 906//605 907//608 892//1018
f 892//1018 907//608 908//611 893//1019
f 909//769 915//768 916//781 910//1020
f 910//1020 916//781 917//1021 911//1022
f 911//1022 917//1021 918//1023 912//1024
f 912//1024 918//1023 919//1025 913//1026
f 913//1026 919//1025 920//729 914//732
f 916//781 921//780 922//1027 917//1021
f 917//1021 922//1027 923//1028 918//1023
f 918//1023 923//1028 924//1029 919//1025
f 919//1025 924//1029 925//726 920//729
f 921//780 926//782 927//798 922//1027
f 922//1027 927//798 928//1030 923//1028
f 923//1028 928//1030 929//1031 924//1029
f 924//1029 929//1031 930//723 925//726
f 927//798 931//797 932//1032 928//1030
f 928//1030 932//1032 933//1033 929//1031
f 929//1031 933//1033 934//720 930//723
f 931//797 935//799 936//817 932//1032
f 932//1032 936//817 937//1034 933//1033
f 933//1033 937//1034 938//716 934//720
f 936//817 939//816 940//1035 937//1034
f 937//1034 940//1035 941//713 938//716
f 939//816 942//818 943//840 940//1035
f 940//1035 943//840 944//710 941//713
f 943//840 945//839 946//705 944//710
f 945//839 947//841 948//706 946//705
s 14
f 160//646 168//911 955//910 951//647
f 951//647 955//910 956//913 952//648
f 952//648 956//913 957//1036 953//649
f 953//649 957//1036 958//665 954//650
f 956//913 963//888 964//877 957//1036
f 957//1036 964//877 965//866 958//665
f 958//665 965//866 966//844 959//663
f 959//663 966//844 967//843 960//664
s 15
f 960//666 967//829 968//819 961//667
f 961//667 968//819 969//678 962//668
f 971//677 974//792 975//785 972//679
f 972//679 975//785 976//686 973//680
s 10
f 398//409 404//408 620//1037 631//1038
f 404//408 410//416 605//1039 620//1037
f 410//416 415//422 590//1040 605//1039
f 415//422 416//428 575//1041 590//1040
f 416//428 553//430 908//1042 575//1041
f 553//430 557//447 893//1043 908//1042
f 557//447 420//443 878//1044 893//1043
f 420//443 421//446 863//1045 878//1044
f 421//446 422//450 848//1046 863//1045
f 422//450 423//452 676//1047 848//1046
f 423//452 424//454 675//1048 676//1047
f 424//454 425//456 671//1049 675//1048
f 425//456 426//458 664//1050 671//1049
f 426//458 427//460 654//1051 664//1050
f 427//460 428//462 914//1052 654//1051
f 428//462 429//464 913//1053 914//1052
f 429//464 540//441 912//1054 913//1053
f 540//441 419//440 911//1055 912//1054
f 419//440 491//442 910//1056 911//1055
f 491//442 497//523 909//1057 910//1056
f 497//523 503//529 680//1058 909//1057
f 503//529 509//535 679//1059 680//1058
f 509//535 515//541 678//1060 679//1059
f 515//541 521//547 677//1061 678//1060
f 521//547 527//553 979//1062 677//1061
f 527//553 533//559 641//1063 979//1062
f 533//559 539//410 638//1064 641//1063
f 539//410 398//409 631//1038 638//1064
s 1
f 230//240 320//242 548//1065 543//1066
f 320//242 314//352 474//1067 548//1065
f 314//352 308//346 475//1068 474//1067
f 308//346 302//340 476//1069 475//1068
f 302//340 296//332 477//1070 476//1069
f 296//332 290//325 478//1071 477//1070
f 290//325 286//313 479//1072 478//1071
f 286//313 283//312 480//1073 479//1072
f 283//312 382//317 481//1074 480//1073
f 382//317 376//385 482//1075 481//1074
f 376//385 370//379 483//1076 482//1075
f 370//379 364//369 484//1077 483//1076
f 364//369 351//272 558//1078 484//1077
f 351//272 247//270 559//1079 558//1078
f 247//270 246//268 486//1080 559//1079
f 246//268 245//266 492//1081 486//1080
f 245//266 244//264 498//1082 492//1081
f 244//264 243//262 504//1083 498//1082
f 243//262 242//260 510//1084 504//1083
f 242//260 241//258 516//1085 510//1084
f 241//258 240//256 522//1086 516//1085
f 240//256 239//252 528//1087 522//1086
f 239//252 342//255 534//1088 528//1087
f 342//255 336//361 393//1089 534//1088
f 336//361 330//251 399//1090 393//1089
f 330//251 238//248 405//1091 399//1090
f 238//248 236//241 542//1092 405//1091
f 236//241 230//240 543//1066 542//1092
