# This file uses centimeters as units for non-parametric coordinates.

mtllib ToiletPaper_HI.mtl
g default
v -0.627218 5.241848 -1.662516
v -0.657718 6.043829 -1.706944
v -0.695431 6.866497 -1.746486
v -0.706485 7.646957 -1.729196
v -0.703849 8.343645 -1.704884
v -0.698877 8.952429 -1.690241
v -0.695265 9.501328 -1.680729
v -0.112427 5.220250 -1.789932
v -0.131773 6.042980 -1.847607
v -0.149858 6.878341 -1.856227
v -0.156066 7.657699 -1.834384
v -0.155546 8.357472 -1.824789
v -0.147618 8.973813 -1.803114
v -0.131575 9.524301 -1.794446
v 0.396486 8.367681 -1.843151
v 0.405044 8.991691 -1.812366
v 0.428807 9.554804 -1.791578
v 2.206908 9.548585 -0.874666
v 2.407711 9.534451 -0.427085
v 2.510967 9.548511 0.057891
v 2.483368 9.573275 0.550134
v 2.363164 9.551612 1.040341
v 2.174565 9.516891 1.508603
v 1.876039 9.505259 1.903307
v 1.457807 9.503761 2.208690
v 0.978148 9.485056 2.455327
v 0.450142 9.469124 2.608651
v 2.189060 8.987160 -0.871329
v 2.423631 8.992170 -0.432610
v 2.530045 9.006533 0.050104
v 2.511082 9.017218 0.549603
v 2.394425 9.009152 1.038417
v 2.189494 8.992016 1.496504
v 1.881822 8.977447 1.899069
v 1.463156 8.964540 2.206760
v 0.985356 8.943460 2.448316
v 2.170053 8.361402 -0.848183
v 2.425227 8.368884 -0.428138
v 2.540359 8.379513 0.049312
v 2.534652 8.384990 0.548149
v 2.414465 8.382394 1.033883
v 2.196265 8.374282 1.478206
v 1.876426 8.363004 1.863795
v 1.466200 8.348081 2.178567
v 1.003650 8.326797 2.432450
v 2.162688 7.665780 -0.833521
v 2.393746 7.669965 -0.409840
v 2.513713 7.676581 0.055350
v 2.521308 7.678520 0.543892
v 2.408373 7.676907 1.021447
v 2.195287 7.670966 1.457619
v 1.879110 7.660499 1.834652
v 1.483754 7.644787 2.153632
v 2.215556 6.895199 -0.859042
v 2.413449 6.896688 -0.413895
v 2.492609 6.899031 0.061706
v 2.494775 6.900358 0.540486
v 2.394883 6.898859 1.005329
v 2.200239 6.893508 1.437996
v 1.899590 6.881693 1.814363
v 2.229110 6.051095 -0.849398
v 2.402005 6.056903 -0.396429
v 2.488771 6.061416 0.070093
v 2.492624 6.063686 0.538035
v 2.396287 6.062840 0.992961
v 2.217191 6.057600 1.418064
v 2.145990 5.213058 -0.788138
v 2.337551 5.217625 -0.365040
v 2.426601 5.222212 0.084869
v 2.459084 5.221868 0.532893
v 2.392509 5.221160 0.978431
v -2.091896 8.849033 1.721228
v -2.070221 9.403378 1.695216
v -2.285924 7.515615 1.204559
v -2.361022 8.233160 1.231152
v -2.391808 8.868577 1.227098
v -2.369255 9.426636 1.204071
v -2.280626 6.781210 0.624961
v -2.438648 7.530995 0.665232
v -2.515747 8.254299 0.679455
v -2.532146 8.899265 0.673591
v -2.502890 9.470360 0.655831
v -2.196272 5.275952 0.037196
v -2.201815 6.033687 0.086940
v -2.306388 6.793509 0.110921
v -2.469387 7.551156 0.119084
v -2.528620 8.276989 0.122183
v -2.520475 8.919459 0.118863
v -2.501222 9.483315 0.112488
v -2.081006 5.270497 -0.409444
v -2.100053 6.037131 -0.379921
v -2.212095 6.807441 -0.385695
v -2.368514 7.575388 -0.408832
v -2.408785 8.296675 -0.412431
v -2.373727 8.932731 -0.407158
v -2.337753 9.495696 -0.408300
v -1.850588 5.266214 -0.807921
v -1.883807 6.040534 -0.806323
v -1.992177 6.820935 -0.840938
v -2.110868 7.596538 -0.877852
v -2.131552 8.308970 -0.882435
v -2.114585 8.937372 -0.875521
v -2.070740 9.491550 -0.858853
v -1.517861 5.262828 -1.154597
v -1.558880 6.044338 -1.177649
v -1.651063 6.835786 -1.231762
v -1.719217 7.616413 -1.258579
v -1.726158 8.320144 -1.255060
v -1.717673 8.936888 -1.245108
v -1.697312 9.484712 -1.232759
v -1.101298 5.257630 -1.442116
v -1.140283 6.046260 -1.479097
v -1.206014 6.851628 -1.535508
v -1.235111 7.633393 -1.537508
v -1.232043 8.331202 -1.511840
v -1.227379 8.938401 -1.502944
v -1.219921 9.483701 -1.493938
v 0.415862 5.213746 -1.781151
v 0.416615 6.042296 -1.860275
v 0.403020 6.883417 -1.857780
v 0.396394 7.663834 -1.846365
v 0.911421 5.216219 -1.626242
v 0.938311 6.046076 -1.725074
v 0.937268 6.885700 -1.744813
v 0.930322 7.665814 -1.732749
v 0.925323 8.369061 -1.715479
v 0.932668 8.996671 -1.699881
v 0.953379 9.561015 -1.683487
v 1.390264 5.214172 -1.422552
v 1.430816 6.046956 -1.506937
v 1.438976 6.887296 -1.531259
v 1.424051 7.664852 -1.517906
v 1.404442 8.363363 -1.493724
v 1.421127 8.988557 -1.503385
v 1.448670 9.545227 -1.511384
v 1.827327 5.210503 -1.155358
v 1.882985 6.046003 -1.229958
v 1.890755 6.891100 -1.244863
v 1.855134 7.666106 -1.220394
v 1.832838 8.359806 -1.214089
v 1.863266 8.983693 -1.260358
v 1.885715 9.542342 -1.264647
v 2.236500 5.216656 1.396376
v 1.958655 5.207968 1.755377
v 1.927845 6.044199 1.786666
v 1.547201 6.025057 2.085262
v 1.511757 6.862322 2.125311
v 1.067997 6.838383 2.371218
v 1.035811 7.623752 2.408803
v 0.488399 8.303288 2.576002
v 0.463126 8.923321 2.599720
v -0.105487 9.462643 2.639648
v 1.578971 5.203787 2.037128
v 1.139274 5.225682 2.257451
v 1.103561 6.016024 2.309443
v 0.639078 5.257940 2.387391
v 0.604289 6.021807 2.435964
v 0.567389 6.817256 2.510671
v 0.523671 7.601070 2.541814
v 0.104810 5.274752 2.411461
v 0.074219 6.022821 2.452853
v 0.033620 6.797554 2.528095
v -0.014968 7.575810 2.574810
v -0.055325 8.280636 2.604023
v -0.088735 8.907869 2.637269
v -0.440830 5.283517 2.331701
v -0.462329 6.020895 2.363947
v -0.503657 6.778208 2.435346
v -0.558517 7.548945 2.498951
v -0.602637 8.259475 2.522407
v -0.640266 8.895172 2.552721
v -0.664275 9.460490 2.550853
v -0.975038 5.291797 2.168319
v -0.980905 6.018504 2.187395
v -1.022182 6.759970 2.250701
v -1.087110 7.525348 2.317382
v -1.135807 8.239062 2.346270
v -1.173498 8.878637 2.360654
v -1.197908 9.450109 2.360852
v -1.453179 5.299865 1.905654
v -1.446950 6.019935 1.918550
v -1.498272 6.751862 1.977647
v -1.586771 7.509721 2.057350
v -1.638209 8.222980 2.087471
v -1.673156 8.855795 2.098403
v -1.679612 9.418665 2.089002
v -1.818504 5.299042 1.512711
v -1.808372 6.024606 1.536465
v -1.879968 6.758754 1.601836
v -2.005375 7.506449 1.696411
v -2.063825 8.220370 1.725873
v -2.062654 5.291662 1.028908
v -2.053926 6.028397 1.073261
v -2.139268 6.769981 1.133470
v -2.189714 5.283144 0.522739
v -2.185542 6.031000 0.578491
v -0.630004 4.509054 -1.670083
v -0.669431 3.688338 -1.728458
v -0.700476 2.858091 -1.755763
v -0.707037 2.078149 -1.730188
v -0.715316 1.381677 -1.700835
v -0.814723 0.765631 -1.660460
v -0.112724 4.513297 -1.792531
v -0.133910 3.683304 -1.854651
v -0.150436 2.846760 -1.857968
v -0.156103 2.067591 -1.834490
v -0.167685 1.367850 -1.823745
v -0.274832 0.746329 -1.794410
v 0.384229 1.357641 -1.845133
v 0.267006 0.732343 -1.828750
v 2.117998 0.745781 -0.957471
v 2.378973 0.739364 -0.529977
v 2.514188 0.728510 -0.051118
v 2.520171 0.722302 0.454978
v 2.427661 0.726701 0.950439
v 2.233624 0.739204 1.421233
v 1.935153 0.749852 1.843772
v 1.523046 0.761535 2.167935
v 1.051193 0.782330 2.424279
v 2.162716 1.363921 -0.860062
v 2.420276 1.356438 -0.441362
v 2.538046 1.345809 0.035453
v 2.535083 1.340333 0.534333
v 2.417590 1.342928 1.020636
v 2.201930 1.351040 1.466028
v 1.884365 1.362318 1.853247
v 1.475874 1.377241 2.170283
v 1.014682 1.398514 2.426774
v 2.162688 2.059542 -0.833521
v 2.393746 2.055357 -0.409840
v 2.513713 2.048741 0.055350
v 2.521308 2.046802 0.543892
v 2.408372 2.048416 1.021447
v 2.195287 2.054355 1.457619
v 1.879113 2.064818 1.834656
v 1.483824 2.080442 2.153788
v 2.215556 2.830124 -0.859042
v 2.413449 2.828635 -0.413895
v 2.492609 2.826292 0.061706
v 2.494775 2.824965 0.540486
v 2.394883 2.826464 1.005329
v 2.200241 2.831813 1.437997
v 1.899672 2.843581 1.814486
v 2.229110 3.674227 -0.849398
v 2.402005 3.668420 -0.396429
v 2.488771 3.663907 0.070093
v 2.492624 3.661636 0.538035
v 2.396287 3.662482 0.992961
v 2.217199 3.667719 1.418071
v 2.145991 4.512265 -0.788138
v 2.337551 4.507698 -0.365040
v 2.426601 4.503110 0.084869
v 2.459084 4.503453 0.532893
v 2.392509 4.504163 0.978431
v -2.007582 0.835892 1.720104
v -2.228233 2.251260 1.172619
v -2.249596 1.521379 1.213750
v -2.292485 0.834585 1.259948
v -2.446163 2.996804 0.534079
v -2.423622 2.226468 0.650530
v -2.442103 1.497382 0.699512
v -2.467577 0.822838 0.749133
v -2.290948 4.519626 -0.045686
v -2.432386 3.758933 -0.109679
v -2.474794 2.973016 -0.012448
v -2.476158 2.194844 0.103793
v -2.499812 1.464172 0.149122
v -2.511451 0.808327 0.217721
v -2.156876 4.506476 -0.480080
v -2.283741 3.737868 -0.551889
v -2.338798 2.948779 -0.493059
v -2.364917 2.166770 -0.415749
v -2.396834 1.437221 -0.388735
v -2.406093 0.795927 -0.305509
v -1.900682 4.498023 -0.853395
v -2.007262 3.722029 -0.919472
v -2.074326 2.923395 -0.905603
v -2.110206 2.138509 -0.878614
v -2.133925 1.419314 -0.866192
v -2.176039 0.785046 -0.791045
v -1.543632 4.495337 -1.176962
v -1.627140 3.710480 -1.236372
v -1.698558 2.897841 -1.268012
v -1.723654 2.111712 -1.260823
v -1.734590 1.405698 -1.244709
v -1.800437 0.780652 -1.178154
v -1.110666 4.499789 -1.453371
v -1.171221 3.698154 -1.512671
v -1.226653 2.874999 -1.558292
v -1.237813 2.091948 -1.540216
v -1.242423 1.394159 -1.504864
v -1.325893 0.776301 -1.454879
v 0.415862 4.512373 -1.781417
v 0.416481 3.683065 -1.860982
v 0.402997 2.841890 -1.857897
v 0.396394 2.061488 -1.846366
v 0.911421 4.509104 -1.626242
v 0.938311 3.679245 -1.725075
v 0.937268 2.839622 -1.744812
v 0.930322 2.059508 -1.732749
v 0.913604 1.356262 -1.720369
v 0.807609 0.730786 -1.741689
v 1.390264 4.511151 -1.422552
v 1.430816 3.678367 -1.506937
v 1.438976 2.838026 -1.531259
v 1.424051 2.060470 -1.517906
v 1.393739 1.361960 -1.501318
v 1.312878 0.737820 -1.563404
v 1.827327 4.514820 -1.155358
v 1.882985 3.679319 -1.229959
v 1.890755 2.834222 -1.244863
v 1.855134 2.059216 -1.220394
v 1.823375 1.365516 -1.224150
v 1.768255 0.745764 -1.331738
v 2.236502 4.508667 1.396377
v 1.958930 4.518447 1.755432
v 1.928285 3.681158 1.787250
v 1.552741 3.702973 2.093769
v 1.513002 2.862604 2.127641
v 1.075934 2.886776 2.391691
v 1.036513 2.101042 2.411001
v 0.500324 1.421939 2.573238
v 0.533837 0.801973 2.589484
v 1.582388 4.534297 2.038435
v 1.153332 4.549594 2.267379
v 1.128757 3.731353 2.356889
v 0.659697 4.554951 2.416929
v 0.646388 3.763806 2.556344
v 0.587078 2.913613 2.594667
v 0.525932 2.123248 2.553241
v 0.121571 4.556178 2.455909
v 0.102461 3.792684 2.617540
v 0.036499 2.944173 2.667063
v -0.015277 2.148998 2.595672
v -0.043025 1.444556 2.604474
v -0.018621 0.816606 2.643663
v -0.433783 4.558101 2.363120
v -0.456485 3.805452 2.472804
v -0.521568 2.975119 2.551267
v -0.560651 2.180207 2.516527
v -0.587843 1.467751 2.524488
v -0.573540 0.828418 2.575511
v -0.980510 4.565165 2.186974
v -0.989671 3.811356 2.243499
v -1.043416 3.001424 2.317124
v -1.076143 2.218244 2.315531
v -1.102146 1.498441 2.338865
v -1.113816 0.838727 2.392600
v -1.473118 4.571511 1.905925
v -1.475284 3.814047 1.928674
v -1.506409 3.019675 1.993215
v -1.533412 2.249362 2.015594
v -1.563450 1.523289 2.051048
v -1.609092 0.840318 2.111059
v -1.872750 4.569633 1.497651
v -1.900908 3.813778 1.504647
v -1.909038 3.025995 1.588310
v -1.921977 2.260441 1.631334
v -1.950292 1.530108 1.668011
v -2.149197 4.555342 0.982200
v -2.239799 3.803339 0.967760
v -2.241182 3.017146 1.093522
v -2.290184 4.536379 0.446131
v -2.426006 3.782093 0.400834
v 1.145603 0.036466 -2.126488
v 1.291193 0.059213 -2.611136
v 1.518278 0.094733 -3.161291
v 2.011205 0.144558 -3.694006
v 2.731519 0.193903 -4.236053
v 0.497957 0.031158 -2.338303
v 0.572731 0.055052 -2.853982
v 0.698292 0.092018 -3.449125
v 1.090403 0.143463 -4.098421
v 1.708631 0.189444 -4.809233
v -0.160787 0.027976 -2.408278
v -0.165547 0.050892 -2.927454
v -0.148744 0.085084 -3.535991
v 0.113854 0.137594 -4.254339
v 0.572254 0.179270 -5.046172
v -0.780841 0.020136 -2.333120
v -0.887479 0.043349 -2.829075
v -0.983436 0.075838 -3.420305
v -0.866765 0.127523 -4.170666
v -0.599467 0.171449 -5.013516
v -1.719334 0.172858 -4.706013
v 1.512884 0.131259 3.984501
v 1.764915 0.156011 4.584662
v 2.058455 0.163670 5.249248
v -4.586772 0.173312 -2.340222
v -5.102428 0.167930 -1.166295
v -5.255827 0.154195 -0.037460
v -5.152146 0.134878 1.088651
v -4.819225 0.137227 2.203424
v -4.262324 0.160630 3.232171
v -3.518260 0.163027 4.144064
v -2.576604 0.176733 4.847646
v -1.495805 0.176347 5.315333
v -0.312924 0.181807 5.592931
v -4.082672 0.150492 -1.786036
v -4.439730 0.159216 -0.852910
v -4.549929 0.152536 0.091293
v -4.458022 0.123285 1.048749
v -4.167603 0.122341 1.990615
v -3.687874 0.155425 2.868197
v -3.041024 0.169478 3.644746
v -2.220151 0.169303 4.244123
v -1.295359 0.159738 4.685484
v -0.281599 0.161731 4.929003
v -3.549994 0.098676 -1.428043
v -3.836972 0.117007 -0.668766
v -3.937055 0.113075 0.138937
v -3.864861 0.092131 0.963030
v -3.616073 0.098992 1.770332
v -3.197656 0.139762 2.518070
v -2.635214 0.139385 3.178276
v -1.932748 0.141114 3.708380
v -1.129981 0.136130 4.096660
v -0.251949 0.139748 4.287004
v 0.648439 0.135498 4.250792
v -3.074518 0.061680 -1.158587
v -3.325314 0.076960 -0.516520
v -3.413188 0.069873 0.175017
v -3.352461 0.062294 0.886960
v -3.140227 0.080521 1.581857
v -2.784024 0.108905 2.221529
v -2.291903 0.111003 2.777545
v -1.678040 0.110920 3.226514
v -0.976385 0.109424 3.550724
v -0.216635 0.111718 3.708122
v 0.560720 0.106257 3.682107
v -2.330070 0.019937 -1.426488
v -2.677018 0.044999 -0.939048
v -2.895980 0.067545 -0.385092
v -2.968799 0.056113 0.206264
v -2.923069 0.054859 0.824090
v -2.752095 0.073471 1.431121
v -2.453808 0.089719 1.983963
v -2.017974 0.091234 2.451922
v -1.474380 0.087407 2.827432
v -0.852752 0.090880 3.090310
v -0.187567 0.092249 3.222394
v 0.493520 0.086202 3.210885
v 1.309054 0.103038 3.468351
v 1.743660 0.077571 2.725718
v 1.983318 0.097643 3.073728
v 2.290696 0.124962 3.511634
v 2.665421 0.149005 4.017387
v 3.101551 0.164217 4.572880
v 2.246049 0.076033 2.270846
v 2.548732 0.088031 2.534041
v 2.940651 0.114475 2.875040
v 3.421303 0.140871 3.277718
v 3.988479 0.163925 3.735037
v 2.624983 0.074428 1.700248
v 2.973819 0.082951 1.880070
v 3.421576 0.104615 2.107469
v 3.973212 0.131522 2.383334
v 4.647717 0.159118 2.728018
v 2.861914 0.068602 1.066830
v 3.233583 0.076909 1.149960
v 3.712891 0.098860 1.251868
v 4.304824 0.127297 1.382285
v 5.024353 0.155096 1.600577
v 2.931844 0.066929 0.408016
v 3.312689 0.075540 0.383580
v 3.803458 0.100424 0.353920
v 4.407513 0.132668 0.345723
v 5.151288 0.162087 0.520850
v 2.846214 0.070535 -0.247794
v 3.212224 0.078049 -0.372874
v 3.695573 0.102719 -0.531362
v 4.313454 0.139282 -0.670188
v 5.107927 0.178786 -0.619908
v 2.600801 0.061121 -0.843249
v 2.936422 0.076642 -1.074692
v 3.398446 0.104761 -1.339031
v 4.073534 0.143486 -1.468891
v 4.928992 0.190204 -1.495066
v 2.223637 0.054980 -1.366213
v 2.508029 0.071897 -1.699070
v 2.915032 0.102157 -2.078300
v 3.564855 0.145717 -2.328053
v 4.409561 0.200988 -2.501191
v 1.728763 0.044303 -1.790527
v 1.949448 0.064203 -2.218088
v 2.271397 0.100396 -2.694742
v 2.846234 0.145843 -3.086690
v 3.628657 0.194874 -3.440725
v 0.889978 0.172746 5.618495
v 0.763506 0.160724 4.914309
v -1.368856 0.016086 -2.129673
v -1.562278 0.038583 -2.578262
v -1.768898 0.074428 -3.127000
v -1.804252 0.126525 -3.872279
v -1.881038 0.014564 -1.825943
v -2.162248 0.038435 -2.203799
v -2.474020 0.073461 -2.689927
v -2.659696 0.129993 -3.405673
v -2.749948 0.171349 -4.209260
v -2.675262 0.043841 -1.725471
v -3.072750 0.088396 -2.121692
v -3.411970 0.143897 -2.749592
v -3.702549 0.179169 -3.479277
v 1.148886 0.082422 3.048031
v -0.788567 10.159061 -2.250166
v -0.874963 10.107798 -2.749195
v -0.994846 10.028216 -3.333353
v -1.147446 9.916584 -4.007109
v -1.334532 9.814613 -4.793981
v -1.518162 8.541664 -5.612520
v -1.495588 7.535058 -5.593014
v -1.471514 6.450645 -5.574604
v -1.455739 5.284291 -5.561522
v -1.451082 4.090025 -5.563633
v -1.449362 2.939121 -5.564965
v -1.451956 1.892109 -5.568989
v -1.457995 0.997381 -5.569904
v -0.122092 10.170636 -2.383581
v -0.131484 10.117122 -2.898864
v -0.142927 10.034300 -3.506610
v -0.163580 9.919038 -4.221506
v -0.190387 9.804835 -5.081568
v -0.187109 8.562547 -6.020440
v -0.159789 7.548702 -6.012681
v -0.129074 6.457183 -5.994253
v -0.110845 5.286370 -5.967361
v -0.104738 4.090402 -5.953030
v -0.103225 2.939466 -5.945867
v -0.110770 1.890051 -5.957075
v -0.117772 0.987745 -5.945827
v 0.537919 10.177468 -2.374623
v 0.610148 10.126444 -2.878015
v 0.708265 10.049835 -3.477004
v 0.824820 9.932187 -4.180846
v 0.971726 9.816179 -5.026147
v 1.203575 8.592400 -6.101609
v 1.225181 7.569827 -6.093661
v 1.251904 6.466690 -6.074214
v 1.264897 5.291633 -6.039874
v 1.266458 4.093554 -6.013771
v 1.268325 2.943463 -5.994387
v 1.264635 1.891099 -5.988330
v 1.262907 0.977077 -5.972499
v 1.154838 10.195273 -2.222345
v 1.313749 10.143342 -2.688781
v 1.519485 10.070552 -3.248339
v 1.769900 9.954749 -3.904356
v 2.085027 9.836081 -4.692580
v 2.555551 8.613190 -5.754970
v 2.567853 7.588094 -5.754487
v 2.580280 6.479751 -5.737266
v 2.582414 5.302040 -5.692112
v 2.577853 4.104702 -5.655744
v 2.579248 2.956791 -5.640162
v 2.584163 1.908142 -5.630464
v 2.595242 1.003559 -5.621133
v 3.078672 9.840481 -4.094892
v 3.729942 8.618394 -5.020126
v 3.734503 7.597889 -5.028925
v 3.737165 6.493073 -5.020316
v 3.745445 5.317434 -5.000671
v 3.744024 4.121082 -4.978072
v 3.738473 2.978297 -4.958052
v 3.746191 1.939707 -4.951892
v 3.761113 1.056908 -4.938488
v 4.669333 6.496326 -4.054681
v 4.669583 5.330128 -4.042454
v 4.675079 4.140995 -4.033877
v 4.671546 3.003994 -4.018157
v 4.677184 1.978300 -4.005133
v 4.700332 1.109762 -3.997737
v 5.402862 2.007510 -2.904752
v 5.422171 1.142323 -2.898154
v -1.932202 9.946380 3.764929
v -2.258387 9.890923 4.328238
v -2.643845 9.879814 4.961703
v -3.000843 8.434574 5.496943
v -3.021355 7.450021 5.496681
v -3.039251 6.414171 5.481936
v -3.055210 5.284219 5.465175
v -3.079148 4.122031 5.452519
v -3.108682 2.993843 5.447673
v -3.126680 1.964129 5.436596
v -3.139801 1.056467 5.439210
v -4.132711 8.465498 4.649408
v -4.143048 7.474445 4.646611
v -4.160145 6.430574 4.631100
v -4.171410 5.292764 4.611434
v -4.197080 4.127039 4.601987
v -4.229046 2.996369 4.602231
v -4.246207 1.954540 4.593646
v -4.265689 1.026677 4.598224
v -5.038224 6.448516 3.520050
v -5.066024 5.301821 3.512268
v -5.090260 4.129288 3.502397
v -5.114670 2.994903 3.497051
v -5.138443 1.946969 3.498408
v -5.155489 1.012726 3.500813
v -5.776170 2.992449 2.227566
v -5.800817 1.940902 2.227459
v -5.815676 1.000089 2.233746
v 6.277008 1.141721 -0.453389
v 6.366786 1.124546 0.843249
v 6.125999 1.112932 2.117359
v 5.558942 1.098634 3.300691
v 6.257259 2.032641 -0.450462
v 6.346115 2.031490 0.842685
v 6.094506 2.022821 2.126568
v 5.537999 2.006277 3.322442
v 4.678480 1.985831 4.355797
v 6.227083 3.059169 -0.446770
v 6.322422 3.061921 0.846648
v 6.064656 3.053046 2.132007
v 5.509487 3.037697 3.330101
v 4.666770 3.018113 4.367759
v 6.214460 4.183764 -0.449801
v 6.286056 4.188278 0.849745
v 6.030987 4.180461 2.132835
v 5.488250 4.163667 3.331835
v 4.656404 4.147166 4.370761
v 3.558769 4.130376 5.165394
v 6.209604 5.358190 -0.453493
v 6.270011 5.362008 0.848871
v 5.996525 5.355153 2.127414
v 5.457534 5.341291 3.328856
v 4.640964 5.323038 4.374350
v 3.550268 5.302905 5.168539
v 5.893603 6.500041 -1.728648
v 6.188851 6.508199 -0.456245
v 6.247277 6.513483 0.845217
v 5.985588 6.508771 2.124615
v 5.431219 6.495721 3.321864
v 4.615154 6.475194 4.375330
v 3.539267 6.450644 5.173280
v 2.317889 6.427087 5.771536
v 5.875510 7.570511 -1.727179
v 6.157136 7.577958 -0.459574
v 6.216971 7.588832 0.829258
v 5.953909 7.590908 2.104782
v 5.404458 7.580681 3.312449
v 4.587768 7.557692 4.370778
v 3.516896 7.523195 5.166825
v 2.305035 7.483222 5.762475
v 5.852264 8.569886 -1.720674
v 6.149581 8.574830 -0.458247
v 6.215382 8.586599 0.811892
v 5.967003 8.607003 2.088896
v 5.405683 8.604306 3.307395
v 4.554786 8.574883 4.372202
v 3.492833 8.532303 5.187357
v 2.295915 8.481133 5.784965
v 1.009558 8.437480 6.192028
v 5.082617 9.824696 -1.450949
v 5.305079 9.823895 -0.380277
v 5.289006 9.848090 0.707669
v 5.049518 9.897318 1.799090
v 4.567374 9.897153 2.842482
v 3.869487 9.850325 3.787570
v 3.013745 9.847730 4.588849
v 1.995041 9.840701 5.154790
v 0.870879 9.863956 5.483325
v -0.342468 9.855529 5.605352
v 4.387680 9.903284 -1.194133
v 4.588801 9.883742 -0.274485
v 4.575814 9.898710 0.672919
v 4.363097 9.964245 1.610962
v 3.955455 9.966360 2.508337
v 3.368194 9.892236 3.317915
v 2.627992 9.860751 4.006059
v 1.737668 9.861143 4.496373
v 0.764326 9.882574 4.816758
v -0.272147 9.878109 4.929606
v 3.779451 10.019383 -0.956840
v 3.965118 9.978312 -0.171501
v 3.961850 9.987123 0.642372
v 3.785622 10.034050 1.450632
v 3.436379 10.018687 2.219830
v 2.926422 9.927318 2.908403
v 2.284690 9.928173 3.491847
v 1.520606 9.924299 3.928478
v 0.675039 9.935467 4.211702
v -0.220052 9.927360 4.289037
v -1.108557 9.936881 4.138809
v 3.271017 10.102273 -0.754155
v 3.438271 10.068036 -0.085445
v 3.437649 10.083926 0.611656
v 3.287133 10.100985 1.310179
v 2.988699 10.060246 1.972706
v 2.554151 9.996311 2.562034
v 1.995105 9.991720 3.050829
v 1.329136 9.991947 3.418177
v 0.591995 9.995302 3.650685
v -0.181588 9.990162 3.710355
v -0.949352 10.002398 3.585863
v 2.576863 10.195365 -1.112399
v 2.850920 10.139522 -0.585774
v 2.995890 10.089082 -0.009566
v 2.991180 10.114748 0.586118
v 2.867164 10.119077 1.192924
v 2.622614 10.079554 1.774022
v 2.257840 10.041577 2.285040
v 1.765272 10.036924 2.691854
v 1.176780 10.044863 2.995860
v 0.526431 10.036899 3.178022
v -0.150272 10.033811 3.224236
v -0.823797 10.047328 3.126031
v -1.664494 10.009609 3.278833
v -2.004039 10.066620 2.486034
v -2.283202 10.021697 2.801801
v -2.643688 9.960490 3.197142
v -3.079588 9.906620 3.651231
v -3.587288 9.884696 4.141388
v -2.444114 10.070316 1.970522
v -2.775527 10.043233 2.194702
v -3.207565 9.983984 2.483185
v -3.735450 9.924845 2.821584
v -4.337431 9.883988 3.187852
v -4.991939 8.501546 3.550258
v -5.010333 7.506510 3.531999
v -2.748662 10.074935 1.361718
v -3.114150 10.054614 1.492055
v -3.587153 10.006076 1.660769
v -4.169349 9.945791 1.864370
v -4.849704 9.895961 2.095422
v -5.629928 8.561083 2.290565
v -5.664587 7.546928 2.265237
v -5.701308 6.466443 2.249946
v -5.728593 5.308732 2.241112
v -5.751443 4.129893 2.233412
v -2.901216 10.086986 0.699979
v -3.279121 10.068151 0.734874
v -3.767489 10.018969 0.775107
v -4.371058 9.955183 0.825261
v -5.076907 9.905940 0.885181
v -6.046642 8.625689 0.901583
v -6.091116 7.583173 0.878715
v -6.126743 6.479801 0.862502
v -6.137764 5.310895 0.854001
v -6.152815 4.129518 0.847978
v -6.177323 2.991346 0.839145
v -6.204135 1.936150 0.832905
v -6.211806 0.995006 0.829286
v -2.890021 10.090641 0.033306
v -3.260292 10.071217 -0.035346
v -3.743325 10.015465 -0.127074
v -4.339816 9.942651 -0.240767
v -5.062208 9.887375 -0.375529
v -6.156902 8.648541 -0.574986
v -6.164064 7.595799 -0.587240
v -6.182856 6.482824 -0.597718
v -6.173399 5.307586 -0.601828
v -6.177419 4.123331 -0.610086
v -6.193979 2.983775 -0.619902
v -6.219007 1.933452 -0.631233
v -6.228372 0.995979 -0.644287
v -2.716595 10.082478 -0.604791
v -3.064607 10.065598 -0.772925
v -3.521434 10.010324 -0.995244
v -4.092960 9.927567 -1.272213
v -4.794968 9.863153 -1.609013
v -5.787822 8.624915 -2.013648
v -5.823488 7.586033 -2.015611
v -5.842635 6.476941 -2.023058
v -5.825619 5.300648 -2.016025
v -5.823974 4.114415 -2.022204
v -5.831136 2.974156 -2.034336
v -5.846392 1.931879 -2.050293
v -5.865041 1.001388 -2.074579
v -2.395688 10.103670 -1.162450
v -2.701938 10.068749 -1.434049
v -3.108393 10.005751 -1.780458
v -3.624995 9.918858 -2.201825
v -4.252322 9.845988 -2.704730
v -5.014352 8.580988 -3.246093
v -5.044614 7.563614 -3.245626
v -5.067010 6.465772 -3.256967
v -5.071040 5.294397 -3.258973
v -5.069375 4.105941 -3.267557
v -5.070639 2.962556 -3.275145
v -5.068327 1.920897 -3.277947
v -5.079788 0.999337 -3.301103
v -1.953920 10.117404 -1.632824
v -2.197743 10.079382 -1.998990
v -2.526878 10.011582 -2.451111
v -2.942308 9.913987 -2.975390
v -3.444910 9.825050 -3.585093
v -3.992021 8.548265 -4.246150
v -4.002337 7.542938 -4.244626
v -4.001687 6.454509 -4.239327
v -3.983253 5.288620 -4.217635
v -3.985244 4.098053 -4.231075
v -3.977406 2.950691 -4.226273
v -3.972715 1.906468 -4.225209
v -3.975984 0.994434 -4.235717
v -1.408896 10.141667 -1.989085
v -1.577791 10.096619 -2.442896
v -1.804930 10.015530 -2.973919
v -2.087272 9.913703 -3.576700
v -2.424883 9.827476 -4.270612
v -2.804988 8.538645 -5.027047
v -2.785765 7.533068 -5.000921
v -2.769191 6.449446 -4.983672
v -2.755352 5.284925 -4.973595
v -2.753185 4.092325 -4.981797
v -2.747789 2.942548 -4.980618
v -2.746329 1.896129 -4.980792
v -2.750499 0.989347 -4.985332
v 4.681572 1.082952 4.338673
v 3.559862 1.071786 5.154050
v 2.284757 1.065848 5.731681
v 0.924813 1.069778 6.078469
v -0.465490 1.087303 6.174195
v -1.847170 1.086989 5.962763
v 3.565122 1.971394 5.157369
v 2.299535 1.963542 5.730059
v 0.945384 1.962210 6.079242
v -0.448223 1.966549 6.171395
v -1.829477 1.969668 5.960286
v 3.560644 3.001747 5.155646
v 2.308195 2.990386 5.736160
v 0.963227 2.985082 6.095634
v -0.429131 2.985820 6.192951
v -1.812147 2.989721 5.981824
v 2.317197 4.116629 5.755522
v 0.980709 4.109142 6.118034
v -0.410015 4.109672 6.213614
v -1.792713 4.115342 6.004112
v 2.322881 5.286723 5.771231
v 0.997829 5.276970 6.146109
v -0.392059 5.275356 6.223699
v -1.769234 5.278441 6.001661
v 1.004045 6.411460 6.155587
v -0.379316 6.403660 6.234036
v -1.754746 6.404175 6.022031
v 1.001888 7.452507 6.150602
v -0.368303 7.436699 6.250557
v -1.736955 7.437452 6.040935
v -0.365847 8.419652 6.290904
v -1.723249 8.423045 6.060777
v -1.534933 9.863047 5.481122
v -1.306930 9.880363 4.782351
v 1.717250 10.204956 -1.948170
v 1.951246 10.154021 -2.354329
v 2.257641 10.073712 -2.850372
v 2.629870 9.956985 -3.425968
v 2.189930 10.205729 -1.575840
v 2.498823 10.154354 -1.906727
v 2.896569 10.075879 -2.320904
v 3.376211 9.949217 -2.798820
v 3.940141 9.834950 -3.329620
v 4.662326 8.596024 -4.032463
v 4.656916 7.588841 -4.046712
v 2.946959 10.142240 -1.367138
v 3.410479 10.042417 -1.680756
v 3.973950 9.918065 -2.043435
v 4.620969 9.817979 -2.424335
v 5.360622 8.573338 -2.917883
v 5.365557 7.573851 -2.931501
v 5.378041 6.495998 -2.936302
v 5.388366 5.339040 -2.933453
v 5.389497 4.158427 -2.923990
v 5.391028 3.028315 -2.912678
v 5.900839 5.348896 -1.724436
v 5.899362 4.173205 -1.715866
v 5.906351 3.047572 -1.708576
v 5.930683 2.024821 -1.708835
v 5.947381 1.147747 -1.708640
v -1.453768 10.055788 2.881263
v -0.713803 9.996962 -1.729351
v -0.725114 10.185017 -1.772682
v -0.746704 10.189506 -1.936745
v -0.108390 9.995740 -1.848756
v -0.100195 10.175614 -1.893985
v -0.109378 10.188281 -2.055753
v -1.236880 9.971073 -1.511633
v -1.252343 10.161988 -1.540441
v -1.306982 10.168662 -1.696653
v 0.485280 10.028616 -1.840334
v 0.510678 10.210536 -1.884762
v 0.518788 10.212563 -2.049274
v 1.011107 10.031246 -1.730773
v 1.040807 10.209771 -1.772848
v 1.079165 10.218813 -1.926020
v 1.504599 10.009213 -1.556910
v 1.536489 10.183825 -1.593860
v 1.602510 10.206686 -1.722701
v 2.227481 9.998114 -0.875058
v 2.252535 10.179520 -0.886851
v 2.374260 10.200965 -0.972353
v 1.913428 10.002521 -1.287247
v 1.938305 10.180865 -1.312100
v 2.036259 10.206106 -1.415185
v 2.403602 9.960354 -0.434533
v 2.422491 10.143191 -0.444907
v 2.575834 10.155987 -0.494359
v 2.498913 9.899705 0.081396
v 2.513740 10.069871 0.091324
v 2.677292 10.090586 0.056912
v 2.485991 9.893042 0.562449
v 2.509111 10.048577 0.570657
v 2.665506 10.086226 0.574936
v 2.383703 9.887452 1.049284
v 2.415860 10.041196 1.059122
v 2.561747 10.081880 1.100591
v 2.202105 9.884699 1.535458
v 2.235012 10.046346 1.558477
v 2.368079 10.071025 1.633710
v 1.921228 9.922236 1.958215
v 1.959866 10.095239 2.000737
v 2.072668 10.085291 2.109648
v 1.502740 9.928173 2.282307
v 1.536523 10.098165 2.335918
v 1.621140 10.086312 2.466364
v 1.021518 9.915327 2.505034
v 1.049020 10.089699 2.548891
v 1.093320 10.086769 2.704291
v 0.471040 9.889193 2.635434
v 0.484281 10.066116 2.669435
v 0.497874 10.069937 2.837690
v -0.098988 9.868587 2.670244
v -0.096639 10.040255 2.706654
v -0.114229 10.052567 2.873362
v -0.667356 9.854022 2.589097
v -0.672948 10.018929 2.628077
v -0.720481 10.043379 2.784368
v -1.187538 9.861879 2.401981
v -1.190826 10.031736 2.439968
v -1.275321 10.054923 2.580925
v -1.659878 9.885908 2.109871
v -1.664904 10.074111 2.135860
v -1.782053 10.086379 2.255451
v -2.067620 9.873085 1.728866
v -2.085863 10.056697 1.756979
v -2.218669 10.075540 1.836668
v -2.370546 9.870626 1.234135
v -2.391853 10.048412 1.257838
v -2.528525 10.072318 1.308542
v -2.515442 9.883317 0.662963
v -2.543922 10.054803 0.670193
v -2.685119 10.081124 0.685296
v -2.524787 9.894112 0.124591
v -2.557659 10.066216 0.125635
v -2.695077 10.089193 0.085588
v -2.367207 9.910412 -0.409794
v -2.403066 10.084303 -0.421049
v -2.531673 10.094656 -0.497473
v -2.076896 9.919760 -0.855508
v -2.098402 10.099342 -0.869685
v -2.209380 10.114747 -0.979215
v -1.712838 9.924831 -1.233753
v -1.732420 10.105564 -1.252907
v -1.811413 10.124511 -1.389593
v 1.081765 0.023541 -1.816715
v 1.033845 0.036691 -1.653750
v 1.111967 0.229274 -1.614845
v 0.444281 0.023238 -1.977890
v 0.430314 0.039555 -1.800768
v 0.537990 0.223337 -1.768688
v 1.612825 0.033288 -1.519078
v 1.526848 0.048754 -1.366407
v 1.595280 0.250867 -1.347820
v -0.198115 0.011598 -2.017139
v -0.186009 0.023049 -1.834348
v -0.056574 0.206606 -1.816251
v -0.691913 0.009504 -1.949801
v -0.644484 0.024144 -1.777245
v -0.538064 0.209914 -1.766342
v -1.205824 0.016689 -1.794127
v -1.134179 0.037022 -1.637772
v -1.041551 0.222681 -1.629060
v -2.085314 0.016170 -1.265846
v -1.967973 0.034859 -1.166262
v -1.912985 0.225433 -1.156858
v -1.649955 0.008152 -1.583101
v -1.555708 0.024990 -1.451357
v -1.486970 0.215054 -1.437995
v -2.403633 0.037367 -0.817886
v -2.259307 0.053993 -0.749179
v -2.223730 0.247740 -0.751655
v -2.587574 0.066764 -0.278700
v -2.429965 0.087501 -0.224424
v -2.409225 0.281258 -0.240728
v -2.653235 0.068852 0.236098
v -2.491356 0.098662 0.252333
v -2.483948 0.292741 0.246358
v -2.621898 0.074720 0.772960
v -2.465597 0.108160 0.750881
v -2.453676 0.300179 0.750867
v -2.491328 0.085925 1.327912
v -2.349387 0.114202 1.271878
v -2.321615 0.303313 1.265376
v -2.248878 0.078463 1.836308
v -2.125450 0.091071 1.746472
v -2.081747 0.282734 1.732563
v -1.846099 0.072308 2.254032
v -1.746154 0.080055 2.133139
v -1.698604 0.275759 2.117894
v -1.360092 0.069327 2.551268
v -1.288838 0.079010 2.403351
v -1.231102 0.275161 2.389307
v -0.788255 0.076240 2.756860
v -0.742715 0.088815 2.592900
v -0.686926 0.283295 2.575965
v -0.186689 0.083943 2.871958
v -0.170939 0.100150 2.702984
v -0.121976 0.289511 2.672543
v 0.429222 0.087959 2.863018
v 0.410925 0.109334 2.697474
v 0.448450 0.292158 2.651688
v 1.001905 0.082782 2.731396
v 0.946690 0.103060 2.575079
v 0.975853 0.282038 2.516266
v 1.538538 0.068646 2.472040
v 1.453291 0.083771 2.331681
v 1.470157 0.264045 2.269302
v 2.026973 0.074298 2.114985
v 1.916257 0.093015 2.005672
v 1.915033 0.270152 1.944754
v 2.396772 0.079179 1.594690
v 2.267509 0.102423 1.521191
v 2.246851 0.277747 1.480327
v 2.641906 0.071864 1.021448
v 2.501531 0.094391 0.986350
v 2.465571 0.269490 0.967765
v 2.702314 0.067898 0.451933
v 2.554485 0.089362 0.458351
v 2.528852 0.269210 0.452890
v 2.650944 0.065206 -0.152367
v 2.508655 0.081691 -0.103824
v 2.495449 0.267219 -0.087138
v 2.405897 0.056503 -0.680550
v 2.273951 0.075726 -0.589186
v 2.293929 0.268562 -0.566371
v 2.071128 0.052072 -1.140002
v 1.962929 0.073138 -1.016476
v 2.001211 0.267869 -0.991595
v -1.470417 9.784396 -5.441153
v -1.516974 9.757374 -5.649115
v -1.521700 9.496755 -5.656250
v -0.177092 9.513864 -6.031292
v -0.169927 9.772449 -6.014071
v -0.159752 9.792019 -5.794926
v -2.720350 9.773678 -4.867080
v -2.817227 9.737532 -5.054198
v -2.822149 9.481359 -5.062031
v -1.462978 0.405254 -5.565359
v -1.470613 0.193234 -5.541291
v -1.533846 0.173344 -5.327326
v -0.127025 0.374828 -5.925044
v -0.140398 0.161634 -5.895866
v -0.250065 0.149878 -5.679732
v -2.748208 0.356445 -4.978824
v -2.739172 0.145215 -4.956246
v -2.703461 0.141422 -4.766795
v 1.210939 9.497713 -6.120049
v 1.210403 9.748064 -6.105814
v 1.159348 9.776208 -5.867074
v 1.261799 0.347288 -5.959061
v 1.255976 0.137269 -5.933972
v 1.139144 0.134485 -5.718966
v 2.549808 9.479961 -5.753867
v 2.540069 9.720099 -5.735671
v 2.438371 9.759052 -5.511138
v 2.609614 0.387078 -5.608749
v 2.599082 0.175124 -5.588588
v 2.403107 0.164255 -5.413162
v 3.706297 9.483240 -5.002695
v 3.686592 9.720994 -4.982534
v 3.546293 9.760863 -4.792283
v 3.782378 0.465313 -4.926869
v 3.772313 0.261365 -4.910980
v 3.545575 0.230843 -4.764868
v 4.689248 9.483150 -4.013304
v 4.681818 9.728023 -3.995616
v 4.507220 9.766197 -3.848886
v 4.725328 0.527721 -3.991358
v 4.716265 0.329452 -3.979623
v 4.484884 0.283501 -3.861180
v 5.436451 0.566599 -2.888891
v 5.424110 0.373476 -2.876835
v 5.209480 0.318321 -2.782523
v 5.953513 0.544188 -1.709069
v 5.937066 0.346895 -1.703142
v 5.718524 0.294846 -1.642572
v 6.273897 0.512370 -0.455071
v 6.252609 0.310695 -0.453089
v 6.007693 0.265276 -0.463323
v -2.891675 9.873232 5.338778
v -2.987575 9.849804 5.488626
v -2.998282 9.561205 5.503907
v -1.670562 9.891945 5.893260
v -1.727735 9.887566 6.066487
v -1.731570 9.587329 6.081823
v -4.142375 9.572425 4.617902
v -4.131066 9.855946 4.594376
v -3.990504 9.878182 4.467306
v -3.133409 0.395544 5.420105
v -3.115002 0.184706 5.397784
v -2.968534 0.167988 5.258017
v -4.260920 0.334128 4.579252
v -4.238565 0.114241 4.560987
v -4.047426 0.112795 4.458879
v -1.856002 0.463687 5.936864
v -1.848061 0.263310 5.909789
v -1.749267 0.223616 5.753822
v -4.968651 9.547303 3.548780
v -4.945717 9.818045 3.537303
v -4.786292 9.850282 3.443079
v -5.142027 0.338160 3.462659
v -5.114781 0.122956 3.441817
v -4.897985 0.118602 3.391304
v -5.786794 0.315014 2.232038
v -5.754928 0.101068 2.224400
v -5.532243 0.096577 2.193415
v -6.142810 0.304047 0.821001
v -6.096654 0.092804 0.816745
v -5.873689 0.090561 0.850536
v -6.179763 0.293724 -0.647558
v -6.141234 0.071708 -0.637123
v -5.930015 0.077551 -0.497566
v 6.368077 0.463075 0.846504
v 6.347770 0.254218 0.843602
v 6.091246 0.218132 0.780451
v 6.123107 0.454061 2.097173
v 6.101572 0.247537 2.083261
v 5.866764 0.211429 1.984064
v 5.566928 0.456476 3.263663
v 5.552450 0.253139 3.239799
v 5.352745 0.215851 3.118480
v 4.668179 0.445551 4.317296
v 4.649541 0.243726 4.295743
v 4.498702 0.208740 4.152606
v 5.783605 9.510547 -1.688338
v 5.745236 9.759808 -1.672885
v 5.571545 9.789743 -1.617209
v 5.159054 9.773002 -2.763387
v 5.339514 9.741031 -2.860724
v 5.357985 9.491893 -2.880282
v 6.116351 9.479722 -0.410784
v 6.086944 9.724575 -0.395606
v 5.892660 9.764205 -0.393867
v 6.221813 9.435619 0.810922
v 6.205275 9.671063 0.809242
v 5.994298 9.729342 0.784569
v 6.029911 9.440959 2.087476
v 6.031610 9.675306 2.082474
v 5.812469 9.742956 2.018612
v 5.432557 9.468598 3.277082
v 5.424365 9.705709 3.259263
v 5.229313 9.766096 3.164268
v 4.510749 9.464063 4.395165
v 4.485014 9.705171 4.389089
v 4.339152 9.756338 4.245683
v 3.470939 9.486118 5.298406
v 3.454592 9.745542 5.314820
v 3.345940 9.788674 5.134988
v 2.291832 9.533453 5.886105
v 2.283256 9.814581 5.895974
v 2.208700 9.836629 5.702827
v 1.022791 9.565823 6.259465
v 1.023161 9.859696 6.256180
v 0.987680 9.875124 6.052394
v -0.408137 9.585279 6.311974
v -0.417834 9.885719 6.294801
v -0.395069 9.889323 6.101704
v -5.610852 9.544283 2.301923
v -5.588334 9.803411 2.297577
v -5.404327 9.842250 2.240134
v -5.996823 9.576725 0.913020
v -5.963933 9.828816 0.914418
v -5.752341 9.862132 0.906064
v -6.123407 9.569397 -0.556154
v -6.093138 9.817064 -0.548439
v -5.858960 9.847459 -0.514759
v -5.718964 9.573644 -2.018712
v -5.680822 9.825811 -2.012422
v -5.474830 9.847775 -1.921651
v -5.789949 0.289370 -2.060644
v -5.743117 0.071988 -2.043458
v -5.574259 0.082811 -1.868958
v -4.956230 9.529827 -3.272046
v -4.923609 9.783368 -3.268117
v -4.759509 9.812117 -3.137518
v -5.038779 0.328792 -3.295096
v -5.011638 0.110524 -3.270820
v -4.910175 0.112648 -3.045860
v -3.984221 9.487622 -4.285348
v -3.969218 9.742838 -4.282405
v -3.838252 9.776830 -4.117772
v -3.947666 0.351172 -4.213871
v -3.927969 0.140666 -4.183815
v -3.861777 0.140054 -3.994907
v 3.544936 0.438367 5.148645
v 3.529419 0.236189 5.130047
v 3.426121 0.201205 4.977191
v 2.269553 0.422196 5.741838
v 2.258173 0.216071 5.727022
v 2.203821 0.184143 5.578680
v 0.904256 0.426608 6.102981
v 0.897746 0.216849 6.092222
v 0.901593 0.187618 5.936440
v -0.475729 0.474236 6.177702
v -0.473027 0.273268 6.159900
v -0.421420 0.230285 5.997439
v -6.191017 2.452053 0.835536
v -6.043326 1.938326 1.542810
v -6.215480 1.445453 0.831345
v -6.054463 0.996607 1.545160
v 6.269776 1.564236 -0.452142
v 6.338597 2.033087 0.194036
v 6.357861 1.557405 0.842412
v 6.358051 1.133420 0.193330
v 6.138453 1.146165 -1.088122
v 6.120276 2.029876 -1.085790
v 6.261640 2.028127 1.490464
v 6.112608 1.547106 2.123149
v 6.288412 1.118379 1.487582
v 5.854045 2.015397 2.740189
v 5.550016 1.530170 3.313925
v 5.882617 1.106220 2.723606
v 5.144104 1.995885 3.864444
v 4.681980 1.511695 4.347971
v 5.155650 1.090565 3.842979
v 6.241487 2.531873 -0.448177
v 6.311836 3.061887 0.197942
v 6.335444 2.533432 0.844388
v 6.091404 3.054386 -1.083212
v 6.235602 3.058654 1.495067
v 6.079238 2.524865 2.129648
v 5.822867 3.046058 2.746280
v 5.523484 2.509130 3.327446
v 5.123768 3.027972 3.875688
v 4.672894 2.488487 4.362742
v 4.147245 1.977726 4.786108
v 3.564067 1.498715 5.156432
v 4.145535 1.076737 4.775974
v 4.139559 3.009349 4.791036
v 3.563183 2.472859 5.155912
v 6.218670 3.611762 -0.447726
v 6.286854 4.187204 0.198498
v 6.303625 3.615644 0.848591
v 5.900807 3.600407 -1.711525
v 6.083246 4.179073 -1.088639
v 6.197694 4.185868 1.497429
v 6.048607 3.607173 2.133267
v 5.795152 4.172548 2.747253
v 5.499025 3.590950 3.331569
v 5.108346 4.155355 3.877735
v 4.661662 3.573159 4.369802
v 4.133391 4.138652 4.796724
v 3.559895 3.556692 5.160153
v 6.212661 4.769280 -0.451752
v 6.277434 5.361192 0.197021
v 6.276722 4.773500 0.849637
v 5.900204 4.759398 -1.720400
v 6.082386 5.353883 -1.094964
v 6.171470 5.359758 1.494347
v 6.011691 4.766129 2.130118
v 5.759891 5.348904 2.742038
v 5.473312 4.750627 3.330883
v 5.085420 5.332596 3.878506
v 4.649830 4.733677 4.372527
v 4.121586 5.312840 4.799749
v 3.555097 4.715480 5.167326
v 2.951997 4.122905 5.486539
v 2.312725 3.544019 5.745047
v 2.948537 2.995373 5.471718
v 2.949993 5.294131 5.494553
v 2.320975 4.700815 5.764773
v 6.201618 5.940363 -0.454941
v 6.253223 6.511734 0.193833
v 6.260314 5.944504 0.848049
v 5.898771 5.931613 -1.727277
v 6.069211 6.503979 -1.098590
v 6.155967 6.512341 1.491479
v 5.991294 5.938509 2.127020
v 5.742435 6.503236 2.736621
v 5.444241 5.925124 3.325897
v 5.056657 6.486213 3.874713
v 4.628829 5.905596 4.375485
v 4.103113 6.463147 4.803876
v 3.545671 5.883550 5.171620
v 2.942347 6.438259 5.496468
v 2.321735 5.864504 5.773328
v 5.661335 6.497358 -2.341864
v 5.647398 7.570559 -2.338984
v 5.884940 7.046676 -1.728274
v 5.670023 5.343852 -2.338954
v 6.043643 7.573258 -1.098719
v 6.171450 7.054097 -0.457553
v 6.221324 7.583766 0.184284
v 6.230554 7.061444 0.838417
v 6.124842 7.591302 1.471745
v 5.968996 7.058509 2.115879
v 5.713151 7.587385 2.721400
v 5.416259 7.046684 3.316614
v 5.029723 7.570745 3.868773
v 4.601665 7.025671 4.373286
v 4.077415 7.541640 4.798863
v 3.529017 6.997415 5.170226
v 2.924447 7.502966 5.488462
v 2.311694 6.967399 5.766332
v 1.671429 6.418225 5.996575
v 1.002452 5.852562 6.153841
v 1.671053 5.280887 5.992013
v 1.663631 7.466233 5.987567
v 1.002813 6.945948 6.150938
v 5.362386 8.076388 -2.927319
v 5.630991 8.569698 -2.328867
v 5.868043 8.070541 -1.726388
v 6.026567 8.571625 -1.093794
v 6.153635 8.079681 -0.463017
v 6.216992 8.579411 0.175947
v 6.213364 8.096093 0.819346
v 6.131330 8.597625 1.452692
v 5.952722 8.109153 2.095292
v 5.724565 8.609253 2.711052
v 5.400911 8.100374 3.311670
v 5.012027 8.592093 3.866164
v 4.572868 8.071918 4.369228
v 4.045150 8.554949 4.810355
v 3.504879 8.027315 5.167442
v 2.907545 8.506960 5.509944
v 2.299793 7.972336 5.764731
v 1.664568 8.457033 6.019262
v 1.004399 7.927615 6.165289
v 0.326940 8.425291 6.282450
v -0.362834 7.907114 6.270269
v 0.321456 7.442549 6.238452
v 4.741340 9.858004 -1.326834
v 4.515310 9.892329 -0.740601
v 4.946074 9.851799 -0.333956
v 5.224068 9.823735 -0.923282
v 4.880738 9.820271 -1.948074
v 4.296280 9.862374 -2.233283
v 4.205884 9.909849 -1.629101
v 4.608177 9.884274 0.198236
v 4.920918 9.876770 0.686284
v 5.325644 9.831676 0.162864
v 4.494084 9.931831 1.144923
v 4.687201 9.938259 1.699066
v 5.198412 9.874142 1.255668
v 4.182960 9.976564 2.067749
v 4.246232 9.938470 2.670730
v 4.837977 9.905105 2.330164
v 3.682360 9.931211 2.925780
v 3.613743 9.876786 3.546191
v 4.241291 9.873118 3.329635
v 3.017475 9.870554 3.682578
v 2.819649 9.854033 4.291683
v 3.461721 9.846094 4.212234
v 2.197533 9.857409 4.274646
v 1.865257 9.846724 4.823552
v 2.521308 9.842531 4.902631
v 1.259968 9.872566 4.679271
v 0.814692 9.868648 5.148895
v 1.445573 9.852444 5.346537
v 0.250637 9.882055 4.902252
v -0.307104 9.860779 5.275214
v 0.268938 9.861443 5.570612
v -0.795076 9.877834 4.892672
v -0.945559 9.856840 5.584507
v 4.068782 9.960986 -1.070886
v 3.896105 9.997302 -0.569915
v 4.263101 9.927942 -0.220534
v 3.678958 9.980397 -1.857642
v 3.615563 10.031530 -1.327911
v 3.986083 9.975426 0.234035
v 4.256660 9.937821 0.658021
v 3.895268 10.011871 1.049192
v 4.063446 9.997347 1.528269
v 3.632193 10.038035 1.842831
v 3.686281 9.993374 2.358519
v 3.199577 9.970871 2.575670
v 3.138852 9.906721 3.105289
v 2.621547 9.920767 3.216085
v 2.449658 9.889868 3.739608
v 1.915592 9.926498 3.728816
v 1.624394 9.889296 4.201756
v 1.106089 9.930134 4.092314
v 0.718398 9.906170 4.506874
v 0.230456 9.931766 4.278024
v -0.243704 9.900334 4.601482
v -0.668873 9.930586 4.242501
v 3.514492 10.066740 -0.851745
v 3.375436 10.080865 -0.425128
v 3.690999 10.028763 -0.126781
v 3.167687 10.097157 -1.517628
v 3.126645 10.124347 -1.068801
v 3.457889 10.071699 0.261168
v 3.689778 10.039629 0.626756
v 3.380909 10.096792 0.962967
v 3.526997 10.070847 1.377694
v 3.155784 10.087194 1.648370
v 3.203411 10.041485 2.090825
v 2.787716 10.024973 2.278355
v 2.731608 9.961118 2.727346
v 2.289320 9.989213 2.820463
v 2.133129 9.962448 3.262290
v 1.673388 9.991879 3.250319
v 1.421475 9.959272 3.665315
v 0.967317 9.994176 3.553651
v 0.632381 9.966497 3.923700
v 0.207235 9.992064 3.703227
v -0.199464 9.959087 3.990465
v -0.569100 9.995296 3.671153
v 3.046139 10.125194 -0.662626
v 2.941277 10.107609 -0.301925
v 3.204461 10.084867 -0.046558
v 2.744672 10.175271 -1.228165
v 2.729046 10.171239 -0.856159
v 3.010529 10.097524 0.286345
v 3.202662 10.108601 0.597557
v 2.943827 10.122568 0.890058
v 3.065589 10.117720 1.248809
v 2.759880 10.102370 1.489475
v 2.793566 10.073467 1.866676
v 2.456001 10.057729 2.040879
v 2.393791 10.021100 2.412379
v 2.025929 10.035788 2.501500
v 1.870745 10.015007 2.857355
v 1.480868 10.041562 2.857696
v 1.245723 10.020065 3.192976
v 0.857067 10.042000 3.103179
v 0.555456 10.017914 3.400474
v 0.189574 10.033495 3.218759
v -0.166072 10.015221 3.453301
v -0.489877 10.039866 3.193300
v -0.883493 10.029967 3.343476
v -1.146590 10.051858 3.022505
v -1.554173 10.037351 3.068959
v 2.736602 10.151100 -1.647240
v 2.327917 10.185052 -1.723978
v 2.395579 10.204501 -1.353816
v -1.740848 10.061450 2.700839
v -2.135335 10.047102 2.633657
v -2.239551 10.069075 2.241648
v -2.596621 10.060645 2.072388
v -2.546930 10.032642 2.512322
v -2.979496 10.015910 2.332153
v -2.946529 9.971637 2.856031
v -3.458776 9.952757 2.646241
v -3.431935 9.915298 3.253739
v -4.039907 9.902859 3.009481
v -3.988882 9.883696 3.680169
v -2.614458 10.071846 1.675495
v -2.914831 10.068318 1.418745
v -2.965428 10.049504 1.852832
v -3.337849 10.033138 1.572525
v -3.421603 9.995709 2.082805
v -3.863289 9.975605 1.757404
v -3.981296 9.935719 2.356395
v -4.508425 9.920694 1.983605
v -4.627176 9.888806 2.658623
v -5.337245 8.528815 2.937860
v -5.646034 8.051600 2.278159
v -2.844808 10.080843 1.034336
v -3.072175 10.081361 0.715621
v -3.219210 10.061720 1.117714
v -3.509884 10.046726 0.754334
v -3.702724 10.014343 1.222955
v -4.054959 9.986760 0.798298
v -4.299486 9.952923 1.351707
v -4.714550 9.929321 0.857345
v -4.996600 9.903264 1.501191
v -5.869453 8.595825 1.610499
v -6.070033 8.106494 0.890482
v -5.913897 7.566924 1.585242
v -6.111271 7.040793 0.869469
v -5.952100 6.474111 1.568715
v -6.133785 5.900643 0.857571
v -5.972534 5.310487 1.559595
v -6.144048 4.718133 0.851118
v -2.916208 10.090773 0.365271
v -3.055775 10.084841 0.001559
v -3.292393 10.071234 0.348601
v -3.488588 10.047192 -0.078324
v -3.780620 10.018413 0.322972
v -4.027168 9.978745 -0.181299
v -4.383416 9.950632 0.291885
v -4.680968 9.912808 -0.305244
v -5.099669 9.899215 0.256644
v -6.152316 8.643317 0.167740
v -6.161448 8.127500 -0.581793
v -6.176276 7.592627 0.149618
v -6.174446 7.047812 -0.593015
v -6.203358 6.482600 0.135898
v -6.179557 5.900118 -0.599949
v -6.203812 5.309860 0.128515
v -6.173230 4.713122 -0.605472
v -6.213170 4.127046 0.121283
v -6.184336 3.544820 -0.614877
v -6.234404 2.988178 0.111928
v -6.206352 2.446376 -0.625221
v -6.261101 1.934473 0.103243
v -6.229498 1.445827 -0.638335
v -6.268144 0.994733 0.094943
v -2.822892 10.085037 -0.292821
v -2.872376 10.076815 -0.681250
v -3.184086 10.068338 -0.411209
v -3.280139 10.042856 -0.877563
v -3.656811 10.012925 -0.568656
v -3.790953 9.969730 -1.126047
v -4.243513 9.934619 -0.765039
v -4.431717 9.890323 -1.435983
v -4.961853 9.874709 -1.002444
v -6.030826 8.641185 -1.310549
v -5.809385 8.108146 -2.013464
v -6.049176 7.593200 -1.317052
v -5.836580 7.041639 -2.020242
v -6.066154 6.480789 -1.324970
v -5.835631 5.893911 -2.019759
v -6.049243 5.304276 -1.321990
v -5.822649 4.705251 -2.017536
v -6.049661 4.118973 -1.329297
v -5.826844 3.534840 -2.027943
v -6.061215 2.979165 -1.340509
v -5.836720 2.439993 -2.040971
v -6.082637 1.933246 -1.355577
v -5.862942 1.449338 -2.064745
v -6.097385 0.998935 -1.374825
v -2.572905 10.091490 -0.894279
v -2.534570 10.089632 -1.287785
v -2.902690 10.065995 -1.114432
v -2.892672 10.040869 -1.598344
v -3.337550 10.007198 -1.400306
v -3.350723 9.963163 -1.980179
v -3.886612 9.922525 -1.753571
v -3.936540 9.878588 -2.449714
v -4.557916 9.854645 -2.180147
v -5.441623 8.603394 -2.658980
v -5.032369 8.074084 -3.242789
v -5.478882 7.575504 -2.658711
v -5.057219 7.026244 -3.251554
v -5.501684 6.471725 -2.669184
v -5.070815 5.885993 -3.258266
v -5.496802 5.297423 -2.667983
v -5.070088 4.698471 -3.262609
v -5.494435 4.110102 -2.674666
v -5.070316 3.524533 -3.272199
v -5.498765 2.968547 -2.685825
v -5.068074 2.428321 -3.275006
v -5.504674 1.927378 -2.695885
v -5.077102 1.439355 -3.290133
v -5.521196 1.001126 -2.721459
v -2.188812 10.110625 -1.410470
v -2.063705 10.102387 -1.802418
v -2.465950 10.073087 -1.730092
v -2.352144 10.049500 -2.215943
v -2.837195 10.008175 -2.132318
v -2.721915 9.964466 -2.702328
v -3.308633 9.915928 -2.609685
v -3.193111 9.865990 -3.276093
v -3.879806 9.833983 -3.171647
v -4.528139 8.562067 -3.774531
v -3.997597 8.047492 -4.242305
v -4.549947 7.552364 -3.775632
v -4.004415 7.010673 -4.244461
v -4.562324 6.459709 -3.780025
v -3.992010 5.878258 -4.226741
v -4.556579 5.291369 -3.770102
v -3.983283 4.692287 -4.222945
v -4.557124 4.101843 -3.781754
v -3.982278 3.514709 -4.230428
v -4.553294 2.956400 -3.782467
v -3.973645 2.414439 -4.223880
v -4.548192 1.913591 -3.782074
v -3.976330 1.427292 -4.232218
v -4.554758 0.997207 -3.799151
v -1.692651 10.129047 -1.824003
v -1.900334 10.088013 -2.237171
v -2.180358 10.013084 -2.732064
v -2.530799 9.913289 -3.297177
v -2.952175 9.825607 -3.949261
v -3.415035 8.541209 -4.662799
v -3.409246 7.536515 -4.648506
v -3.399158 6.451133 -4.635845
v -3.380895 5.286427 -4.617835
v -3.381294 4.094816 -4.629335
v -3.373651 2.946045 -4.625048
v -3.370338 1.900537 -4.624291
v -3.373344 0.990717 -4.630919
v 2.946830 1.966661 5.471572
v 2.292750 1.492909 5.729778
v 2.936875 1.067968 5.472073
v 1.630400 1.962054 5.934167
v 0.935446 1.494421 6.075753
v 1.611688 1.065991 5.934518
v 0.250448 1.964024 6.160632
v -0.457421 1.503231 6.170943
v 0.231278 1.078591 6.161423
v -1.144442 1.968837 6.104591
v -1.162067 1.090791 6.107603
v 2.304241 2.463131 5.731676
v 1.644578 2.986942 5.945879
v 0.954520 2.459542 6.086305
v 0.269686 2.984848 6.180187
v -0.438742 2.461366 6.180336
v -1.126314 2.987575 6.127341
v 1.658490 4.111942 5.967702
v 0.971875 3.537493 6.105927
v 0.288682 4.108531 6.201473
v -0.419541 3.538049 6.204426
v -1.107810 4.112128 6.150052
v 0.989970 4.692399 6.132801
v 0.306532 5.275323 6.222732
v -0.400593 4.692305 6.219370
v -1.087166 5.276481 6.150831
v 0.316812 6.406580 6.232570
v -0.385194 5.848236 6.228610
v -1.073383 6.402774 6.166492
v -0.373741 6.934349 6.239915
v -1.058031 7.435299 6.186364
v -1.051362 8.419745 6.217765
v 1.964654 10.206129 -1.773903
v 2.236874 10.155416 -2.143221
v 2.687968 10.120078 -2.105653
v 2.591205 10.077434 -2.600678
v 3.125845 10.015402 -2.552628
v 3.170238 10.060701 -2.013009
v 3.695902 9.933961 -2.435065
v 4.305850 9.825341 -2.889408
v 5.039030 8.583074 -3.487230
v 5.668959 4.166229 -2.329329
v -1.521771 9.694406 -5.666234
v -0.848100 9.768291 -5.861607
v -0.173702 9.710435 -6.033736
v -0.854692 9.507751 -5.873960
v -1.502529 9.779989 -5.589339
v -0.819026 9.790201 -5.648342
v -0.161454 9.792899 -5.952988
v -2.998400 9.787944 5.505584
v -3.589989 9.852625 5.070654
v -4.144903 9.794929 4.610597
v -3.600328 9.566608 5.091049
v -2.955008 9.871284 5.436546
v -3.470125 9.876304 4.931552
v -4.087734 9.876867 4.551029
v 5.689117 9.782345 -1.655187
v 5.559218 9.753682 -2.276852
v 5.285615 9.764338 -2.835176
v 5.383612 9.783543 -2.199694
v 5.768059 9.701237 -1.680816
v 5.589414 9.503981 -2.294336
v 5.357549 9.680561 -2.871650
v -0.119530 9.784437 -1.819021
v -0.416703 9.995173 -1.803895
v -0.703560 9.772738 -1.702474
v -0.983543 9.988499 -1.629541
v -1.227093 9.750478 -1.501335
v 0.456876 9.816819 -1.812591
v 0.194992 10.011274 -1.859518
v 0.981784 9.821657 -1.703979
v 0.754308 10.034605 -1.795355
v 2.085666 10.002420 -1.091544
v 1.900037 9.797698 -1.274726
v 2.217748 9.798528 -0.874840
v 2.404495 9.770766 -0.429986
v 2.329351 9.984015 -0.661237
v 2.504003 9.748570 0.069069
v 2.462561 9.927359 -0.179400
v 2.482328 9.760186 0.555664
v 2.505343 9.892063 0.325083
v 2.369824 9.745651 1.044511
v 2.444997 9.891244 0.804277
v 2.185781 9.724690 1.521693
v 2.303451 9.882447 1.296188
v 1.896042 9.736579 1.928283
v 2.077527 9.902679 1.757563
v 1.477890 9.739994 2.242182
v 1.724721 9.929214 2.133127
v 0.997550 9.724150 2.478535
v 1.270020 9.923679 2.405765
v 0.458791 9.703287 2.621407
v 0.752189 9.902710 2.581647
v -0.103647 9.690953 2.653338
v 0.187077 9.878136 2.666224
v -0.667415 9.684093 2.567664
v -0.386442 9.859600 2.643723
v -1.670711 9.676847 2.097576
v -2.066684 9.662590 1.708418
v -1.873908 9.881788 1.932042
v -1.430326 9.875777 2.267760
v -1.194946 9.682874 2.379469
v -2.367402 9.673777 1.215852
v -2.236214 9.869458 1.494934
v -2.505772 9.703544 0.657559
v -2.461468 9.876295 0.950352
v -2.510400 9.714746 0.117476
v -2.538934 9.888541 0.391344
v -2.348424 9.728786 -0.409170
v -2.465843 9.902170 -0.148198
v -2.069741 9.730298 -0.855880
v -2.233978 9.916534 -0.642966
v -1.702656 9.728960 -1.232211
v -1.906698 9.919312 -1.055213
v -1.484772 9.945968 -1.382798
v 1.476738 9.802596 -1.532939
v 1.264705 10.020540 -1.652776
v 1.720290 10.003997 -1.438718
v -0.933802 9.854707 2.508805
v 0.772442 0.023768 -1.914189
v 0.467928 0.025835 -2.136024
v 1.108332 0.029117 -1.950485
v 1.663396 0.038145 -1.637091
v 1.358596 0.026711 -1.681628
v 0.110934 0.017799 -2.011659
v -0.179201 0.018831 -2.190999
v -0.453380 0.008785 -1.995971
v -0.731966 0.013546 -2.120624
v -0.950763 0.013899 -1.880274
v -1.278988 0.014714 -1.943150
v -1.752980 0.009863 -1.688846
v -1.874409 0.009933 -1.440080
v -2.192701 0.016563 -1.333423
v -2.261632 0.025099 -1.057220
v -2.524036 0.040478 -0.868749
v -2.511588 0.053617 -0.551532
v -2.724431 0.066844 -0.327250
v -2.633673 0.069720 -0.019929
v -2.793021 0.061080 0.221992
v -2.649610 0.070524 0.500699
v -2.755130 0.063404 0.795949
v -2.569201 0.081421 1.051968
v -2.606082 0.078583 1.373604
v -2.388091 0.083532 1.590981
v -2.338179 0.083462 1.900896
v -2.063080 0.074936 2.059023
v -1.920818 0.081458 2.340098
v -1.613341 0.069934 2.416242
v -1.408470 0.077601 2.673540
v -1.081637 0.072000 2.664728
v -0.815190 0.082946 2.904675
v -0.490224 0.080333 2.827904
v -0.185989 0.087082 3.026771
v 0.123205 0.086729 2.883123
v 0.458551 0.085526 3.017184
v 0.721127 0.086901 2.813257
v 1.069095 0.081043 2.872781
v 1.793419 0.069826 2.310548
v 2.124717 0.074477 2.183249
v 1.631691 0.072054 2.585786
v 1.274538 0.074831 2.614991
v 2.226997 0.077989 1.869823
v 2.497197 0.075973 1.640687
v 2.539584 0.076146 1.309212
v 2.737443 0.069493 1.041056
v 2.690213 0.069309 0.739456
v 2.802695 0.066854 0.431110
v 2.696021 0.067053 0.147575
v 2.734992 0.067883 -0.195296
v 2.546695 0.060791 -0.426642
v 2.491387 0.058033 -0.753167
v 2.251178 0.055038 -0.919392
v 2.137215 0.052502 -1.239836
v 1.854340 0.043282 -1.339217
v -1.432991 0.012588 -1.698093
v -0.433321 10.188087 -2.012340
v -0.115916 10.182502 -2.196276
v -0.763408 10.176418 -2.071400
v -1.350711 10.156854 -1.823516
v -1.035328 10.183218 -1.827939
v -0.176289 9.790046 -5.484319
v -1.412623 9.792746 -5.158801
v -2.107243 9.778352 -5.177878
v -2.589729 9.795835 -4.604807
v -0.184413 9.089740 -6.026051
v -1.521544 9.070105 -5.634709
v -2.814623 9.061267 -5.045718
v -2.182661 9.487370 -5.383274
v -0.122576 0.634910 -5.934980
v -0.801846 0.396964 -5.779445
v -1.460808 0.655389 -5.567824
v -2.114150 0.383207 -5.297081
v -2.749823 0.626022 -4.982714
v 0.210924 10.199405 -2.068011
v 0.523813 10.197002 -2.189699
v 1.072296 9.788443 -5.489856
v 0.500723 9.786100 -5.876379
v 0.515642 9.508600 -6.123138
v 1.205477 9.097943 -6.110812
v 1.262296 0.614649 -5.964861
v 0.565214 0.355335 -5.987860
v 0.805421 10.218853 -1.999701
v 1.108867 10.209803 -2.053678
v 2.276912 9.790548 -5.142057
v 1.813071 9.766102 -5.741379
v 1.896230 9.486944 -5.992583
v 2.551910 9.100553 -5.754331
v 2.602845 0.648640 -5.614663
v 1.949662 0.359491 -5.829812
v 1.348364 10.212979 -1.834961
v 1.648863 10.209618 -1.817302
v 3.334381 9.793947 -4.477528
v 3.011728 9.758326 -5.188196
v 3.149966 9.480433 -5.417031
v 3.718382 9.104658 -5.011007
v 3.772203 0.715344 -4.931924
v 3.222471 0.425182 -5.304504
v 4.251076 9.794002 -3.616297
v 4.055213 9.763607 -4.343127
v 4.228393 9.483276 -4.531479
v 4.675722 9.091836 -4.022276
v 4.713955 0.773437 -3.994263
v 4.283483 0.498985 -4.485633
v 5.430394 0.808879 -2.893345
v 5.107455 0.553046 -3.454603
v 5.951404 0.799779 -1.708804
v 5.718908 0.560018 -2.307742
v -2.788555 9.876492 5.184756
v -2.288867 9.881878 5.660337
v -1.614919 9.875230 5.724296
v -3.814975 9.880381 4.329955
v -2.998022 9.045100 5.500087
v -1.726213 9.051326 6.072323
v -2.372705 9.572910 5.836002
v -4.136616 9.067052 4.634500
v -4.265054 0.632436 4.589933
v -3.722450 0.358600 5.039654
v -3.137808 0.678695 5.430704
v -2.510535 0.433410 5.715718
v -1.852680 0.728938 5.951183
v -4.593305 9.865419 3.334620
v -4.419100 9.865956 3.974684
v -4.587960 9.561971 4.104937
v -4.979595 9.073852 3.551031
v -5.150458 0.626581 3.483224
v -4.732081 0.333677 4.043788
v -5.803210 0.608064 2.233517
v -5.496846 0.328488 2.865264
v -6.179865 0.599857 0.825154
v -6.002118 0.308091 1.543420
v -6.206175 0.596389 -0.646847
v -6.208856 0.299213 0.086378
v 6.138954 0.529997 -1.090785
v 6.276924 0.780157 -0.454376
v 6.368999 0.746281 0.844874
v 6.357013 0.486234 0.195891
v 6.127132 0.735509 2.107167
v 6.286867 0.454381 1.481173
v 5.564179 0.729493 3.281534
v 5.886529 0.456023 2.691777
v 4.675442 0.716479 4.327309
v 5.154101 0.451628 3.811505
v 5.359081 9.083996 -2.898949
v 5.817896 9.091658 -1.704807
v 5.968015 9.500392 -1.050381
v 6.133611 9.078964 -0.435629
v 6.202318 9.454740 0.200133
v 6.218679 9.063724 0.810105
v 6.170728 9.432526 1.450136
v 5.998326 9.078223 2.087083
v 5.780208 9.456406 2.692641
v 5.418837 9.091017 3.292745
v 4.997896 9.467257 3.852250
v 4.531340 9.073123 4.383265
v 4.005642 9.470695 4.882849
v 3.480624 9.060686 5.241855
v 2.895005 9.509301 5.624942
v 2.293346 9.056003 5.835038
v 1.675413 9.551785 6.105547
v 1.016574 9.048306 6.227857
v 0.311010 9.577091 6.324059
v -0.385856 9.048373 6.304313
v 4.923032 9.789536 -2.613738
v 5.364365 9.802900 -1.548435
v 5.635980 9.791804 -0.394775
v 5.749675 9.781447 -1.006505
v 5.677110 9.788759 0.746630
v 5.975157 9.743560 0.194423
v 5.463804 9.819352 1.917537
v 5.947212 9.731382 1.402775
v 4.927641 9.829859 3.020379
v 5.568645 9.757341 2.601653
v 4.129412 9.802808 4.039499
v 4.808055 9.760766 3.718829
v 3.199397 9.819854 4.889921
v 3.856887 9.767797 4.725178
v 2.114901 9.837736 5.461589
v 2.790988 9.812512 5.452792
v 0.934271 9.868073 5.800090
v 1.615747 9.858355 5.909335
v -0.372132 9.869541 5.887069
v 0.300053 9.884383 6.112080
v -1.045618 9.893134 6.034573
v 2.099543 10.209944 -1.480745
v 2.220148 10.206574 -1.204085
v 2.459574 10.201627 -1.031526
v 2.490096 10.183563 -0.740226
v 2.696426 10.149278 -0.532217
v 2.639657 10.119852 -0.221405
v 2.818878 10.090500 0.026089
v 2.684468 10.083621 0.318868
v 2.809559 10.103462 0.578998
v 2.624726 10.085670 0.835589
v 2.696656 10.103083 1.141862
v 2.476185 10.074782 1.369709
v 2.480444 10.076923 1.696031
v 2.237468 10.077260 1.883360
v 2.153607 10.063843 2.186673
v 1.861995 10.086925 2.303563
v 1.683906 10.062088 2.564309
v 1.365793 10.087606 2.599312
v 1.127854 10.067584 2.832979
v 0.801091 10.079758 2.783183
v 0.508591 10.054816 2.988285
v 0.192438 10.060672 2.869509
v -0.131547 10.045476 3.028099
v -0.421139 10.046230 2.843969
v -0.767295 10.048837 2.935473
v -1.004444 10.045730 2.697601
v -1.356899 10.058843 2.714606
v -2.012617 10.083857 2.058326
v -2.319345 10.074411 1.894414
v -1.883420 10.078837 2.358450
v -1.535406 10.072604 2.431596
v -2.391782 10.071925 1.586925
v -2.624413 10.075142 1.330094
v -5.162373 9.867232 2.180130
v -5.122455 9.841816 2.861881
v -5.316016 9.540489 2.946059
v -5.618263 9.104489 2.298017
v -2.625468 10.076017 1.000960
v -2.778409 10.085659 0.691348
v -5.449600 9.881802 0.899395
v -5.608642 9.853271 1.586876
v -5.833957 9.561440 1.621525
v -6.019566 9.155684 0.908831
v -2.709984 10.085742 0.382667
v -2.778016 10.091197 0.060808
v -5.495122 9.864515 -0.452418
v -5.852365 9.856080 0.201651
v -6.110949 9.574914 0.184562
v -6.140730 9.164546 -0.565132
v -2.635412 10.090805 -0.213423
v -2.610408 10.088556 -0.545798
v -5.170454 9.851211 -1.782962
v -5.722374 9.848609 -1.231564
v -5.981281 9.573577 -1.301435
v -5.752347 9.153282 -2.016006
v -5.831364 0.597047 -2.070044
v -6.035040 0.287716 -1.367916
v -2.384545 10.104833 -0.749668
v -2.290413 10.111028 -1.060941
v -4.539301 9.824694 -2.947752
v -5.148555 9.833199 -2.557909
v -5.370854 9.555786 -2.675416
v -4.984440 9.107656 -3.258592
v -5.061772 0.616487 -3.300397
v -5.459756 0.306866 -2.711692
v -2.021529 10.117822 -1.195324
v -1.872271 10.123310 -1.496805
v -3.668288 9.795757 -3.883038
v -4.323651 9.791767 -3.657656
v -4.494368 9.505587 -3.809106
v -3.987437 9.069185 -4.264807
v -3.963165 0.625415 -4.226518
v -4.521337 0.343733 -3.784896
v -1.569454 10.145276 -1.553620
v -3.300586 9.771986 -4.517312
v -3.424743 9.480497 -4.699523
v -3.358002 0.350588 -4.614800
v 3.552349 0.707569 5.151173
v 4.129287 0.442314 4.763027
v 2.276428 0.696978 5.736616
v 2.922638 0.430157 5.474091
v 0.913592 0.701882 6.090025
v 1.592843 0.418995 5.954350
v -0.471586 0.734662 6.176369
v 0.215542 0.451085 6.179079
v -1.171989 0.477867 6.093911
v -1.082855 9.590072 6.235854
v 1.831094 10.205269 -1.585416
v 4.871046 9.768273 -3.317711
v 5.061853 9.485488 -3.458088
v 2.086796 0.181077 -5.149142
v 2.994050 0.196301 -5.126993
v 3.174345 0.215160 -4.527996
v 0.881266 0.161350 -5.423160
v 1.788115 0.143443 -5.609999
v -0.412987 0.164651 -5.391031
v 0.446263 0.138002 -5.741519
v -1.624556 0.176631 -5.060425
v -0.909379 0.165997 -5.535675
v -2.729457 0.160693 -4.531571
v -2.125637 0.158906 -5.072665
v -3.797507 0.163674 -3.775506
v -3.286027 0.139632 -4.404819
v -4.776512 0.146298 -2.716941
v -4.419149 0.129205 -3.545236
v -5.373456 0.128262 -1.527374
v -5.286884 0.095948 -2.486833
v -5.627932 0.117873 -0.266122
v -5.797280 0.076948 -1.193036
v -5.546237 0.114840 0.974865
v -5.946528 0.083815 0.178956
v -5.205855 0.119254 2.211298
v -5.738366 0.092608 1.531180
v -4.604897 0.141332 3.334340
v -5.247002 0.109087 2.809767
v -3.802483 0.138679 4.329783
v -4.500534 0.113582 3.949097
v -2.787166 0.172979 5.086071
v -3.531440 0.135009 4.896383
v -1.629293 0.199408 5.568097
v -2.374671 0.199492 5.540185
v -0.365131 0.205547 5.830298
v -1.091739 0.234455 5.909857
v 0.905520 0.180186 5.816222
v 0.242354 0.209382 6.005713
v 2.148538 0.173255 5.450802
v 1.558306 0.180865 5.791371
v 3.287752 0.182423 4.803366
v 2.829467 0.192470 5.306530
v 4.273345 0.186670 3.965874
v 3.984658 0.205707 4.592926
v 5.034063 0.188008 2.939121
v 4.961870 0.213070 3.655099
v 5.479791 0.183889 1.800999
v 5.649905 0.214237 2.560825
v 5.655560 0.190854 0.660360
v 6.016733 0.210628 1.390127
v 5.597233 0.222746 -0.536522
v 6.081738 0.240238 0.156474
v 5.369747 0.243258 -1.564623
v 5.888591 0.281573 -1.060462
v 4.855133 0.260793 -2.645929
v 5.491583 0.310812 -2.217281
v 4.096493 0.240627 -3.666590
v 4.873927 0.306223 -3.336228
v 4.042310 0.259142 -4.340161
v -1.408541 0.467321 -1.442922
v -1.269242 0.219231 -1.541820
v -0.929314 0.465532 -1.642524
v -1.858752 0.474202 -1.162366
v -1.707651 0.217970 -1.311204
v -2.201741 0.487243 -0.766025
v -2.084668 0.234896 -0.970371
v -2.407950 0.508951 -0.268188
v -2.331198 0.265343 -0.500624
v -2.499455 0.519599 0.236817
v -2.459963 0.289034 0.004580
v -2.463154 0.528752 0.753987
v -2.481718 0.296448 0.495662
v -2.309574 0.534974 1.266224
v -2.400228 0.303959 1.010347
v -2.046861 0.525102 1.730177
v -2.218078 0.293770 1.507226
v -1.654431 0.525120 2.119221
v -1.904752 0.277608 1.938048
v -1.169017 0.525916 2.395605
v -1.474810 0.274554 2.266309
v -0.624443 0.526269 2.580168
v -0.965213 0.278749 2.492899
v -0.063940 0.523860 2.660309
v -0.406026 0.286773 2.637383
v 0.497616 0.517905 2.619373
v 0.165760 0.291840 2.676834
v 1.019898 0.503056 2.466472
v 0.717364 0.288865 2.598536
v 1.502975 0.483882 2.214427
v 1.227270 0.271755 2.403765
v 1.930410 0.481061 1.889300
v 1.703060 0.264935 2.121146
v 2.242530 0.479397 1.444229
v 2.095134 0.275422 1.725582
v 2.445937 0.468658 0.951966
v 2.373671 0.274131 1.225684
v 2.522631 0.466596 0.446814
v 2.512526 0.268739 0.712681
v 2.503067 0.469261 -0.075361
v 2.528867 0.268236 0.180849
v 2.335749 0.475923 -0.554355
v 2.411476 0.267563 -0.334770
v 2.060238 0.478794 -0.981666
v 2.159791 0.269512 -0.786260
v 1.684338 0.470803 -1.349012
v 1.810341 0.261091 -1.179530
v 1.213191 0.454934 -1.593110
v 1.364131 0.238887 -1.494222
v 0.673272 0.447608 -1.756299
v 0.833862 0.226149 -1.705797
v 0.106158 0.440076 -1.821429
v 0.232525 0.214664 -1.805128
v -0.406860 0.449145 -1.778777
v -0.303350 0.205638 -1.803190
v -0.790978 0.217585 -1.706100
v -0.719680 10.125982 -1.744790
v -0.997997 10.179593 -1.666197
v -1.242635 10.100710 -1.517626
v -0.734031 10.199281 -1.836920
v -1.273992 10.177505 -1.601206
v -0.419389 10.178528 -1.849334
v -0.103413 10.192498 -1.956118
v -0.101900 10.118080 -1.865971
v -1.502458 10.131928 -1.405976
v -1.719063 10.044537 -1.234668
v -1.764000 10.125408 -1.306421
v 0.213093 10.191763 -1.904469
v 0.515353 10.223787 -1.948311
v 0.501933 10.152667 -1.856581
v 0.782761 10.215498 -1.838839
v 1.057150 10.225281 -1.832579
v 1.028121 10.152856 -1.746321
v 1.296281 10.196486 -1.692938
v 1.564434 10.204142 -1.646386
v 1.520530 10.127568 -1.570626
v 2.233323 10.118620 -0.875186
v 2.110455 10.182390 -1.108718
v 1.921218 10.122205 -1.294502
v 2.302381 10.200281 -0.921684
v 1.979583 10.202623 -1.355649
v 1.748740 10.179981 -1.470364
v 2.351893 10.167214 -0.673132
v 2.482325 10.161177 -0.464609
v 2.402925 10.080374 -0.437194
v 2.478292 10.105165 -0.179518
v 2.574997 10.090807 0.079409
v 2.495269 10.006487 0.090400
v 2.523282 10.054053 0.335911
v 2.566725 10.074522 0.572671
v 2.488559 9.988629 0.567348
v 2.473421 10.044316 0.811977
v 2.470120 10.067611 1.074081
v 2.393051 9.983555 1.052505
v 2.336077 10.039144 1.311343
v 2.286538 10.067311 1.588064
v 2.212691 9.988696 1.544331
v 2.113609 10.070992 1.790358
v 2.006595 10.103325 2.046334
v 1.936957 10.038334 1.976865
v 1.761784 10.101241 2.183365
v 1.571466 10.105415 2.389663
v 1.517949 10.043324 2.306842
v 1.301244 10.095179 2.456070
v 1.067555 10.100966 2.609752
v 1.036174 10.032499 2.521235
v 0.772920 10.079153 2.619448
v 0.490220 10.080528 2.732664
v 0.478712 10.006238 2.644234
v 0.194440 10.053179 2.700544
v -0.102648 10.057441 2.768501
v -0.096035 9.981163 2.680959
v -0.388992 10.027266 2.681643
v -0.689849 10.039847 2.685280
v -0.667325 9.961311 2.602626
v -0.938836 10.019959 2.548518
v -1.220789 10.052433 2.492156
v -1.182954 9.973192 2.416028
v -1.433084 10.055640 2.299428
v -1.708515 10.091871 2.181584
v -1.653317 10.011892 2.117294
v -1.885577 10.069588 1.958229
v -2.138442 10.076303 1.789888
v -2.068134 9.996704 1.740845
v -2.256525 10.050057 1.522550
v -2.447440 10.069838 1.281729
v -2.372459 9.988756 1.245051
v -2.486137 10.050501 0.965735
v -2.602710 10.077125 0.677388
v -2.521496 9.995302 0.666280
v -2.569749 10.059796 0.395164
v -2.616520 10.087318 0.109174
v -2.533811 10.006543 0.129042
v -2.501695 10.074806 -0.153409
v -2.458246 10.100389 -0.453015
v -2.379070 10.024948 -0.410198
v -2.262977 10.093457 -0.656365
v -2.143224 10.117883 -0.913231
v -2.081371 10.038038 -0.855277
v -1.926309 10.099040 -1.071338
v 1.050131 0.018913 -1.717343
v 0.742723 0.038836 -1.744231
v 0.428079 0.021373 -1.867146
v 1.053321 0.098336 -1.627321
v 0.461978 0.097097 -1.775730
v 0.109679 0.031793 -1.829888
v -0.201922 0.006857 -1.900249
v -0.145762 0.078614 -1.813453
v 1.290619 0.040172 -1.522801
v 1.540850 0.116459 -1.346929
v 1.559075 0.028927 -1.426320
v -0.423580 0.020817 -1.816908
v -0.667383 0.006834 -1.837994
v -0.609325 0.080042 -1.759596
v -0.890170 0.032074 -1.715035
v -1.163215 0.017928 -1.693767
v -1.101732 0.092558 -1.621840
v -1.350049 0.031406 -1.552947
v -1.590168 0.006953 -1.502270
v -1.528667 0.080984 -1.435369
v -2.013074 0.015953 -1.206855
v -2.130170 0.042750 -0.974744
v -2.315313 0.035145 -0.775993
v -1.942001 0.091836 -1.153877
v -2.235849 0.114090 -0.743553
v -1.769084 0.027540 -1.323797
v -2.359014 0.071365 -0.489500
v -2.489301 0.066720 -0.243401
v -2.409918 0.149894 -0.224836
v -2.472831 0.095033 0.017332
v -2.551723 0.074510 0.246641
v -2.475006 0.161917 0.251884
v -2.489281 0.103086 0.497143
v -2.524434 0.082974 0.758385
v -2.448251 0.170272 0.749103
v -2.419292 0.113737 1.012664
v -2.404749 0.091328 1.293444
v -2.328280 0.173960 1.264891
v -2.254903 0.103939 1.517911
v -2.176368 0.074226 1.782725
v -2.100926 0.149315 1.733873
v -1.950639 0.083721 1.953274
v -1.787559 0.064852 2.181903
v -1.722840 0.138881 2.117168
v -1.527678 0.078241 2.280895
v -1.320364 0.062963 2.459846
v -1.265063 0.137967 2.385863
v -1.023261 0.083094 2.507317
v -0.764515 0.071470 2.653454
v -0.721601 0.148450 2.573640
v -0.458971 0.094493 2.660204
v -0.181697 0.081741 2.765605
v -0.154337 0.158840 2.679365
v 0.122473 0.105806 2.714992
v 0.413495 0.089538 2.759183
v 0.421065 0.166421 2.669682
v 0.684079 0.108607 2.651675
v 0.962327 0.083904 2.634852
v 0.951324 0.158906 2.544009
v 1.203511 0.092130 2.465168
v 1.480655 0.066237 2.388146
v 1.451694 0.140191 2.300227
v 1.694778 0.085934 2.184358
v 1.956985 0.074201 2.053825
v 1.906294 0.149568 1.976429
v 2.106016 0.099408 1.778094
v 2.318419 0.081752 1.553577
v 2.249415 0.159922 1.501378
v 2.404191 0.099367 1.254528
v 2.559868 0.073895 1.002181
v 2.477100 0.152162 0.977052
v 2.545000 0.091647 0.724903
v 2.615322 0.068726 0.458915
v 2.532566 0.149828 0.456539
v 2.549868 0.085761 0.174859
v 2.568774 0.062625 -0.122524
v 2.490762 0.143959 -0.094327
v 2.408347 0.077998 -0.355953
v 2.326636 0.054974 -0.625337
v 2.268189 0.141043 -0.573756
v 2.130472 0.075924 -0.811184
v 2.005650 0.051565 -1.064738
v 1.965112 0.138945 -0.997647
v 1.756336 0.061912 -1.199591
v -2.178764 9.745901 -5.376278
v -2.789160 9.762278 -5.001790
v -2.825621 9.675337 -5.069569
v 0.519758 9.763659 -6.106823
v 1.213504 9.685781 -6.124404
v 1.198867 9.770479 -6.046216
v -1.464230 0.261191 -5.563960
v -2.113693 0.171556 -5.274956
v -2.747346 0.208510 -4.976709
v -1.488175 0.171415 -5.475015
v -2.715621 0.129557 -4.897314
v -0.814350 0.184002 -5.752285
v -0.169888 0.142213 -5.831986
v -0.129537 0.228121 -5.919445
v -3.342634 0.140456 -4.588126
v -3.939279 0.202641 -4.207028
v -3.903699 0.126094 -4.122059
v 1.891453 9.731823 -5.976987
v 2.548821 9.659202 -5.753651
v 2.514671 9.744475 -5.681921
v 0.555751 0.143906 -5.959960
v 1.239614 0.120869 -5.872121
v 1.261532 0.200452 -5.955858
v 3.133412 9.718065 -5.397192
v 3.700625 9.661148 -4.998791
v 3.649422 9.745388 -4.937158
v 1.942159 0.148176 -5.807304
v 2.551423 0.155956 -5.542070
v 2.613419 0.240702 -5.605435
v 4.214722 9.724155 -4.512684
v 4.695604 9.666694 -4.009106
v 4.634912 9.752697 -3.958767
v 3.211523 0.216612 -5.286455
v 3.718191 0.238018 -4.875226
v 3.788061 0.325558 -4.924041
v 4.274283 0.298105 -4.472237
v 4.662748 0.303196 -3.951145
v 4.731611 0.392010 -3.989752
v 5.097093 0.358026 -3.442535
v 5.373243 0.345342 -2.850842
v 5.439769 0.434347 -2.886453
v 5.704658 0.365455 -2.298381
v 5.882994 0.319362 -1.684839
v 5.954654 0.407532 -1.709201
v 6.119662 0.330733 -1.087087
v 6.195278 0.284992 -0.445614
v 6.272304 0.371185 -0.455442
v -2.363979 9.867511 5.821897
v -1.707388 9.903103 6.004778
v -1.733937 9.824192 6.086023
v -4.570651 9.839741 4.086193
v -4.963788 9.757640 3.547798
v -4.895157 9.841708 3.506518
v -3.131087 0.246172 5.414513
v -2.497307 0.228560 5.689919
v -1.857755 0.323600 5.929321
v -3.069316 0.165270 5.353769
v -1.817044 0.237449 5.859505
v -3.701619 0.141959 5.020298
v -4.180458 0.098735 4.529345
v -4.258739 0.177051 4.573614
v -1.166791 0.278744 6.070482
v -0.477942 0.334956 6.178434
v -0.455786 0.245618 6.103437
v -5.293241 9.804902 2.938904
v -5.607503 9.742924 2.303691
v -5.533461 9.828748 2.277837
v -4.707249 0.115468 4.023375
v -5.051435 0.106615 3.424405
v -5.137556 0.185212 3.451712
v -5.468272 0.114019 2.850669
v -5.694094 0.084905 2.204786
v -5.778264 0.161893 2.231242
v -5.961955 0.096515 1.537474
v -6.035223 0.077834 0.812563
v -6.123795 0.151619 0.818878
v -6.166331 0.082382 0.089063
v -6.081845 0.057418 -0.604112
v -6.165995 0.134654 -0.647961
v 6.336073 0.280507 0.195978
v 6.288818 0.230525 0.831416
v 6.367596 0.315394 0.847356
v 6.265418 0.245875 1.473271
v 6.045421 0.224028 2.062721
v 6.121027 0.307809 2.091974
v 5.868785 0.251263 2.671847
v 5.503056 0.229107 3.206619
v 5.568379 0.313310 3.254282
v 5.137957 0.249255 3.787884
v 4.609209 0.219958 4.252579
v 4.664371 0.303445 4.312044
v 5.931798 9.748201 -1.034019
v 6.108427 9.664743 -0.399327
v 6.029001 9.749762 -0.393965
v 5.051898 9.733063 -3.439304
v 6.178711 9.694650 0.207001
v 6.223339 9.610434 0.811277
v 6.149641 9.700407 0.802890
v 6.164805 9.666465 1.446555
v 6.044971 9.613351 2.087700
v 5.977924 9.706723 2.066518
v 5.779995 9.692046 2.680530
v 5.439030 9.645141 3.269773
v 5.374674 9.735370 3.233995
v 4.979123 9.705317 3.837210
v 4.501229 9.645134 4.400655
v 4.444336 9.733016 4.349822
v 3.982778 9.719573 4.889616
v 3.466465 9.682249 5.324485
v 3.422711 9.772461 5.264137
v 2.882628 9.780094 5.640727
v 2.291118 9.749991 5.909316
v 2.260301 9.836186 5.837383
v 1.672845 9.840348 6.109195
v 1.025551 9.795753 6.273547
v 1.013924 9.879242 6.193443
v 0.305974 9.874921 6.312717
v -0.417962 9.822374 6.315365
v -0.410253 9.901375 6.230597
v -1.087379 9.891784 6.218423
v -5.806112 9.816675 1.619907
v -5.986437 9.769055 0.914942
v -5.904844 9.852157 0.911265
v -6.079160 9.823957 0.189633
v -6.115412 9.756978 -0.551973
v -6.032976 9.839433 -0.541400
v -5.947219 9.823102 -1.293788
v -5.703675 9.766404 -2.019939
v -5.624747 9.846123 -1.988898
v -5.333367 9.808937 -2.670345
v -4.943324 9.723243 -3.278217
v -4.874975 9.805666 -3.232762
v -5.991614 0.067246 -1.353364
v -5.687868 0.059921 -2.011068
v -5.768840 0.131411 -2.055883
v -4.470304 9.759992 -3.806295
v -3.982753 9.680944 -4.294845
v -3.929807 9.766994 -4.237137
v -5.421391 0.088929 -2.691202
v -4.980701 0.095359 -3.209583
v -5.026532 0.174236 -3.292281
v -3.416119 9.735930 -4.693973
v -4.499067 0.129229 -3.756535
v 4.111440 0.240668 4.743020
v 3.498896 0.211779 5.079712
v 3.541029 0.296479 5.147314
v 2.909246 0.226395 5.457158
v 2.238919 0.191700 5.671234
v 2.265926 0.277399 5.744598
v 1.583455 0.210000 5.942312
v 0.898760 0.192976 6.031422
v 0.899276 0.279828 6.109894
v 0.213702 0.245288 6.165950
v -0.373603 5.230361 -1.740525
v -0.120886 5.620138 -1.818398
v -0.399212 6.043288 -1.790545
v -0.639666 5.634810 -1.681271
v -0.905552 6.045215 -1.602703
v -1.115540 5.647826 -1.455644
v -0.870347 5.251085 -1.561981
v -0.141907 6.464707 -1.858529
v -0.425280 6.873089 -1.814449
v -0.678168 6.456907 -1.731659
v -0.956877 6.859285 -1.653088
v -1.173967 6.449036 -1.509979
v -0.154195 7.276894 -1.845763
v -0.432782 7.652791 -1.792658
v -0.703922 7.265054 -1.742497
v -0.974677 7.640547 -1.644032
v -1.225846 7.249506 -1.542897
v -0.156618 8.018087 -1.829334
v -0.431365 8.350645 -1.775396
v -0.705966 8.006588 -1.716090
v -0.970944 8.337190 -1.616124
v -1.235456 7.994009 -1.524699
v -0.152542 8.675266 -1.814927
v -0.424933 8.962858 -1.757679
v -0.701617 8.657828 -1.697288
v -0.966623 8.943972 -1.604928
v -1.230037 8.644814 -1.506298
v -0.140783 9.255460 -1.792715
v -0.416034 9.511839 -1.749557
v -0.695232 9.230743 -1.680687
v -0.962778 9.490968 -1.595597
v -1.222011 9.215520 -1.496649
v 0.153382 5.215133 -1.804662
v 0.417350 5.615601 -1.821907
v 0.142859 6.042296 -1.872232
v 0.410430 6.467437 -1.866615
v 0.127399 6.881530 -1.871070
v 0.398612 7.282627 -1.850622
v 0.121165 7.661336 -1.854340
v 0.395557 8.025806 -1.846232
v 0.121556 8.363410 -1.850193
v 0.399567 8.688599 -1.830052
v 0.130243 8.983852 -1.822416
v 0.413160 9.280094 -1.795522
v 0.151623 9.540510 -1.807766
v 0.667106 7.665324 -1.804297
v 0.926848 8.027199 -1.724018
v 0.665792 8.369505 -1.795205
v 0.927666 8.691579 -1.708430
v 0.673177 8.996052 -1.769742
v 0.939123 9.286252 -1.686844
v 0.695224 9.561522 -1.747949
v 2.061954 9.546802 -1.083077
v 1.875129 9.271061 -1.264718
v 2.039484 8.984886 -1.079216
v 2.197746 9.277002 -0.874673
v 2.319643 8.988952 -0.656846
v 2.415358 9.274253 -0.429364
v 2.320465 9.541254 -0.656083
v 2.493424 8.998724 -0.195464
v 2.520235 9.294945 0.052334
v 2.473731 9.537815 -0.187428
v 2.534518 9.013516 0.299606
v 2.494909 9.315518 0.548995
v 2.511861 9.563700 0.303876
v 2.463974 9.015182 0.796655
v 2.375470 9.298789 1.038927
v 2.432441 9.567126 0.796268
v 2.303664 9.000875 1.272544
v 2.179301 9.269521 1.501757
v 2.279623 9.533087 1.280412
v 2.049713 8.984243 1.707768
v 1.875860 9.252167 1.899526
v 2.040736 9.508361 1.717035
v 1.683321 8.971519 2.063142
v 1.456898 9.244454 2.204054
v 1.678375 9.505344 2.065016
v 1.230271 8.954595 2.336696
v 0.977187 9.224138 2.448996
v 1.224394 9.495650 2.340859
v 0.729100 8.932913 2.536989
v 0.453265 9.207308 2.603663
v 0.719077 9.476030 2.545898
v 0.189056 8.915051 2.633515
v -0.099983 9.198032 2.638582
v 0.174302 9.464894 2.639670
v 1.845113 8.680077 -1.236987
v 2.012054 8.359883 -1.040172
v 2.179647 8.682429 -0.861107
v 2.311546 8.364490 -0.645058
v 2.428730 8.690198 -0.432608
v 2.499786 8.374318 -0.194764
v 2.538634 8.701930 0.048911
v 2.552079 8.383184 0.298340
v 2.526019 8.708673 0.549311
v 2.487778 8.384583 0.794566
v 2.407712 8.704667 1.036959
v 2.317719 8.378851 1.262392
v 2.194647 8.693819 1.488197
v 2.048832 8.369013 1.679435
v 1.880239 8.681243 1.884065
v 1.680058 8.356216 2.028998
v 1.464571 8.666484 2.195292
v 1.241323 8.338035 2.316022
v 0.993344 8.645089 2.442062
v 0.751405 8.315087 2.518934
v 0.474693 8.622647 2.590097
v 1.838607 8.022479 -1.211147
v 2.021657 7.665801 -1.034865
v 2.160822 8.022661 -0.836734
v 2.289339 7.667286 -0.626135
v 2.407698 8.028780 -0.417979
v 2.468045 7.673462 -0.181767
v 2.529574 8.037656 0.051866
v 2.532229 7.678127 0.298775
v 2.531916 8.041269 0.546144
v 2.478666 7.678181 0.786082
v 2.413820 8.039392 1.028521
v 2.314499 7.674497 1.246088
v 2.195852 8.032759 1.467902
v 2.048980 7.666336 1.653657
v 1.875700 8.022182 1.847543
v 1.689211 7.653352 2.001053
v 1.473099 8.007127 2.165498
v 1.267213 7.634694 2.293161
v 1.018773 7.986358 2.421698
v 0.785772 7.612638 2.489717
v 0.504678 7.963243 2.558641
v 2.186383 7.290327 -0.845307
v 2.330215 6.896063 -0.641858
v 2.400972 7.292516 -0.411429
v 1.875130 7.288701 -1.234060
v 2.069823 6.893360 -1.062470
v 2.464911 6.897809 -0.178128
v 2.500207 7.296514 0.058539
v 2.504550 6.899955 0.301868
v 2.506326 7.297750 0.541985
v 2.457328 6.900014 0.775690
v 2.400723 7.296182 1.013240
v 2.310114 6.896822 1.227253
v 2.196451 7.290627 1.447690
v 2.062476 6.888521 1.634091
v 1.887710 7.279678 1.824465
v 1.714346 6.872853 1.977637
v 1.496656 7.262227 2.140517
v 1.296835 6.850415 2.258785
v 1.051861 7.238959 2.392763
v 2.233854 6.479290 -0.861675
v 2.332445 6.054097 -0.627973
v 2.415252 6.482732 -0.408387
v 1.894168 6.474140 -1.245520
v 2.075106 6.048027 -1.051793
v 2.454690 6.059381 -0.163676
v 2.494467 6.485708 0.065122
v 2.502527 6.062887 0.304688
v 2.494459 6.487743 0.539456
v 2.455729 6.063701 0.768063
v 2.394866 6.486582 0.999149
v 2.318740 6.061017 1.210919
v 2.207549 6.481386 1.428420
v 2.085743 6.051962 1.610523
v 1.912843 6.468513 1.801727
v 1.746946 6.034410 1.944863
v 1.529009 6.447949 2.107170
v 2.189158 5.619110 -0.818403
v 2.256660 5.215209 -0.581540
v 2.369337 5.625452 -0.379548
v 1.854819 5.614870 -1.192106
v 2.002936 5.211180 -0.982084
v 2.391277 5.220291 -0.141392
v 2.458510 5.631022 0.077924
v 2.452287 5.222387 0.309206
v 2.476517 5.631969 0.535365
v 2.437738 5.221704 0.757206
v 2.394760 5.631125 0.985031
v 2.327650 5.219503 1.192854
v 2.227979 5.625496 1.406030
v 2.112395 5.212540 1.584895
v 1.944971 5.612810 1.769288
v -2.083029 8.545430 1.727525
v -2.229808 8.225210 1.491190
v -2.382859 8.561272 1.232873
v -2.259634 8.856156 1.485688
v -1.895047 8.849401 1.925370
v -1.658104 8.549125 2.095578
v -1.864162 8.219716 1.922380
v -2.083126 9.133604 1.704973
v -1.885854 9.407094 1.906596
v -1.680377 9.145311 2.092744
v -2.382332 9.157635 1.212659
v -2.236129 9.410540 1.459602
v -2.213934 7.143723 1.171359
v -2.224422 6.775566 0.881739
v -2.361365 7.157230 0.647169
v -2.377649 7.522691 0.937550
v -2.162857 7.509856 1.462308
v -1.944290 7.133265 1.651900
v -2.024882 6.764226 1.376146
v -2.331832 7.881685 1.223102
v -2.041580 7.871431 1.718285
v -2.487513 7.899645 0.675453
v -2.456376 8.243148 0.958582
v -2.531142 8.586077 0.678864
v -2.481962 8.884097 0.953806
v -2.517205 9.198146 0.663544
v -2.455277 9.449722 0.932942
v -2.308160 6.787150 0.367140
v -2.391452 7.173923 0.116210
v -2.469538 7.540445 0.391558
v -2.221395 6.405798 0.602306
v -2.208314 6.032268 0.330825
v -2.242531 6.413381 0.101524
v -2.085331 6.398363 1.100860
v -2.134003 6.029773 0.827387
v -2.511854 7.921738 0.121240
v -2.539016 8.265737 0.399747
v -2.529450 8.608229 0.121421
v -2.544408 8.910630 0.394230
v -2.507823 9.214687 0.114418
v -2.520792 9.479113 0.382356
v -2.186172 5.654577 0.066093
v -2.174930 5.656821 0.552801
v -2.208235 5.279333 0.275993
v -2.153568 5.273040 -0.191675
v -2.078335 5.653383 -0.389630
v -2.165535 6.035367 -0.150612
v -2.145772 6.421803 -0.379196
v -2.274672 6.800416 -0.141053
v -2.295627 7.194090 -0.397661
v -2.437264 7.563240 -0.149630
v -2.402903 7.944975 -0.412947
v -2.486996 8.287585 -0.150511
v -2.396153 8.624312 -0.409708
v -2.462074 8.927022 -0.149373
v -2.350224 9.226768 -0.407159
v -2.436417 9.490300 -0.153801
v -1.979470 5.268219 -0.614936
v -1.856708 5.652480 -0.801777
v -2.005948 6.038801 -0.599077
v -1.931482 6.430090 -0.820903
v -2.117736 6.814152 -0.619916
v -2.058334 7.212846 -0.861848
v -2.258480 7.586295 -0.652768
v -2.130693 7.962718 -0.883168
v -2.288623 8.303403 -0.657671
v -2.127188 8.632873 -0.880295
v -2.259953 8.935998 -0.651173
v -2.090729 9.225421 -0.866887
v -2.216605 9.495130 -0.642798
v -1.695991 5.264483 -0.988170
v -1.530295 5.651677 -1.160754
v -1.734220 6.042483 -0.999902
v -1.602955 6.439529 -1.204544
v -1.835998 6.828172 -1.045980
v -1.691747 7.231644 -1.249627
v -1.929386 7.606696 -1.080498
v -1.727680 7.979408 -1.259057
v -1.942613 8.314576 -1.082925
v -1.723674 8.638140 -1.250584
v -1.931454 8.937402 -1.074309
v -1.705601 9.219883 -1.238112
v -1.897928 9.487910 -1.058021
v -1.318383 5.261044 -1.306117
v -1.359480 6.045782 -1.337396
v -1.439239 6.843699 -1.395002
v -1.485541 7.625330 -1.409970
v -1.486542 8.325603 -1.394758
v -1.480355 8.936630 -1.385495
v -1.468037 9.482463 -1.375528
v 0.667050 5.214821 -1.715835
v 0.925264 5.619336 -1.675227
v 0.681424 6.044034 -1.807590
v 0.940537 6.470508 -1.743991
v 0.673532 6.884761 -1.815156
v 0.933829 7.284725 -1.740372
v 1.153449 5.215797 -1.529899
v 1.410247 5.618272 -1.463703
v 1.188297 6.046993 -1.623627
v 1.439234 6.472216 -1.526901
v 1.192559 6.886375 -1.648365
v 1.433514 7.285437 -1.527677
v 1.183064 7.665315 -1.636331
v 1.411789 8.023756 -1.503701
v 1.170930 8.366524 -1.613102
v 1.409728 8.684885 -1.496636
v 1.181541 8.993288 -1.608119
v 1.432121 9.274609 -1.504917
v 1.205779 9.553635 -1.604805
v 1.618997 5.211953 -1.299943
v 1.665300 6.046136 -1.378694
v 1.676090 6.888975 -1.398942
v 1.652003 7.665453 -1.380334
v 1.627689 8.361045 -1.362996
v 1.652758 8.985138 -1.394606
v 1.678301 9.541639 -1.402707
v 1.778601 5.203754 1.904784
v 1.565118 5.599595 2.058753
v 1.332764 6.018605 2.208008
v 1.085292 6.428425 2.341808
v 1.366501 5.211954 2.156420
v 1.122620 5.608115 2.279033
v 0.859516 6.018281 2.385911
v 0.586458 6.418130 2.475360
v 0.823661 6.827470 2.455766
v 0.545517 7.215322 2.529323
v 0.256083 7.588763 2.571002
v -0.036181 7.938615 2.589542
v 0.218440 8.291780 2.604183
v -0.073346 8.602896 2.622841
v -0.365875 8.901549 2.609880
v -0.654706 9.192183 2.551192
v -0.386270 9.461670 2.609282
v 0.895373 5.242401 2.335012
v 0.622446 5.632143 2.405052
v 0.374668 5.268134 2.412873
v 0.090798 5.644485 2.424740
v 0.341537 6.023027 2.458154
v 0.055216 6.407635 2.490635
v 0.302742 6.807314 2.534171
v 0.009263 7.191201 2.555240
v -0.167829 5.279566 2.383154
v -0.449533 5.649978 2.341296
v -0.194711 6.022061 2.420431
v -0.480560 6.396675 2.397444
v -0.236076 6.787880 2.494271
v -0.531048 7.166383 2.471214
v -0.287455 7.562304 2.550764
v -0.581842 7.913640 2.512456
v -0.329751 8.269937 2.576069
v -0.622510 8.585461 2.539477
v -0.711772 5.287544 2.260846
v -0.974820 5.654238 2.172385
v -0.725711 6.019475 2.286463
v -0.997188 6.385937 2.215514
v -0.766431 6.768448 2.353963
v -1.054398 7.144040 2.286913
v -0.825291 7.536439 2.419456
v -1.113587 7.891095 2.335342
v -0.871778 8.249053 2.445121
v -1.155746 8.567033 2.355645
v -0.909815 8.887823 2.467168
v -1.189155 9.177513 2.358485
v -0.935730 9.457609 2.466640
v -1.225008 5.296423 2.051847
v -1.445102 5.659754 1.908291
v -1.223958 6.018692 2.066163
v -1.465458 6.382666 1.942751
v -1.268692 6.754144 2.126137
v -1.543042 7.131438 2.019992
v -1.343305 7.516234 2.197831
v -1.616462 7.875041 2.077286
v -1.393354 8.229900 2.227911
v -1.430293 8.866751 2.240615
v -1.448083 9.435064 2.237696
v -1.651048 5.300565 1.723961
v -1.804752 5.661436 1.521498
v -1.641966 6.022131 1.740339
v -1.834052 6.389790 1.563301
v -1.703231 6.754015 1.802608
v -1.810404 7.506432 1.892484
v -1.955437 5.295818 1.277842
v -2.046852 5.659612 1.050408
v -1.945537 6.026685 1.311863
v -2.140967 5.287346 0.775459
v -0.647755 4.107126 -1.697808
v -0.405090 3.685104 -1.804579
v -0.122249 4.109776 -1.824019
v -0.374795 4.511929 -1.745603
v -0.875526 4.504458 -1.571114
v -1.137590 4.104450 -1.480280
v -0.925147 3.692764 -1.629904
v -0.687633 3.269866 -1.748764
v -0.427125 2.851643 -1.819081
v -0.143465 3.260362 -1.863379
v -1.202887 3.285504 -1.541483
v -0.968205 2.865812 -1.668905
v -0.706073 2.459393 -1.746493
v -0.432932 2.072412 -1.793068
v -0.154346 2.448301 -1.846187
v -1.236584 2.475136 -1.554673
v -0.976136 2.084507 -1.645962
v -0.705977 1.718736 -1.716084
v -0.443227 1.374677 -1.772840
v -0.156618 1.707234 -1.829334
v -1.235469 1.731464 -1.524510
v -0.981922 1.388134 -1.610611
v -0.747478 1.067494 -1.681095
v -0.546681 0.756284 -1.737944
v -0.201098 1.050056 -1.810752
v -1.271543 1.080509 -1.478590
v -1.074110 0.772090 -1.565914
v 0.142325 3.683180 -1.875061
v 0.417276 4.110133 -1.822480
v 0.153383 4.513375 -1.805726
v 0.127306 2.843732 -1.871537
v 0.410338 3.257833 -1.867068
v 0.121164 2.063985 -1.854343
v 0.398611 2.442694 -1.850625
v 0.109279 1.361912 -1.850668
v 0.395557 1.699517 -1.846232
v -0.004026 0.738045 -1.825901
v 0.350537 1.036724 -1.837978
v 0.653728 1.355817 -1.798661
v 0.926848 1.698123 -1.724018
v 0.667106 2.059999 -1.804297
v 0.539531 0.730135 -1.799291
v 0.880789 1.033744 -1.727985
v 2.150299 1.042892 -0.908622
v 2.003576 1.365439 -1.051214
v 1.807262 1.045245 -1.277232
v 1.955478 0.746759 -1.157847
v 2.261518 0.743308 -0.749321
v 2.408925 1.035124 -0.485503
v 2.305377 1.360832 -0.657681
v 2.463298 0.733973 -0.296019
v 2.529382 1.023392 -0.006528
v 2.496129 1.351003 -0.208397
v 2.531341 0.724350 0.201056
v 2.527746 1.016649 0.494048
v 2.551136 1.342138 0.284428
v 2.486097 0.723175 0.705122
v 2.420208 1.020655 0.983969
v 2.489570 1.340739 0.780972
v 2.343410 0.732610 1.189883
v 2.217306 1.031503 1.439485
v 2.322137 1.346471 1.249615
v 2.098588 0.744784 1.642269
v 1.911994 1.044080 1.841872
v 2.055687 1.356309 1.667994
v 1.740175 0.754909 2.016521
v 1.503268 1.058838 2.162158
v 1.688924 1.369107 2.019520
v 1.293159 0.771312 2.305438
v 1.037472 1.080233 2.419337
v 1.251725 1.387287 2.309007
v 0.797828 0.792679 2.519709
v 0.522392 1.102674 2.578766
v 0.762952 1.410191 2.514669
v 2.160822 1.702661 -0.836734
v 2.021657 2.059521 -1.034865
v 1.838607 1.702843 -1.211147
v 2.407698 1.696542 -0.417979
v 2.289339 2.058036 -0.626135
v 2.529574 1.687667 0.051866
v 2.468045 2.051861 -0.181767
v 2.531915 1.684053 0.546144
v 2.532229 2.047195 0.298775
v 2.413820 1.685930 1.028521
v 2.478666 2.047141 0.786082
v 2.195852 1.692564 1.467902
v 2.314499 2.050826 1.246088
v 1.875700 1.703140 1.847543
v 2.048980 2.058986 1.653657
v 1.473099 1.718195 2.165498
v 1.689221 2.071950 2.001070
v 1.018775 1.738920 2.421718
v 1.267441 2.090352 2.293701
v 0.504682 1.761696 2.558916
v 0.787483 2.111873 2.495879
v 2.400972 2.432806 -0.411429
v 2.330215 2.829259 -0.641858
v 2.186383 2.434995 -0.845307
v 2.069823 2.831962 -1.062470
v 1.875130 2.436621 -1.234060
v 2.500207 2.428809 0.058539
v 2.464911 2.827513 -0.178128
v 2.506326 2.427572 0.541985
v 2.504550 2.825368 0.301868
v 2.400723 2.429141 1.013240
v 2.457328 2.825308 0.775690
v 2.196451 2.434696 1.447690
v 2.310114 2.828500 1.227253
v 1.887720 2.445625 1.824481
v 2.062481 2.836799 1.634095
v 1.496936 2.462721 2.141141
v 1.714649 2.852283 1.978106
v 1.054661 2.484467 2.401453
v 1.300319 2.874241 2.265774
v 2.415252 3.242590 -0.408387
v 2.332445 3.671225 -0.627973
v 2.233854 3.246032 -0.861675
v 2.075106 3.677295 -1.051793
v 1.894168 3.251182 -1.245520
v 2.494467 3.239614 0.065122
v 2.454690 3.665941 -0.163676
v 2.494459 3.237580 0.539456
v 2.502527 3.662435 0.304688
v 2.394866 3.238741 0.999149
v 2.455730 3.661622 0.768063
v 2.207553 3.243934 1.428425
v 2.318740 3.664305 1.210919
v 1.913118 3.256710 1.802136
v 2.085772 3.673347 1.610551
v 1.532591 3.277666 2.113373
v 1.748562 3.691119 1.947058
v 2.369337 4.099870 -0.379548
v 2.256659 4.510112 -0.581540
v 2.189158 4.106212 -0.818403
v 2.002936 4.514143 -0.982084
v 1.854819 4.110452 -1.192106
v 2.458510 4.094299 0.077924
v 2.391277 4.505031 -0.141392
v 2.476517 4.093353 0.535365
v 2.452287 4.502934 0.309206
v 2.394760 4.094196 0.985031
v 2.437739 4.503618 0.757206
v 2.227985 4.099824 1.406035
v 2.327650 4.505818 1.192854
v 1.945403 4.113069 1.769646
v 2.112403 4.512789 1.584901
v -2.163903 0.835678 1.497337
v -2.270675 1.167793 1.239058
v -2.111943 1.527663 1.449015
v -1.975226 1.174575 1.695737
v -1.767030 1.528898 1.869952
v -1.581355 1.174707 2.083318
v -1.822061 0.838085 1.927040
v -2.341809 2.240338 0.917480
v -2.433691 2.607618 0.600752
v -2.363295 3.007898 0.817303
v -2.232432 2.630006 1.141107
v -2.087035 3.023345 1.351417
v -1.914158 2.638938 1.614454
v -2.087014 2.258149 1.410833
v -1.933282 1.891448 1.647865
v -2.234701 1.882126 1.194219
v -2.360864 1.511074 0.963005
v -2.428563 1.856416 0.678740
v -2.394792 0.829753 1.009146
v -2.457833 1.149286 0.726976
v -2.469553 2.210734 0.376884
v -2.475474 2.580325 0.051818
v -2.482574 2.985066 0.255168
v -2.464540 3.367666 -0.074916
v -2.450556 3.770441 0.137116
v -2.448434 3.390965 0.455182
v -2.354568 3.793542 0.681869
v -2.248367 3.411459 1.023704
v -2.489669 1.480934 0.426003
v -2.486424 1.821830 0.129386
v -2.507594 0.815496 0.484112
v -2.509862 1.124761 0.183528
v -2.307897 4.527590 0.193383
v -2.364380 4.162179 0.407812
v -2.366002 4.141477 -0.090835
v -2.375663 3.747917 -0.339945
v -2.222464 4.124038 -0.525550
v -2.240099 4.512537 -0.270452
v -2.425084 2.960986 -0.261788
v -2.319232 3.344740 -0.534088
v -2.439995 2.180508 -0.161495
v -2.352298 2.554112 -0.449712
v -2.468782 1.449538 -0.124485
v -2.381842 1.792785 -0.402873
v -2.475755 0.801930 -0.046401
v -2.403652 1.105143 -0.350986
v -2.159975 3.729265 -0.743718
v -1.953265 4.112380 -0.891033
v -2.042808 4.501600 -0.673737
v -2.221288 2.936205 -0.706469
v -2.046339 3.323912 -0.919859
v -2.254777 2.152677 -0.655736
v -2.095056 2.525844 -0.890113
v -2.284219 1.427412 -0.637544
v -2.121449 1.768643 -0.876336
v -2.308053 0.789939 -0.556858
v -2.152778 1.093592 -0.831098
v -1.828501 3.716081 -1.083191
v -1.582233 4.106558 -1.205993
v -1.733287 4.495856 -1.021026
v -1.899681 2.910482 -1.094047
v -1.667453 3.304845 -1.257461
v -1.931836 2.124546 -1.081539
v -1.715845 2.497653 -1.266775
v -1.948941 1.412129 -1.069963
v -1.726327 1.747449 -1.257230
v -2.004454 0.782325 -0.998669
v -1.759171 1.087291 -1.211976
v -1.406633 3.704282 -1.380512
v -1.334730 4.496698 -1.321532
v -1.472160 2.885844 -1.423711
v -1.489649 2.100931 -1.412776
v -1.496198 1.399861 -1.386287
v -1.571126 0.778899 -1.327924
v 0.681424 3.681289 -1.807590
v 0.925264 4.105987 -1.675227
v 0.667050 4.510500 -1.715835
v 0.673532 2.840562 -1.815156
v 0.940537 3.254815 -1.743991
v 0.933829 2.440597 -1.740372
v 1.188297 3.678329 -1.623627
v 1.410247 4.107051 -1.463703
v 1.153449 4.509525 -1.529899
v 1.192559 2.838948 -1.648365
v 1.439234 3.253106 -1.526901
v 1.183064 2.060008 -1.636331
v 1.433514 2.439886 -1.527677
v 1.159685 1.358799 -1.619367
v 1.411789 1.701567 -1.503701
v 1.065299 0.733662 -1.660108
v 1.366915 1.040437 -1.527013
v 1.665300 3.679187 -1.378694
v 1.618997 4.513370 -1.299943
v 1.676090 2.836347 -1.398942
v 1.652003 2.059869 -1.380334
v 1.617533 1.364277 -1.371882
v 1.550626 0.742319 -1.460436
v 1.570493 4.133592 2.064261
v 1.779661 4.525909 1.904976
v 1.103045 3.305549 2.380334
v 1.346960 3.716460 2.231171
v 1.145830 4.154756 2.310861
v 1.374904 4.542728 2.160710
v 0.839182 2.899791 2.504575
v 0.620113 3.338391 2.590771
v 0.895667 3.747422 2.468542
v 0.554541 2.507893 2.573658
v 0.230590 1.433380 2.603025
v -0.036174 1.785969 2.590645
v 0.257440 2.135569 2.587994
v 0.259996 0.809827 2.631362
v -0.024412 1.122470 2.623599
v 0.658649 4.171440 2.485762
v 0.913794 4.553282 2.354021
v 0.379616 3.779646 2.610507
v 0.118072 4.184763 2.535669
v 0.394445 4.555758 2.452396
v 0.316635 2.928572 2.652206
v 0.071587 3.371121 2.661604
v 0.008246 2.535932 2.633115
v -0.177968 3.800662 2.563952
v -0.439672 4.189866 2.413737
v -0.155392 4.556685 2.422952
v -0.244687 2.959920 2.629105
v -0.488167 3.393911 2.523896
v -0.289503 2.163695 2.571814
v -0.543540 2.568952 2.539168
v -0.317293 1.455510 2.578030
v -0.579473 1.813682 2.512272
v -0.296939 0.822677 2.624704
v -0.573603 1.140787 2.551260
v -0.727910 3.808929 2.367152
v -0.981369 4.194560 2.210609
v -0.710938 4.561244 2.286011
v -0.788788 2.989077 2.446484
v -1.014841 3.408884 2.285204
v -0.824136 2.199080 2.429924
v -1.061935 2.603259 2.320658
v -0.850304 1.482786 2.444646
v -1.091786 1.850232 2.321465
v -0.847010 0.834209 2.497110
v -1.100508 1.162087 2.368131
v -1.239199 3.812995 2.098342
v -1.473390 4.197714 1.912124
v -1.236152 4.568909 2.061358
v -1.282524 3.011788 2.165559
v -1.488818 3.417942 1.961333
v -1.312856 2.235628 2.176873
v -1.520477 2.629524 2.007433
v -1.340842 1.512539 2.207509
v -1.547602 1.881062 2.029303
v -1.370427 0.840647 2.265081
v -1.696719 3.814712 1.731482
v -1.890644 4.196131 1.493466
v -1.686662 4.572001 1.717435
v -1.715371 3.024591 1.801521
v -1.905830 3.420671 1.543985
v -1.736947 2.257572 1.833334
v -2.085257 3.810036 1.246046
v -2.201289 4.183177 0.961794
v -2.027346 4.563660 1.248339
v -2.237046 4.545939 0.711934
v -1.099121 4.879567 -1.441004
v -0.623578 4.876945 -1.658553
v -1.522241 4.879070 -1.159915
v -1.865852 4.882014 -0.825409
v -2.108455 4.888412 -0.440486
v -2.232785 4.897710 -0.001537
v -2.230047 4.909848 0.485812
v -2.099877 4.924205 1.005372
v -1.844937 4.936189 1.504414
v -1.464449 4.938005 1.904317
v -0.977667 4.929841 2.173029
v -0.434874 4.921104 2.337375
v 0.116109 4.915745 2.418179
v 0.652334 4.907997 2.387743
v 1.150329 4.889706 2.251571
v 1.584971 4.869858 2.029873
v 1.963328 4.863297 1.750717
v 2.239341 4.862662 1.393157
v 2.391758 4.862661 0.976231
v 2.453273 4.862661 0.532068
v 2.415965 4.862661 0.087184
v 2.326957 4.862661 -0.360204
v 2.131602 4.862661 -0.778050
v 1.818163 4.862661 -1.143109
v 1.383603 4.862661 -1.408834
v 0.906806 4.862661 -1.609913
v 0.415378 4.863123 -1.767648
v -0.109579 4.867378 -1.781239
v 0.826861 0.033453 -2.249372
v 0.533306 0.041202 -2.581480
v 0.936930 0.057064 -2.752708
v 1.209345 0.046414 -2.352563
v 1.630396 0.061426 -2.431852
v 1.826905 0.052568 -1.989553
v 1.446908 0.039961 -1.971451
v 0.614991 0.071798 -3.144233
v 1.114146 0.093369 -3.329163
v 1.382784 0.075116 -2.884634
v 1.905727 0.097610 -2.948509
v 2.088022 0.080473 -2.460052
v 0.860840 0.116292 -3.765550
v 1.559945 0.144261 -3.925017
v 1.731838 0.118675 -3.429345
v 2.440742 0.145220 -3.412138
v 2.528341 0.122990 -2.901457
v 1.374750 0.172377 -4.452654
v 2.236050 0.192456 -4.559073
v 2.344119 0.170002 -3.960483
v 3.193879 0.193980 -3.860259
v 3.212455 0.166542 -3.256936
v 0.166165 0.029819 -2.391476
v -0.158479 0.038449 -2.655425
v 0.203721 0.053250 -2.912372
v -0.175262 0.065945 -3.219380
v 0.275676 0.089179 -3.518178
v -0.047113 0.109786 -3.882079
v 0.606022 0.141299 -4.207469
v 0.318380 0.166053 -4.649467
v 1.150422 0.184669 -4.966442
v -0.475173 0.024166 -2.388096
v -0.831836 0.030449 -2.569948
v -0.530523 0.047215 -2.898808
v -0.950299 0.057701 -3.108468
v -0.570012 0.079964 -3.502232
v -0.950032 0.100092 -3.776766
v -0.379043 0.132172 -4.241214
v -0.750319 0.155191 -4.594822
v -0.015042 0.174388 -5.063894
v -1.081644 0.017632 -2.245539
v -1.461575 0.024885 -2.342527
v -1.232685 0.040426 -2.720903
v -1.676097 0.054650 -2.833422
v -1.384326 0.074722 -3.293617
v -1.806549 0.099259 -3.477983
v -1.343409 0.126139 -4.045265
v -1.777206 0.153607 -4.295794
v -1.169025 0.171879 -4.888947
v -2.244572 0.127189 -3.658974
v -2.721270 0.157371 -3.817477
v -2.246011 0.171568 -4.480541
v 1.405047 0.116861 3.715727
v 1.657731 0.100915 3.291602
v 2.128263 0.110977 3.282970
v 1.915241 0.128591 3.771243
v 1.088483 0.133355 4.145351
v 0.601413 0.120597 3.954864
v 0.941442 0.104473 3.598633
v 1.631198 0.145368 4.270878
v 1.273583 0.158731 4.785213
v 0.701993 0.149487 4.569093
v 2.468489 0.138254 3.755456
v 2.230397 0.152701 4.325857
v 1.918957 0.160017 4.935661
v 1.484428 0.167302 5.480725
v 0.834403 0.167368 5.290984
v 2.885274 0.155368 4.300374
v 2.597840 0.163279 4.939061
v -4.348016 0.170697 -2.033101
v -4.299240 0.155382 -1.314370
v -4.778142 0.173472 -0.965703
v -4.894585 0.170897 -1.747855
v -4.171778 0.177247 -2.940207
v -3.568560 0.168752 -3.121641
v -3.772396 0.147562 -2.285908
v -4.521769 0.158979 -0.383659
v -4.893939 0.162328 0.060736
v -5.217516 0.162340 -0.598733
v -4.528784 0.137753 0.569853
v -4.790689 0.134883 1.094995
v -5.233343 0.143562 0.525229
v -4.337334 0.117787 1.524709
v -4.476645 0.134789 2.114780
v -5.014319 0.132580 1.652123
v -3.949715 0.138029 2.439351
v -3.960417 0.162321 3.063454
v -4.566224 0.149381 2.730335
v -3.386289 0.165102 3.274435
v -3.267390 0.172476 3.903728
v -3.914532 0.162559 3.708247
v -2.648146 0.170970 3.965808
v -2.388244 0.175738 4.552455
v -3.068915 0.169887 4.525121
v -1.769536 0.164204 4.486186
v -1.387483 0.165954 5.008540
v -2.051431 0.177159 5.107865
v -0.796680 0.159969 4.835501
v -0.290801 0.169465 5.276252
v -0.912134 0.179480 5.479606
v 0.241787 0.161853 4.958755
v 0.289320 0.178571 5.647563
v -3.813169 0.124739 -1.589487
v -3.717938 0.108531 -1.055195
v -4.126319 0.139489 -0.755232
v -3.249203 0.116076 -2.410122
v -3.330986 0.093253 -1.786894
v -3.909252 0.118295 -0.269173
v -4.231466 0.135079 0.117032
v -3.922660 0.102029 0.550918
v -4.150298 0.108511 1.004768
v -3.762454 0.090356 1.371529
v -3.881589 0.110285 1.876182
v -3.426357 0.120329 2.153351
v -3.433395 0.148961 2.686408
v -2.934322 0.142687 2.861974
v -2.830306 0.156482 3.403091
v -2.299190 0.140133 3.460189
v -2.070391 0.156738 3.966270
v -1.542385 0.138510 3.923514
v -1.210462 0.149206 4.383939
v -0.697414 0.137782 4.218886
v -0.268155 0.151811 4.599924
v 0.199148 0.138308 4.297825
v -3.303633 0.077539 -1.286298
v -3.219864 0.071234 -0.845478
v -3.570749 0.094489 -0.589607
v -2.875098 0.063962 -1.902765
v -2.891368 0.051827 -1.452359
v -3.388777 0.075326 -0.175203
v -3.665203 0.089640 0.157988
v -3.401479 0.064142 0.530682
v -3.599056 0.075712 0.923511
v -3.264941 0.068489 1.239016
v -3.368527 0.088835 1.671918
v -2.979624 0.096189 1.910491
v -2.981338 0.124663 2.363167
v -2.554317 0.112083 2.511583
v -2.455723 0.124083 2.969810
v -1.998184 0.110947 3.016304
v -1.801010 0.125505 3.459930
v -1.336351 0.109926 3.406826
v -1.051104 0.122279 3.816403
v -0.601408 0.110869 3.651688
v -0.234465 0.125587 3.988234
v 0.172718 0.109426 3.718432
v -2.863079 0.051450 -1.039249
v -2.804140 0.059262 -0.668409
v -3.098333 0.069448 -0.448265
v -2.492254 0.029098 -1.561941
v -2.518131 0.030852 -1.192643
v -2.949020 0.063749 -0.093460
v -3.178287 0.058870 0.190858
v -2.960852 0.052871 0.513857
v -3.124655 0.054916 0.854123
v -2.853337 0.062912 1.131734
v -2.932446 0.074758 1.501065
v -2.619780 0.082979 1.716584
v -2.605302 0.097729 2.092984
v -2.251595 0.091974 2.229100
v -2.143829 0.100568 2.601326
v -1.757781 0.088994 2.652358
v -1.566699 0.098367 3.013719
v -1.171134 0.088627 2.974169
v -0.908376 0.099331 3.307177
v -0.523941 0.092391 3.173600
v -0.199392 0.100533 3.451177
v 0.153507 0.089539 3.235049
v 0.526167 0.093952 3.433320
v 0.826715 0.084179 3.149219
v 1.226270 0.090656 3.246170
v -2.431046 0.039886 -1.976600
v -2.015926 0.024733 -2.000833
v -2.115425 0.015370 -1.637873
v 1.455831 0.079884 2.905295
v 1.857993 0.086304 2.888171
v 2.008485 0.076484 2.514003
v 2.386802 0.080259 2.390004
v 2.281662 0.092758 2.820072
v 2.733600 0.100226 2.696275
v 2.634394 0.119986 3.211730
v 3.169129 0.128413 3.068668
v 3.065380 0.145131 3.667843
v 3.699442 0.150684 3.502747
v 3.568554 0.164568 4.173422
v 2.452099 0.075625 1.996944
v 2.785420 0.076834 1.782049
v 2.780498 0.085232 2.219047
v 3.185492 0.092536 1.988288
v 3.203786 0.109242 2.505072
v 3.683209 0.118215 2.238379
v 3.724216 0.136017 2.847504
v 4.294407 0.142723 2.544652
v 4.350957 0.161880 3.252073
v 2.763051 0.071607 1.388708
v 3.030756 0.071013 1.104590
v 3.125554 0.079779 1.522096
v 3.460008 0.086471 1.198559
v 3.591794 0.100925 1.687869
v 3.995091 0.113236 1.311368
v 4.167382 0.128339 1.891341
v 4.640304 0.138742 1.469846
v 4.870486 0.156326 2.166362
v 2.917188 0.066851 0.739116
v 3.105141 0.069460 0.394223
v 3.295787 0.075532 0.768497
v 3.544593 0.086264 0.369935
v 3.783316 0.099109 0.805059
v 4.091888 0.116813 0.336168
v 4.383637 0.129229 0.866922
v 4.747959 0.145226 0.411627
v 5.114405 0.157021 1.064132
v 2.908857 0.069411 0.075976
v 3.009912 0.073042 -0.306345
v 3.284815 0.076825 0.001084
v 3.439296 0.088199 -0.449302
v 3.773703 0.101559 -0.095073
v 3.985503 0.120837 -0.614787
v 4.380140 0.136149 -0.180845
v 4.683797 0.154781 -0.668180
v 5.145649 0.170278 -0.065451
v 2.741904 0.066535 -0.554086
v 2.751840 0.067322 -0.950859
v 3.094974 0.077872 -0.732175
v 3.146470 0.089087 -1.213442
v 3.570586 0.104114 -0.944388
v 3.708810 0.123768 -1.423379
v 4.219391 0.141678 -1.079714
v 4.488591 0.161289 -1.477971
v 5.048552 0.184803 -1.067661
v 2.427783 0.058001 -1.115631
v 2.350121 0.061628 -1.521105
v 2.739927 0.074706 -1.398298
v 2.688723 0.085233 -1.894665
v 3.178856 0.103678 -1.720170
v 3.209783 0.123187 -2.220384
v 3.851468 0.144850 -1.897186
v 3.972125 0.167140 -2.408444
v 4.710713 0.196867 -1.988480
v 1.989151 0.049862 -1.589979
v 2.243264 0.068044 -1.973080
v 2.610188 0.101487 -2.403915
v 3.225358 0.146028 -2.724942
v 4.041380 0.198767 -2.986488
v -1.633751 0.014933 -1.989842
v -1.872396 0.037960 -2.405124
v -2.324608 0.053733 -2.425129
v -2.133371 0.072766 -2.925285
v -2.581497 0.100452 -3.023299
v -2.787120 0.080234 -2.422384
v -3.044949 0.136801 -3.112696
v -3.232033 0.175543 -3.888900
v -0.457927 10.165661 -2.334101
v -0.126972 10.148153 -2.623562
v -0.505593 10.112613 -2.844646
v -0.826603 10.136476 -2.482323
v -1.234182 10.102840 -2.614424
v -1.485252 10.122687 -2.200652
v -1.106545 10.151367 -2.133150
v -0.136553 10.079602 -3.192132
v -0.571415 10.031273 -3.444519
v -0.931090 10.072167 -3.032107
v -1.407889 10.021772 -3.175417
v -1.684525 10.060167 -2.700494
v -0.151350 9.979915 -3.845543
v -0.658704 9.917249 -4.144398
v -1.066091 9.974574 -3.655225
v -1.624895 9.915101 -3.815610
v -1.938480 9.964907 -3.263641
v -0.181372 9.854256 -4.647072
v -0.767601 9.807846 -4.975488
v -1.241534 9.859577 -4.398388
v -1.886315 9.822485 -4.555603
v -2.253402 9.867329 -3.920133
v -0.859451 8.550164 -5.846727
v -0.176625 8.056763 -6.016894
v -0.834238 7.540582 -5.834126
v -1.508417 8.038648 -5.600588
v -2.146989 7.532568 -5.315518
v -2.795192 8.037083 -5.012437
v -2.169686 8.538310 -5.341457
v -0.143432 7.014675 -6.005073
v -0.806214 6.453413 -5.815846
v -1.482956 7.004901 -5.583898
v -2.126241 6.449303 -5.296901
v -2.777238 7.003089 -4.991533
v -0.118235 5.878729 -5.980407
v -0.788643 5.284986 -5.795784
v -1.462255 5.874765 -5.566495
v -2.112472 5.284242 -5.287808
v -2.761204 5.874433 -4.976735
v -0.106834 4.687162 -5.958944
v -0.782821 4.089943 -5.790070
v -1.452529 4.686254 -5.561635
v -2.108825 4.090773 -5.293719
v -2.753714 4.687789 -4.977123
v -0.103095 3.505386 -5.947493
v -0.781483 2.938901 -5.788404
v -1.449858 3.504973 -5.564310
v -2.105578 2.940288 -5.294814
v -2.750662 3.507830 -4.982093
v -0.106449 2.399995 -5.951686
v -0.787066 1.890951 -5.797743
v -1.450100 2.400488 -5.566894
v -2.105956 1.893577 -5.296182
v -2.746211 2.404726 -4.979987
v -0.114190 1.412713 -5.954157
v -0.793986 0.994507 -5.792826
v -1.454816 1.417013 -5.570142
v -2.111107 0.993615 -5.299533
v -2.748546 1.418526 -4.983633
v 0.211474 10.173458 -2.397235
v 0.568602 10.154321 -2.609085
v 0.241953 10.121160 -2.909935
v 0.656846 10.092715 -3.166345
v 0.285285 10.040659 -3.517322
v 0.763973 9.994491 -3.812920
v 0.333013 9.923886 -4.232461
v 0.891652 9.868423 -4.587532
v 0.392243 9.808237 -5.093662
v 0.505306 8.577548 -6.110024
v 1.211692 8.087008 -6.097358
v 0.530906 7.558981 -6.102502
v 1.239398 7.028917 -6.086122
v 0.561172 6.461538 -6.083450
v 1.260260 5.885555 -6.057412
v 0.577989 5.288487 -6.053022
v 1.266246 4.691042 -6.025758
v 0.582475 4.091274 -6.032516
v 1.267686 3.508944 -6.002616
v 0.584127 2.940645 -6.018090
v 1.266773 2.403365 -5.991173
v 0.577446 1.889354 -6.021613
v 1.263516 1.409115 -5.981214
v 0.571956 0.979849 -6.006441
v 0.852390 10.186007 -2.315305
v 1.225658 10.172244 -2.438814
v 0.968535 10.134681 -2.803265
v 1.411531 10.111186 -2.957937
v 1.121057 10.061305 -3.386003
v 1.638094 10.016210 -3.562039
v 1.305585 9.944336 -4.070237
v 1.917451 9.892759 -4.280608
v 1.539498 9.826800 -4.893397
v 1.893481 8.604338 -5.981329
v 2.561153 8.110086 -5.755717
v 1.910373 7.579642 -5.976234
v 2.574789 7.044060 -5.749194
v 1.930504 6.472851 -5.957326
v 2.582649 5.896935 -5.716134
v 1.936918 5.296104 -5.915026
v 2.580093 4.701496 -5.671519
v 1.934852 4.098239 -5.882036
v 2.577862 3.521061 -5.646178
v 1.937124 2.948938 -5.864068
v 2.581141 2.418111 -5.635036
v 1.937849 1.897528 -5.854199
v 2.588940 1.430009 -5.626115
v 1.942787 0.985689 -5.841834
v 1.445218 10.201464 -2.098809
v 1.821430 10.184710 -2.133286
v 1.642429 10.149892 -2.537658
v 2.096538 10.118023 -2.592975
v 1.899374 10.073051 -3.068027
v 2.434893 10.018075 -3.127669
v 2.212359 9.957851 -3.686922
v 2.844149 9.896308 -3.746375
v 2.597783 9.840008 -4.420866
v 3.170311 8.618782 -5.428320
v 3.734036 8.117443 -5.026444
v 3.178997 7.594847 -5.432687
v 3.735181 7.055817 -5.026533
v 3.184543 6.487117 -5.418515
v 3.741548 5.911504 -5.011322
v 3.189751 5.309578 -5.384772
v 3.745968 4.717182 -4.989484
v 3.185657 4.112319 -5.353326
v 3.740519 3.539464 -4.966747
v 3.183422 2.966740 -5.335694
v 3.740909 2.443548 -4.954530
v 3.190650 1.922446 -5.328369
v 3.752684 1.471261 -4.945843
v 3.203916 1.028564 -5.317079
v 3.019344 9.955499 -3.129528
v 3.648081 9.887876 -3.057472
v 3.528604 9.839396 -3.731296
v 4.226623 8.609303 -4.549134
v 4.656357 8.098994 -4.040303
v 4.225073 7.595207 -4.561295
v 4.663105 7.053659 -4.052608
v 4.232016 6.495741 -4.561908
v 4.670009 5.919724 -4.049623
v 4.236011 5.324319 -4.547477
v 4.672505 4.733819 -4.038200
v 4.238720 4.130985 -4.533277
v 4.673610 3.561856 -4.026500
v 4.233232 2.990974 -4.514616
v 4.672336 2.475003 -4.010936
v 4.239670 1.959193 -4.505009
v 4.687296 1.517302 -4.001047
v 4.259142 1.084795 -4.494173
v 5.049358 6.496034 -3.510027
v 5.384110 5.924442 -2.935842
v 5.054293 5.334751 -3.502866
v 5.036237 7.580833 -3.502096
v 5.371316 7.046428 -2.934675
v 5.389644 4.747076 -2.929292
v 5.058438 4.150080 -3.494810
v 5.389472 3.582975 -2.918177
v 5.057264 3.016583 -3.481444
v 5.395623 2.502042 -2.908313
v 5.064835 1.994424 -3.469675
v 5.412353 1.548069 -2.901660
v 5.087012 1.129348 -3.462780
v 5.691511 2.017504 -2.316480
v 5.940508 1.561537 -1.708812
v 5.708790 1.147462 -2.312712
v 5.673474 3.038763 -2.320060
v 5.917803 2.521271 -1.708218
v -1.791116 9.978638 3.512020
v -1.987910 10.014364 3.059247
v -2.453538 9.991823 2.990949
v -2.304229 9.952358 3.502316
v -1.531656 9.941683 3.978356
v -1.024342 9.970269 3.851246
v -1.316396 10.006394 3.454731
v -2.085916 9.914770 4.033968
v -1.796491 9.884828 4.589542
v -1.202089 9.905540 4.447736
v -2.850996 9.930708 3.416420
v -2.687245 9.898339 4.012433
v -2.455742 9.881947 4.656840
v -2.105190 9.871806 5.268245
v -1.425074 9.865479 5.146976
v -3.333589 9.892363 3.904016
v -3.138410 9.883757 4.577325
v -3.009972 7.924583 5.497294
v -2.394299 7.442260 5.809334
v -1.728067 7.909350 6.050436
v -2.375154 8.427026 5.817683
v -3.594086 8.448579 5.107016
v -4.135744 7.954456 4.651644
v -3.609415 7.461030 5.108094
v -3.030941 6.945790 5.490641
v -2.412760 6.408119 5.792735
v -1.746201 6.934557 6.031907
v -4.151954 6.965992 4.639718
v -3.626050 6.421901 5.092956
v -3.046813 5.857451 5.473323
v -2.428705 5.280983 5.773726
v -1.761530 5.849810 6.009984
v -4.165303 5.869671 4.620892
v -3.638381 5.288259 5.074167
v -4.182449 4.709334 4.605064
v -3.663259 4.124844 5.061748
v -3.066031 4.703066 5.457868
v -2.452729 4.118752 5.769121
v -1.780539 4.697043 6.002954
v -4.213962 3.553535 4.602400
v -3.695522 2.995496 5.061451
v -3.094434 3.549153 5.450253
v -2.476913 2.991864 5.754866
v -1.803021 3.543062 5.995383
v -4.238279 2.463091 4.597403
v -3.712625 1.959396 5.051647
v -3.118685 2.465507 5.441383
v -2.494594 1.967826 5.738548
v -1.820769 2.464836 5.968496
v -4.257376 1.471557 4.596691
v -3.728713 1.040024 5.055536
v -3.134905 1.489697 5.438523
v -2.509517 1.073835 5.740793
v -1.838857 1.505475 5.962086
v -4.594544 8.481798 4.125632
v -5.001008 7.994652 3.542171
v -4.606825 7.489426 4.115268
v -5.023448 6.990458 3.524975
v -4.628529 6.439459 4.101674
v -5.052531 5.882707 3.516174
v -4.647491 5.297393 4.087712
v -5.078361 4.714650 3.507251
v -4.672630 4.128463 4.078419
v -5.102442 3.553829 3.498978
v -4.700864 2.996012 4.076043
v -5.126708 2.459136 3.496671
v -4.721204 1.950476 4.072536
v -5.149760 1.458844 3.502831
v -4.740166 1.018596 4.075731
v -5.363160 7.526234 2.914738
v -5.683594 7.017960 2.256238
v -5.396250 6.457712 2.901598
v -5.715987 5.894134 2.245140
v -5.426406 5.305722 2.894369
v -5.740090 4.717940 2.237153
v -5.450321 4.129684 2.885275
v -5.763617 3.552723 2.230036
v -5.474154 2.993525 2.879418
v -5.788665 2.455091 2.226545
v -5.498752 1.943781 2.881353
v -5.812350 1.450135 2.230793
v -5.515005 1.006009 2.886223
v -5.992258 4.130153 1.553167
v -6.164248 3.552212 0.843640
v -6.017569 2.992246 1.545917
v -0.384573 5.626857 -1.763586
v -0.883997 5.642180 -1.577929
v -0.413741 6.461171 -1.808374
v -0.932629 6.453030 -1.631781
v -0.430948 7.271624 -1.806142
v -0.969942 7.257638 -1.654548
v -0.432816 8.012605 -1.783204
v -0.973936 8.000464 -1.629406
v -0.428743 8.666491 -1.766850
v -0.968926 8.650522 -1.609634
v -0.419917 9.242464 -1.747994
v -0.962770 9.221052 -1.596992
v 0.149229 5.616467 -1.839231
v 0.134773 6.466405 -1.878723
v 0.123165 7.280408 -1.861643
v 0.120495 8.022612 -1.853062
v 0.124748 8.682910 -1.838120
v 0.138213 9.268976 -1.808652
v 0.665602 8.027300 -1.800687
v 0.668355 8.691505 -1.784342
v 0.680148 9.285892 -1.753044
v 2.051208 9.274389 -1.083681
v 2.319624 9.274718 -0.656756
v 2.483459 9.282328 -0.191931
v 2.521994 9.308109 0.300220
v 2.445156 9.310872 0.795926
v 2.288586 9.283891 1.275915
v 2.042413 9.259023 1.711318
v 1.677583 9.248720 2.061304
v 1.223125 9.235143 2.335182
v 0.720009 9.214794 2.539808
v 0.178625 9.201872 2.636606
v 2.024007 8.680430 -1.060337
v 2.318113 8.685668 -0.652956
v 2.500818 8.696072 -0.196787
v 2.546431 8.706412 0.298890
v 2.479205 8.707870 0.796339
v 2.313260 8.699734 1.268160
v 2.050672 8.687672 1.695323
v 1.682252 8.674480 2.048944
v 1.235053 8.656352 2.328439
v 0.739090 8.633699 2.529840
v 2.010900 8.022108 -1.031852
v 2.296452 8.025042 -0.633123
v 2.484471 8.033414 -0.188260
v 2.545811 8.040219 0.298229
v 2.486624 8.040970 0.790927
v 2.317389 8.036611 1.254869
v 2.047733 8.027969 1.665554
v 1.682421 8.015333 2.013592
v 1.252932 7.997266 2.305058
v 0.767474 7.975012 2.504838
v 2.306718 7.291193 -0.633078
v 2.045436 7.289655 -1.048699
v 2.463677 7.294568 -0.179780
v 2.515938 7.297520 0.300198
v 2.466829 7.297369 0.780692
v 2.311281 7.293993 1.236550
v 2.054177 7.285906 1.643726
v 1.700298 7.271791 1.989709
v 1.281499 7.250970 2.277946
v 2.341455 6.481203 -0.640386
v 2.082404 6.476605 -1.065291
v 2.465292 6.484261 -0.172638
v 2.505673 6.486990 0.303157
v 2.456375 6.487600 0.772011
v 2.313376 6.484707 1.219197
v 2.073029 6.476024 1.623080
v 1.730020 6.458745 1.962909
v 2.295191 5.622227 -0.603931
v 2.039855 5.616260 -1.016607
v 2.422977 5.628628 -0.151608
v 2.478330 5.631908 0.307084
v 2.447149 5.631893 0.762257
v 2.323880 5.629119 1.200957
v 2.100528 5.619886 1.596247
v -2.250646 8.551418 1.492509
v -1.883420 8.544932 1.927219
v -1.893508 9.135398 1.914013
v -2.249794 9.141791 1.469181
v -2.302395 7.150147 0.911867
v -2.095420 7.137832 1.421828
v -2.204099 7.875169 1.483275
v -2.426241 7.889973 0.952224
v -2.476259 8.573366 0.959317
v -2.469556 9.178809 0.941429
v -2.391407 7.165095 0.381084
v -2.246519 6.409499 0.350689
v -2.167675 6.402163 0.853734
v -2.515834 7.910309 0.397599
v -2.547808 8.597780 0.398542
v -2.531015 9.208477 0.387059
v -2.195376 5.655579 0.306641
v -2.146900 5.653894 -0.166507
v -2.208916 6.417558 -0.142550
v -2.360435 7.183893 -0.144856
v -2.476224 7.933705 -0.151047
v -2.479266 8.617177 -0.149426
v -2.444466 9.221664 -0.151933
v -1.981254 5.652895 -0.601746
v -2.053196 6.425887 -0.606079
v -2.194303 7.203598 -0.637753
v -2.285849 7.954311 -0.658145
v -2.279013 8.629322 -0.655134
v -2.234376 9.227360 -0.646426
v -1.705749 5.652188 -0.988646
v -1.780922 6.434695 -1.021369
v -1.889592 7.222263 -1.066667
v -1.943064 7.971200 -1.084540
v -1.940020 8.635631 -1.079783
v -1.913085 9.222931 -1.065697
v -1.332265 5.650608 -1.316503
v -1.399023 6.444423 -1.367490
v -1.468473 7.240783 -1.408147
v -1.489257 7.987001 -1.403513
v -1.484316 8.640944 -1.389685
v -1.472433 9.216270 -1.379393
v 0.675054 5.617297 -1.762245
v 0.679191 6.468979 -1.819866
v 0.669627 7.284009 -1.809543
v 1.170901 5.619499 -1.575835
v 1.193947 6.471505 -1.644509
v 1.188838 7.284941 -1.645076
v 1.175514 8.025608 -1.623817
v 1.174056 8.688763 -1.609754
v 1.190033 9.281057 -1.602547
v 1.641585 5.616135 -1.338466
v 1.676210 6.472886 -1.396647
v 1.666717 7.286993 -1.392195
v 1.635861 8.022870 -1.367288
v 1.636884 8.681776 -1.377400
v 1.664626 9.271206 -1.398718
v 1.764752 5.604788 1.922834
v 1.314264 6.437352 2.235053
v 1.351314 5.601003 2.178908
v 0.841603 6.422640 2.422686
v 0.804776 7.227131 2.475735
v 0.236030 7.951067 2.587267
v 0.202555 8.612396 2.621153
v -0.378629 9.195333 2.609539
v 0.878317 5.620039 2.354861
v 0.359049 5.639800 2.428266
v 0.323118 6.413033 2.497508
v 0.279358 7.203368 2.555986
v -0.179633 5.647675 2.394713
v -0.213618 6.402224 2.456249
v -0.261807 7.178749 2.526600
v -0.309664 7.926019 2.564290
v -0.349035 8.594099 2.594995
v -0.716193 5.652009 2.267601
v -0.742786 6.390868 2.317312
v -0.795660 7.154473 2.390229
v -0.850141 7.901842 2.434988
v -0.891770 8.576445 2.458151
v -0.925608 9.186995 2.465261
v -1.220622 5.657137 2.054408
v -1.240660 6.383017 2.091710
v -1.306020 7.136104 2.164531
v -1.371208 7.881871 2.216975
v -1.413368 8.557209 2.236587
v -1.443169 9.161484 2.237607
v -1.639760 5.661136 1.728660
v -1.663841 6.385439 1.765488
v -1.757981 7.130812 1.850202
v -1.842810 7.871474 1.913672
v -1.940234 5.660805 1.292788
v -1.974337 6.394168 1.339570
v -2.125253 5.658224 0.802234
v -0.388556 4.108609 -1.774605
v -0.897612 4.105459 -1.598151
v -0.418126 3.264194 -1.818709
v -0.950040 3.277047 -1.655784
v -0.431547 2.453218 -1.807780
v -0.975557 2.466560 -1.662384
v -0.432816 1.712718 -1.783204
v -0.973980 1.724868 -1.629384
v -0.476192 1.058831 -1.756627
v -1.012796 1.074800 -1.587607
v 0.148935 4.110500 -1.841524
v 0.134404 3.258707 -1.880536
v 0.123164 2.444908 -1.861654
v 0.120495 1.702711 -1.853062
v 0.075642 1.042412 -1.840021
v 0.665602 1.698023 -1.800687
v 0.620098 1.033816 -1.798170
v 1.990092 1.044892 -1.104505
v 2.293436 1.039654 -0.703446
v 2.486189 1.029250 -0.251319
v 2.542659 1.018910 0.243239
v 2.486371 1.017453 0.741963
v 2.330932 1.025588 1.217049
v 2.078092 1.037650 1.649558
v 1.717716 1.050842 2.011032
v 1.276662 1.068970 2.300375
v 0.785271 1.091623 2.512702
v 2.010900 1.703214 -1.031852
v 2.296452 1.700281 -0.633123
v 2.484471 1.691909 -0.188260
v 2.545811 1.685103 0.298229
v 2.486624 1.684353 0.790927
v 2.317389 1.688712 1.254869
v 2.047733 1.697353 1.665554
v 1.682421 1.709989 2.013592
v 1.252932 1.728057 2.305059
v 0.767480 1.750135 2.504920
v 2.306718 2.434130 -0.633078
v 2.045436 2.435667 -1.048699
v 2.463677 2.430754 -0.179780
v 2.515938 2.427803 0.300198
v 2.466829 2.427953 0.780692
v 2.311281 2.431330 1.236550
v 2.054177 2.439416 1.643726
v 1.700340 2.453453 1.989777
v 1.282410 2.473245 2.280104
v 2.341455 3.244119 -0.640386
v 2.082404 3.248717 -1.065291
v 2.465292 3.241061 -0.172638
v 2.505673 3.238332 0.303157
v 2.456375 3.237723 0.772011
v 2.313376 3.240615 1.219197
v 2.073048 3.249289 1.623099
v 1.731023 3.266229 1.964452
v 2.295191 4.103095 -0.603931
v 2.039855 4.109062 -1.016607
v 2.422977 4.096694 -0.151608
v 2.478330 4.093414 0.307084
v 2.447149 4.093430 0.762257
v 2.323880 4.096203 1.200957
v 2.100550 4.105431 1.596266
v -2.135683 1.172306 1.475009
v -1.790215 1.175813 1.900408
v -2.350657 2.619977 0.876081
v -2.084996 2.636542 1.387546
v -2.095858 1.889067 1.429472
v -2.346791 1.870975 0.942857
v -2.379290 1.159825 0.988717
v -2.475555 2.594091 0.323407
v -2.478726 3.379398 0.182546
v -2.369686 3.402107 0.739791
v -2.476454 1.839254 0.405220
v -2.502609 1.137058 0.456823
v -2.384611 4.151550 0.150453
v -2.311182 4.132179 -0.316671
v -2.409855 3.356031 -0.314003
v -2.432672 2.567242 -0.206243
v -2.454433 1.806488 -0.141673
v -2.475839 1.114015 -0.087641
v -2.102159 4.117433 -0.715963
v -2.197232 3.334041 -0.734543
v -2.239503 2.540201 -0.677525
v -2.270010 1.780281 -0.649131
v -2.296418 1.098469 -0.600810
v -1.778780 4.108895 -1.053883
v -1.869037 3.314331 -1.094527
v -1.919727 2.511375 -1.087907
v -1.938667 1.757535 -1.080378
v -1.971378 1.090114 -1.035836
v -1.367149 4.104947 -1.348843
v -1.443714 3.295003 -1.407578
v -1.485739 2.485537 -1.422584
v -1.489089 1.738875 -1.402866
v -1.523114 1.084381 -1.356470
v 0.675054 4.108026 -1.762245
v 0.679191 3.256344 -1.819866
v 0.669627 2.441313 -1.809543
v 1.170901 4.105823 -1.575835
v 1.193947 3.253817 -1.644509
v 1.188838 2.440382 -1.645076
v 1.175514 1.699714 -1.623817
v 1.129077 1.036560 -1.634813
v 1.641585 4.109188 -1.338466
v 1.676210 3.252436 -1.396647
v 1.666717 2.438330 -1.392195
v 1.635861 1.702452 -1.367288
v 1.596257 1.043546 -1.412944
v 1.766369 4.122784 1.924169
v 1.323648 3.290842 2.252222
v 1.364816 4.144507 2.194349
v 0.869630 3.321577 2.497044
v 0.811592 2.495824 2.499976
v 0.236018 1.773603 2.587960
v 0.251166 1.112926 2.615827
v 0.910027 4.163564 2.410228
v 0.392938 4.178891 2.530779
v 0.351203 3.355455 2.649931
v 0.284847 2.521251 2.620485
v -0.160773 4.187901 2.490822
v -0.210053 3.383742 2.612866
v -0.269526 2.551968 2.604208
v -0.309551 1.798909 2.565562
v -0.300351 1.131402 2.601795
v -0.714699 4.192220 2.321910
v -0.757204 3.402222 2.414872
v -0.808866 2.586476 2.443403
v -0.841295 1.831550 2.430340
v -0.841124 1.151692 2.472835
v -1.235197 4.196483 2.075102
v -1.258753 3.414106 2.134304
v -1.299176 2.618018 2.174679
v -1.327710 1.867451 2.187348
v -1.349352 1.169946 2.238759
v -1.693160 4.197980 1.718410
v -1.704912 3.420448 1.765452
v -1.725728 2.636548 1.820888
v -1.749995 1.888920 1.848641
v -2.061982 4.191018 1.236794
v -2.090365 3.417661 1.294252
v -2.302680 4.173143 0.681862
v -0.866980 4.879089 -1.559383
v -1.318840 4.879236 -1.307541
v -1.705430 4.880046 -0.999043
v -2.000950 4.884825 -0.639497
v -2.186098 4.892705 -0.227555
v -2.247424 4.903427 0.236735
v -2.180686 4.916961 0.744246
v -1.988153 4.931015 1.262524
v -1.669653 4.938524 1.719752
v -1.231470 4.934618 2.053885
v -0.709991 4.925154 2.266319
v -0.158747 4.918238 2.389815
v 0.387411 4.912812 2.417006
v 0.908054 4.899855 2.331841
v 1.374915 4.878870 2.149210
v 1.783655 4.865180 1.898673
v 2.116352 4.862666 1.581112
v 2.328907 4.862661 1.190153
v 2.434602 4.862661 0.755522
v 2.443606 4.862661 0.309913
v 2.380711 4.862661 -0.137986
v 2.243815 4.862661 -0.574076
v 1.990629 4.862661 -0.970576
v 1.611467 4.862661 -1.287102
v 1.147632 4.862661 -1.514587
v 0.664382 4.862661 -1.700365
v 0.154816 4.864511 -1.793466
v -0.370077 4.872283 -1.734386
v 0.875954 0.043534 -2.485325
v 1.527822 0.049206 -2.185809
v 1.004165 0.073445 -3.036447
v 1.745838 0.077662 -2.691468
v 1.303361 0.117530 -3.623478
v 2.141643 0.120963 -3.186827
v 1.872030 0.171895 -4.239401
v 2.790184 0.167877 -3.630159
v 0.187057 0.040053 -2.638414
v 0.220272 0.069324 -3.205317
v 0.408901 0.113720 -3.851882
v 0.853114 0.170268 -4.585977
v -0.498990 0.034750 -2.631809
v -0.566883 0.061585 -3.186100
v -0.501857 0.104457 -3.855744
v -0.218194 0.160217 -4.653221
v -1.154377 0.027040 -2.472223
v -1.321222 0.055750 -2.989470
v -1.386335 0.099048 -3.649034
v -1.271708 0.153406 -4.471857
v -2.261660 0.154539 -4.078102
v 1.779143 0.114506 3.521232
v 1.010400 0.118606 3.860617
v 1.175147 0.147660 4.450881
v 2.064055 0.142209 4.037114
v 1.386983 0.163783 5.156348
v 2.419076 0.157403 4.644487
v -4.608640 0.172657 -1.490229
v -3.984238 0.170311 -2.602688
v -4.868556 0.170424 -0.451156
v -4.868351 0.147999 0.577297
v -4.659847 0.130428 1.610300
v -4.241901 0.148125 2.600005
v -3.636994 0.169265 3.502609
v -2.847364 0.175478 4.253066
v -1.901362 0.170729 4.803723
v -0.847373 0.166918 5.168573
v 0.272467 0.169438 5.324004
v -4.000247 0.132629 -1.173616
v -3.553689 0.120467 -2.013836
v -4.202786 0.140671 -0.323341
v -4.214178 0.121614 0.560863
v -4.039199 0.104007 1.445369
v -3.678177 0.129528 2.290725
v -3.151676 0.155809 3.060639
v -2.466572 0.157390 3.703437
v -1.651678 0.152728 4.196184
v -0.746769 0.150014 4.520298
v 0.217830 0.151253 4.617481
v -3.458593 0.087220 -0.946332
v -3.107158 0.070150 -1.605502
v -3.638810 0.094642 -0.220127
v -3.652352 0.081444 0.540613
v -3.504109 0.078100 1.302442
v -3.193326 0.108142 2.026451
v -2.735394 0.127042 2.679193
v -2.142547 0.124592 3.230299
v -1.436254 0.123757 3.657974
v -0.648386 0.124004 3.927191
v 0.184296 0.123688 3.997431
v -2.999400 0.063112 -0.751082
v -2.692780 0.038957 -1.310163
v -3.156469 0.065959 -0.133401
v -3.168262 0.054403 0.521861
v -3.045725 0.062767 1.182160
v -2.785792 0.087694 1.805935
v -2.390515 0.101020 2.358428
v -1.867642 0.099374 2.820737
v -1.245743 0.098475 3.177332
v -0.558197 0.100571 3.398853
v 0.163857 0.097559 3.462963
v 0.882153 0.092016 3.361353
v -2.265258 0.025336 -1.792696
v 1.552974 0.088778 3.086876
v 2.137054 0.083153 2.654756
v 2.447983 0.105709 3.006779
v 2.839272 0.133570 3.431775
v 3.315484 0.153340 3.920866
v 2.603878 0.078552 2.097291
v 2.980412 0.096051 2.355074
v 3.450785 0.123036 2.668739
v 4.026887 0.146768 3.042799
v 2.928566 0.073907 1.449712
v 3.345910 0.089031 1.601028
v 3.865367 0.114724 1.783981
v 4.498591 0.139680 2.011930
v 3.089431 0.069394 0.750996
v 3.526128 0.085791 0.786144
v 4.070212 0.114426 0.826362
v 4.720414 0.141010 0.943612
v 3.078436 0.071625 0.039566
v 3.515727 0.087165 -0.043919
v 4.061278 0.118922 -0.152008
v 4.731979 0.150131 -0.147708
v 2.900162 0.070867 -0.636878
v 3.315065 0.089072 -0.840097
v 3.871685 0.122644 -1.028790
v 4.614736 0.158234 -1.083572
v 2.567594 0.064629 -1.247116
v 2.936946 0.087545 -1.566474
v 3.485865 0.123638 -1.827915
v 4.269161 0.164744 -1.935462
v 2.102114 0.057158 -1.768284
v 2.404033 0.082936 -2.193488
v 2.887498 0.123351 -2.578770
v 3.613163 0.167018 -2.849317
v -1.748395 0.024350 -2.184753
v -2.011369 0.053316 -2.644639
v -2.206457 0.098661 -3.269049
v -2.613383 0.057886 -2.176906
v -2.927109 0.107831 -2.741800
v -3.152237 0.163274 -3.512614
v -0.479055 10.142928 -2.571685
v -1.163673 10.130219 -2.357350
v -0.536262 10.075912 -3.134625
v -1.315730 10.066463 -2.886596
v -0.611404 9.977139 -3.777225
v -1.510227 9.969448 -3.482441
v -0.715786 9.855335 -4.557690
v -1.754045 9.864338 -4.182868
v -0.849373 8.045659 -5.839496
v -2.158854 8.036123 -5.326525
v -0.819427 7.008992 -5.825931
v -2.135987 7.002876 -5.305434
v -0.795874 5.876363 -5.804808
v -2.118145 5.874105 -5.290546
v -0.784754 4.686417 -5.791741
v -2.109993 4.686671 -5.290126
v -0.781456 3.504849 -5.788157
v -2.107084 3.505926 -5.294806
v -0.783725 2.399866 -5.793210
v -2.105115 2.402015 -5.295168
v -0.790386 1.415367 -5.797173
v -2.108361 1.417447 -5.298168
v 0.223702 10.150726 -2.636079
v 0.262727 10.085146 -3.202611
v 0.308887 9.985676 -3.857282
v 0.357140 9.858980 -4.652834
v 0.514925 8.071566 -6.106428
v 0.546992 7.021471 -6.094861
v 0.571430 5.881690 -6.068213
v 0.581069 4.688491 -6.041746
v 0.584011 3.506411 -6.023465
v 0.581272 2.400721 -6.019892
v 0.574650 1.409261 -6.015996
v 0.903359 10.162609 -2.542431
v 1.041073 10.102485 -3.083618
v 1.208570 10.006431 -3.712937
v 1.414072 9.881499 -4.463723
v 1.900089 8.100034 -5.978943
v 1.921337 7.036551 -5.969685
v 1.935393 5.890635 -5.937188
v 1.935989 4.695457 -5.896595
v 1.935754 3.514001 -5.871492
v 1.937392 2.409246 -5.858874
v 1.939789 1.416383 -5.848337
v 1.533183 10.179884 -2.300933
v 1.764345 10.115557 -2.792813
v 2.047957 10.018550 -3.364933
v 2.394845 9.896759 -4.037389
v 3.175919 8.116611 -5.432214
v 3.181732 7.051131 -5.428292
v 3.187849 5.904454 -5.402843
v 3.188354 4.708922 -5.367797
v 3.183654 3.529602 -5.342764
v 3.186032 2.429700 -5.331699
v 3.196436 1.448941 -5.323299
v 3.263259 9.894220 -3.419874
v 4.225156 8.110415 -4.556418
v 4.228149 7.056164 -4.563470
v 4.234304 5.916392 -4.555572
v 4.238129 4.725723 -4.540637
v 4.235845 3.550487 -4.523623
v 4.234612 2.459187 -4.509196
v 4.248089 1.495055 -4.499701
v 5.052554 5.922101 -3.507500
v 5.042518 7.049787 -3.507454
v 5.056763 4.740744 -3.499120
v 5.057796 3.572754 -3.488484
v 5.059275 2.489382 -3.474989
v 5.074950 1.534980 -3.466054
v 5.700804 1.556547 -2.314802
v 5.681571 2.512701 -2.317863
v -2.137492 9.983915 3.271605
v -1.418056 9.974729 3.705839
v -1.656407 9.909635 4.270412
v -2.485592 9.921846 3.747143
v -1.956090 9.873510 4.943278
v -2.914850 9.887804 4.304531
v -2.383538 7.915275 5.813162
v -3.599956 7.938018 5.109913
v -2.404067 6.938886 5.802167
v -3.618366 6.955081 5.101819
v -2.420297 5.852923 5.782115
v -3.631707 5.863219 5.083374
v -3.649115 4.706239 5.066429
v -2.440009 4.699979 5.770990
v -3.680162 3.551754 5.061708
v -2.465386 3.546149 5.763330
v -3.705037 2.464596 5.056115
v -2.486244 2.465595 5.744975
v -3.722207 1.480236 5.053996
v -2.503177 1.499044 5.740478
v -4.599592 7.972768 4.123114
v -4.617317 6.977754 4.108358
v -4.637924 5.876245 4.094503
v -4.659222 4.712183 4.082164
v -4.687227 3.554083 4.077034
v -4.711390 2.461218 4.073480
v -4.732701 1.464558 4.076400
v -5.379343 7.004192 2.906804
v -5.412082 5.888824 2.897869
v -5.438789 4.716599 2.889850
v -5.462090 3.553207 2.881604
v -5.486568 2.456999 2.879299
v -5.510128 1.454021 2.885691
v -6.004462 3.552886 1.549398
v -6.030692 2.453694 1.543593
v -6.054970 1.447235 1.543950
v 6.350336 1.561590 0.193154
v 6.131666 1.564159 -1.087028
v 6.276865 1.552865 1.489187
v 5.870346 1.539267 2.733966
v 5.151558 1.520641 3.855313
v 6.325588 2.533885 0.196021
v 6.105000 2.527665 -1.083956
v 6.249198 2.530247 1.492676
v 5.837953 2.517823 2.744064
v 5.133973 2.498792 3.871314
v 4.148286 1.504346 4.781742
v 4.143718 2.479891 4.788806
v 6.297869 3.614992 0.198637
v 6.085055 3.606895 -1.085244
v 6.216912 3.612777 1.496879
v 5.809588 3.599613 2.747523
v 5.116090 3.582036 3.877327
v 4.136623 3.564608 4.793998
v 6.281958 4.772524 0.197917
v 6.083268 4.764799 -1.091986
v 6.182517 4.771178 1.496030
v 5.776593 4.758923 2.744927
v 5.097939 4.742303 3.878411
v 4.128342 4.724469 4.798245
v 2.950398 3.549726 5.478506
v 2.951716 4.707511 5.491526
v 6.267537 5.943445 0.195940
v 6.077861 5.936131 -1.097254
v 6.164644 5.942659 1.494043
v 5.751026 5.932654 2.740076
v 5.071337 5.915946 3.877172
v 4.113233 5.894547 4.802423
v 2.947265 5.873351 5.496708
v 5.654426 7.045462 -2.340940
v 5.666852 5.927664 -2.341287
v 6.055947 7.049854 -1.098704
v 6.235450 7.058507 0.189858
v 6.139366 7.061266 1.483012
v 5.726551 7.053709 2.729254
v 5.042348 7.037254 3.871439
v 4.091054 7.012193 4.801717
v 2.934052 6.981936 5.492311
v 1.672800 5.857560 5.997119
v 1.667480 6.955443 5.990644
v 5.641522 8.071230 -2.336468
v 6.037873 8.073690 -1.099756
v 6.217954 8.087515 0.177382
v 6.122396 8.104316 1.460780
v 5.712007 8.107572 2.716486
v 5.020093 8.088359 3.868145
v 4.062550 8.051441 4.798231
v 2.915596 7.999925 5.489146
v 1.662566 7.947612 5.995583
v 0.325778 7.914207 6.257435
v 4.873646 9.853619 -0.837975
v 4.547052 9.858873 -1.790623
v 4.960727 9.858631 0.175312
v 4.829959 9.908875 1.195416
v 4.491998 9.948242 2.193590
v 3.951786 9.908592 3.122227
v 3.237185 9.861229 3.940733
v 2.358671 9.847308 4.584872
v 1.350415 9.857948 5.010975
v 0.258636 9.866486 5.239065
v -0.871876 9.860839 5.251070
v 4.191163 9.943310 -0.651538
v 3.896434 9.970559 -1.474019
v 4.284119 9.925292 0.217570
v 4.183166 9.967991 1.096065
v 3.897310 10.007439 1.951200
v 3.431887 9.950259 2.743884
v 2.811903 9.891376 3.440726
v 2.050738 9.887834 3.991346
v 1.179881 9.898277 4.376652
v 0.241147 9.904359 4.583262
v -0.727985 9.901583 4.557200
v 3.625038 10.045050 -0.494858
v 3.360131 10.083295 -1.193310
v 3.711602 10.028420 0.248350
v 3.628458 10.057992 1.004654
v 3.384756 10.065524 1.741526
v 2.984639 9.998180 2.420266
v 2.447485 9.955794 3.009563
v 1.789401 9.961317 3.480901
v 1.034528 9.963188 3.815449
v 0.218857 9.962636 3.982465
v -0.616004 9.963345 3.946423
v 3.144772 10.099064 -0.359485
v 2.911610 10.153183 -0.952968
v 3.222154 10.092684 0.273139
v 3.150798 10.118711 0.924646
v 2.946062 10.100334 1.564447
v 2.609453 10.044027 2.150614
v 2.146653 10.013769 2.648089
v 1.568773 10.017780 3.039788
v 0.906578 10.019833 3.314510
v 0.196473 10.015137 3.446952
v -0.527878 10.021885 3.418876
v -1.227462 10.034305 3.226898
v 2.548807 10.183701 -1.485872
v -1.858010 10.041557 2.869478
v -2.382505 10.054161 2.366703
v -2.735608 10.003626 2.676404
v -3.177686 9.941202 3.048285
v -3.712138 9.896908 3.472962
v -2.774779 10.064470 1.754484
v -3.180994 10.025264 1.962379
v -3.687382 9.964804 2.213789
v -4.306311 9.911633 2.511685
v -5.349500 8.021807 2.926658
v -3.014627 10.074876 1.070924
v -3.447804 10.040991 1.168032
v -3.986285 9.983427 1.283557
v -4.643325 9.927513 1.429272
v -5.891572 8.081398 1.598253
v -5.934794 7.030761 1.575673
v -5.963650 5.898175 1.563536
v -5.981843 4.718583 1.556352
v -3.085485 10.084990 0.357440
v -3.523111 10.048250 0.336862
v -4.067899 9.984096 0.307680
v -4.725642 9.923354 0.276486
v -6.165337 8.122179 0.158385
v -6.191349 7.046249 0.141987
v -6.205104 5.901233 0.131757
v -6.206705 4.716196 0.125121
v -6.222597 3.549214 0.116709
v -6.248007 2.449412 0.107468
v -6.271378 1.444919 0.099164
v -2.984261 10.079991 -0.346838
v -3.407416 10.045174 -0.485164
v -3.934830 9.974020 -0.661639
v -4.584898 9.900878 -0.879785
v -6.042332 8.121502 -1.313806
v -6.059982 7.046163 -1.321781
v -6.059094 5.897472 -1.323594
v -6.047039 4.709261 -1.324492
v -6.054287 3.539957 -1.334598
v -6.070740 2.443554 -1.347143
v -6.096682 1.448366 -1.366889
v -2.721553 10.081689 -0.995175
v -3.107300 10.040901 -1.249424
v -3.595606 9.965683 -1.567233
v -4.215711 9.883902 -1.962685
v -5.464005 8.091393 -2.656580
v -5.492862 7.034579 -2.664330
v -5.501084 5.890048 -2.669024
v -5.494578 4.701727 -2.670196
v -5.496396 3.529687 -2.680398
v -5.499845 2.434745 -2.689382
v -5.518289 1.445541 -2.710150
v -2.314204 10.095665 -1.558254
v -2.640023 10.044321 -1.921920
v -3.058238 9.963455 -2.359867
v -3.593867 9.871357 -2.886893
v -4.540652 8.059066 -3.771724
v -4.558041 7.017896 -3.779424
v -4.560188 5.881859 -3.774362
v -4.556441 4.695263 -3.774914
v -4.555977 3.519413 -3.783582
v -4.549368 2.421232 -3.780477
v -4.553757 1.433156 -3.791722
v -1.786325 10.112402 -2.016113
v -2.031820 10.054647 -2.476205
v -2.345519 9.964097 -3.003595
v -2.739690 9.866262 -3.619191
v -3.411942 8.040518 -4.653453
v -3.405431 7.005713 -4.643187
v -3.389087 5.875800 -4.624833
v -3.380259 4.689729 -4.622539
v -3.378117 3.510802 -4.628615
v -3.370823 2.408902 -4.623304
v -3.372898 1.422112 -4.628918
v 2.942909 1.494920 5.471848
v 1.621525 1.492628 5.932013
v 0.240726 1.498631 6.158199
v -1.153776 1.506191 6.105573
v 2.948027 2.467249 5.470469
v 1.637820 2.460578 5.938734
v 0.260102 2.459975 6.169046
v -1.135317 2.463207 6.113551
v 1.651467 3.539885 5.955765
v 0.279202 3.537011 6.190800
v -1.117344 3.540214 6.140851
v 1.665651 4.695645 5.980996
v 0.298162 4.691475 6.212794
v -1.097114 4.694323 6.150919
v 0.312685 5.849558 6.229252
v -1.079881 5.848284 6.157168
v 0.319101 6.938791 6.232900
v -1.065801 6.932991 6.175370
v -1.050974 7.906062 6.202037
v 2.085900 10.185911 -1.940376
v 2.405130 10.121013 -2.363153
v 2.795634 10.019416 -2.856299
v 2.942893 10.110773 -1.822777
v 3.421191 9.998871 -2.218461
v 3.994523 9.874651 -2.658754
v 5.034716 8.086647 -3.496267
v 5.669894 4.753391 -2.334610
v 5.669711 3.592313 -2.324180
v -0.852659 9.705771 -5.880198
v -0.836124 9.789495 -5.800570
v -3.602276 9.791261 5.087482
v -3.551708 9.874123 5.022773
v 5.503913 9.776311 -2.254811
v 5.580102 9.694359 -2.286380
v -0.415624 9.777516 -1.774129
v -0.972055 9.762924 -1.610509
v 0.173441 9.800679 -1.830694
v 0.724362 9.823442 -1.768154
v 2.074495 9.799993 -1.086749
v 2.324571 9.786844 -0.658227
v 2.467049 9.756118 -0.183194
v 2.507126 9.753798 0.313721
v 2.435518 9.756130 0.799801
v 2.288376 9.732772 1.288173
v 2.056646 9.728610 1.735978
v 1.699037 9.740652 2.095865
v 1.244860 9.733768 2.370692
v 0.733562 9.713305 2.562855
v 0.179131 9.696146 2.651951
v -0.387770 9.686787 2.624424
v -1.879136 9.668663 1.916565
v -1.441123 9.681150 2.251017
v -2.233642 9.664624 1.473569
v -2.455359 9.689054 0.939104
v -2.526904 9.710329 0.385451
v -2.447906 9.722129 -0.151672
v -2.220960 9.731029 -0.642196
v -1.898995 9.728033 -1.055353
v -1.474658 9.737798 -1.378054
v 1.235021 9.812578 -1.626663
v 1.699597 9.798101 -1.419541
v -0.936759 9.683322 2.485515
v 0.795277 0.027421 -2.059927
v 1.396449 0.032648 -1.806888
v 0.136932 0.022634 -2.179585
v -0.461961 0.015439 -2.170659
v -1.009835 0.014241 -2.042956
v -1.980952 0.011120 -1.524808
v -2.374162 0.026825 -1.113526
v -2.641023 0.056094 -0.602726
v -2.773564 0.065902 -0.054115
v -2.787398 0.060189 0.506380
v -2.694652 0.070898 1.087599
v -2.489538 0.082370 1.646238
v -2.145165 0.083064 2.132968
v -1.675460 0.078928 2.519928
v -1.119226 0.079608 2.802015
v -0.503825 0.085614 2.980842
v 0.137461 0.086819 3.038718
v 0.769310 0.083905 2.962674
v 1.890277 0.072340 2.400983
v 1.357259 0.076024 2.745102
v 2.326712 0.076065 1.925141
v 2.637111 0.073070 1.343917
v 2.789182 0.067380 0.738330
v 2.788349 0.068035 0.114767
v 2.631472 0.063354 -0.483678
v 2.328332 0.055508 -1.006548
v 1.912944 0.045739 -1.449045
v -1.522847 0.012158 -1.826704
v -0.443488 10.179611 -2.150252
v -1.065137 10.169050 -1.959600
v -0.799100 9.791226 -5.356176
v -2.010345 9.794863 -4.905207
v -0.859090 9.080038 -5.860509
v -2.177589 9.063894 -5.363314
v -0.798167 0.649766 -5.786031
v -2.112973 0.642073 -5.298683
v 0.208768 10.188965 -2.209595
v 0.449300 9.788934 -5.530210
v 0.508300 9.095255 -6.116673
v 0.568438 0.620524 -5.996349
v 0.822468 10.204617 -2.136075
v 1.687332 9.789115 -5.359259
v 1.893543 9.099169 -5.986908
v 1.946419 0.625322 -5.835241
v 1.387145 10.210560 -1.947459
v 2.823540 9.792338 -4.841888
v 3.159988 9.103715 -5.422451
v 3.213612 0.680697 -5.310296
v 3.816601 9.794836 -4.067751
v 4.227696 9.099383 -4.539739
v 4.272101 0.746434 -4.489324
v 5.098415 0.795826 -3.458501
v 5.714810 0.807877 -2.310094
v -2.213778 9.875847 5.501068
v -3.327930 9.879720 4.784700
v -2.372518 9.046608 5.826930
v -3.595904 9.055244 5.099144
v -3.727072 0.651669 5.048640
v -2.511136 0.706786 5.729520
v -4.232758 9.873329 3.849572
v -4.590611 9.070535 4.116556
v -4.737881 0.627727 4.061187
v -5.507690 0.618039 2.876865
v -6.030651 0.602625 1.544588
v -6.240708 0.597898 0.090295
v 6.139917 0.791544 -1.089525
v 6.358993 0.762604 0.194522
v 6.289819 0.738586 1.484387
v 5.886622 0.733044 2.707320
v 5.155696 0.723160 3.826498
v 5.610000 9.088188 -2.311661
v 5.997655 9.087532 -1.072810
v 6.210093 9.069113 0.186776
v 6.150943 9.068544 1.450057
v 5.752270 9.087414 2.701635
v 5.004089 9.083939 3.859439
v 4.023904 9.065514 4.845766
v 2.900342 9.058215 5.566438
v 1.669921 9.051950 6.063174
v 0.319813 9.047326 6.306097
v 5.167739 9.796679 -2.090940
v 5.524473 9.799236 -0.976144
v 5.686803 9.786728 0.174960
v 5.607067 9.802656 1.333800
v 5.234452 9.829780 2.478909
v 4.551998 9.815508 3.544414
v 3.681772 9.807844 4.494123
v 2.672605 9.828074 5.208531
v 1.539790 9.854074 5.660730
v 0.285343 9.870716 5.873801
v -1.003295 9.872087 5.845098
v 2.292985 10.209438 -1.266213
v 2.592971 10.179953 -0.788719
v 2.773183 10.114466 -0.256444
v 2.829145 10.092367 0.302871
v 2.765697 10.107180 0.859566
v 2.601532 10.090731 1.423171
v 2.333514 10.068459 1.952983
v 1.933592 10.061583 2.389753
v 1.414984 10.065765 2.712432
v 0.823542 10.062510 2.924810
v 0.189544 10.048775 3.023765
v -0.452634 10.046002 2.998134
v -1.069110 10.052452 2.841717
v -2.115284 10.078279 2.139260
v -1.629480 10.069999 2.551874
v -2.489874 10.073321 1.624024
v -4.908640 9.863505 2.776172
v -5.325274 9.085163 2.943645
v -2.720506 10.080008 1.014626
v -5.338111 9.876245 1.552402
v -5.849174 9.131847 1.617769
v -2.798378 10.089840 0.373988
v -5.510589 9.875166 0.227515
v -6.130996 9.164452 0.177136
v -2.714927 10.088378 -0.249930
v -5.377245 9.858025 -1.129585
v -6.006032 9.162367 -1.305789
v -6.069258 0.594970 -1.373128
v -2.465759 10.098902 -0.814371
v -4.888244 9.839590 -2.391529
v -5.405121 9.132658 -2.666953
v -5.493899 0.606024 -2.719091
v -2.093802 10.116546 -1.290800
v -4.132313 9.808050 -3.444103
v -4.510390 9.085438 -3.790888
v -4.539889 0.623024 -3.794091
v -1.622165 10.139177 -1.671814
v -3.148235 9.793908 -4.267011
v -3.420043 9.062079 -4.681316
v -3.366515 0.623442 -4.624025
v 4.137688 0.711881 4.769067
v 2.929339 0.701746 5.473027
v 1.601381 0.695833 5.943927
v 0.222451 0.718698 6.169977
v -1.168063 0.738153 6.101785
v -1.065928 9.050810 6.228920
v 1.885582 10.209709 -1.663086
v 4.618682 9.790440 -3.126909
v 5.050253 9.085958 -3.472250
v 2.648439 0.197972 -4.876476
v 1.498188 0.168543 -5.327894
v 0.234681 0.160479 -5.445366
v -1.033156 0.172586 -5.256676
v -2.185917 0.169134 -4.820401
v -3.267394 0.161905 -4.188902
v -4.317578 0.156906 -3.274496
v -5.123213 0.136546 -2.133911
v -5.543020 0.122057 -0.899292
v -5.624221 0.115650 0.355684
v -5.408330 0.114893 1.600163
v -4.934173 0.131366 2.787992
v -4.229643 0.139251 3.854436
v -3.317489 0.153172 4.741883
v -2.224017 0.188350 5.357684
v -1.004247 0.206276 5.728688
v 0.271800 0.193813 5.863769
v 1.534999 0.173777 5.674783
v 2.734433 0.177291 5.155633
v 3.803562 0.185189 4.408092
v 4.688586 0.187945 3.472772
v 5.294560 0.185854 2.375254
v 5.599473 0.184519 1.236185
v 5.650005 0.206001 0.053074
v 5.511670 0.233875 -1.059279
v 5.147895 0.254768 -2.101980
v 4.500478 0.253722 -3.171049
v 3.655739 0.228576 -4.121803
v -1.173371 0.467233 -1.551076
v -1.641526 0.469877 -1.315158
v -2.046646 0.479599 -0.979132
v -2.320573 0.498314 -0.523615
v -2.468684 0.515294 -0.016028
v -2.496943 0.524121 0.494300
v -2.400090 0.533387 1.013444
v -2.193428 0.530463 1.505881
v -1.865082 0.524134 1.936875
v -1.421248 0.525621 2.270460
v -0.901220 0.526282 2.499671
v -0.345273 0.525427 2.634602
v 0.219326 0.521671 2.654624
v 0.764016 0.511609 2.556381
v 1.266633 0.492520 2.350473
v 1.727683 0.481022 2.064381
v 2.100811 0.481121 1.678152
v 2.359206 0.474085 1.200827
v 2.497820 0.466590 0.701670
v 2.528145 0.467390 0.184272
v 2.436101 0.472498 -0.321488
v 2.210515 0.478357 -0.774205
v 1.884759 0.476229 -1.177364
v 1.459232 0.462658 -1.484320
v 0.949962 0.450771 -1.685202
v 0.386848 0.442887 -1.802103
v -0.153332 0.442643 -1.813091
v -0.669666 0.458139 -1.720173
v -0.990185 10.119270 -1.640506
v -1.012997 10.193821 -1.729406
v -0.425010 10.194394 -1.912568
v -0.417289 10.120481 -1.821036
v -1.490860 10.070660 -1.385591
v -1.529104 10.149830 -1.463497
v 0.213283 10.206936 -1.967335
v 0.207603 10.134089 -1.876320
v 0.793076 10.229136 -1.901139
v 0.771807 10.157972 -1.811247
v 1.318277 10.214521 -1.749389
v 1.281774 10.140165 -1.667801
v 2.092300 10.122545 -1.094309
v 2.156188 10.203979 -1.148448
v 1.783600 10.201427 -1.518384
v 1.732153 10.122730 -1.449734
v 2.407128 10.186311 -0.700258
v 2.332213 10.105293 -0.663166
v 2.539866 10.123988 -0.195172
v 2.459416 10.041664 -0.176218
v 2.582965 10.077694 0.330492
v 2.504068 9.992163 0.333294
v 2.529234 10.071157 0.820542
v 2.451487 9.985826 0.807445
v 2.389010 10.063891 1.333265
v 2.313454 9.981616 1.301448
v 2.163339 10.085178 1.828447
v 2.090759 10.013484 1.771210
v 1.803490 10.107580 2.233647
v 1.740582 10.045597 2.156076
v 1.327965 10.104302 2.513655
v 1.285372 10.039559 2.427166
v 0.784804 10.092133 2.682079
v 0.763678 10.020336 2.593241
v 0.194311 10.068875 2.763531
v 0.192104 9.993372 2.675265
v -0.400382 10.046492 2.741395
v -0.385597 9.969030 2.655941
v -0.962008 10.041327 2.603222
v -0.931964 9.962335 2.523426
v -1.470125 10.074667 2.349017
v -1.423732 9.994975 2.278120
v -1.934461 10.087891 1.997636
v -1.870724 10.008160 1.941147
v -2.310937 10.070692 1.551054
v -2.237730 9.990459 1.507552
v -2.543441 10.072522 0.982505
v -2.465270 9.990934 0.957123
v -2.629014 10.082025 0.390384
v -2.546469 10.000166 0.395033
v -2.559393 10.093103 -0.178561
v -2.477143 10.015446 -0.146033
v -2.313689 10.110188 -0.694384
v -2.242195 10.033125 -0.643458
v -1.964350 10.118858 -1.120121
v -1.911447 10.037752 -1.055122
v 0.749598 0.020823 -1.809360
v 0.767797 0.098058 -1.717591
v 0.099747 0.014613 -1.896619
v 0.147037 0.088055 -1.806890
v 1.307377 0.105331 -1.499766
v 1.315506 0.021592 -1.585177
v -0.443454 0.004418 -1.880510
v -0.385156 0.076460 -1.797799
v -0.916242 0.013640 -1.773295
v -0.856448 0.087809 -1.698512
v -1.381488 0.012788 -1.606764
v -1.320385 0.087088 -1.536871
v -2.181302 0.023899 -1.008133
v -2.105234 0.101182 -0.965533
v -1.742842 0.083835 -1.309096
v -1.808363 0.009156 -1.370267
v -2.417372 0.051843 -0.512330
v -2.337151 0.132780 -0.487425
v -2.532921 0.072506 0.004534
v -2.454928 0.158078 0.016524
v -2.549199 0.078043 0.498086
v -2.472976 0.165996 0.496473
v -2.476512 0.089171 1.027056
v -2.400246 0.174704 1.008591
v -2.308461 0.084135 1.546895
v -2.231672 0.162706 1.507962
v -1.997194 0.068234 1.996254
v -1.926548 0.142158 1.938693
v -1.564085 0.062774 2.334096
v -1.504103 0.137130 2.264043
v -1.049986 0.066386 2.566166
v -1.000448 0.142451 2.489172
v -0.475515 0.076643 2.722108
v -0.439867 0.153832 2.638940
v 0.118226 0.086600 2.777422
v 0.135896 0.163719 2.689209
v 0.693352 0.088871 2.712511
v 0.691401 0.164901 2.621992
v 1.224946 0.073940 2.523655
v 1.205257 0.148181 2.433601
v 1.728897 0.068050 2.237549
v 1.689128 0.142401 2.153348
v 2.152236 0.079513 1.818932
v 2.091926 0.156448 1.752937
v 2.459305 0.078685 1.278464
v 2.382156 0.156870 1.240260
v 2.605078 0.070963 0.733314
v 2.521201 0.150665 0.719225
v 2.610984 0.066021 0.166036
v 2.529302 0.147096 0.178755
v 2.465399 0.058316 -0.383966
v 2.396298 0.141904 -0.342907
v 2.178259 0.054476 -0.853685
v 2.128713 0.141485 -0.793648
v 1.764627 0.129133 -1.180815
v 1.794189 0.040984 -1.254229
v -2.158114 9.769819 -5.319818
v -2.184999 9.683228 -5.392513
v 0.519062 9.701503 -6.126184
v 0.518928 9.784766 -6.046070
v -2.114828 0.237405 -5.296192
v -2.109429 0.152551 -5.212316
v -0.842969 0.162581 -5.686574
v -0.803941 0.251919 -5.775719
v -3.353398 0.202456 -4.609806
v -3.315642 0.125999 -4.528844
v 1.897496 9.670080 -5.995258
v 1.872211 9.755418 -5.919825
v 0.534995 0.126471 -5.896239
v 0.563404 0.208328 -5.983115
v 3.145260 9.657954 -5.414485
v 3.101960 9.742545 -5.347529
v 1.911902 0.130921 -5.752419
v 1.951494 0.212404 -5.826801
v 4.228727 9.663595 -4.527599
v 4.172402 9.748770 -4.471316
v 3.157736 0.195303 -5.246010
v 3.227437 0.281863 -5.301255
v 4.220138 0.273158 -4.440702
v 4.289804 0.361461 -4.483575
v 5.045195 0.330605 -3.415257
v 5.112430 0.419643 -3.452466
v 5.652656 0.337365 -2.275703
v 5.721134 0.426108 -2.306449
v 6.063814 0.304021 -1.073244
v 6.138455 0.391226 -1.091453
v -2.337469 9.886148 5.764644
v -2.372791 9.804822 5.840004
v -4.586764 9.779097 4.099824
v -4.523247 9.861726 4.049019
v -2.510214 0.289220 5.708440
v -2.458947 0.205773 5.642383
v -3.649122 0.125076 4.981654
v -3.720014 0.204249 5.034919
v -1.174070 0.339520 6.089773
v -1.142633 0.251167 6.017149
v -5.311896 9.744430 2.947150
v -5.240375 9.829823 2.913303
v -4.645414 0.099795 4.000150
v -4.729005 0.178177 4.034553
v -5.405964 0.097553 2.832447
v -5.491137 0.175739 2.859070
v -5.900917 0.080965 1.521935
v -5.987453 0.155805 1.542842
v -6.105807 0.067610 0.105340
v -6.192372 0.143478 0.084355
v 6.277545 0.255929 0.193356
v 6.355968 0.341405 0.196600
v 6.207299 0.222472 1.456316
v 6.285337 0.306661 1.479512
v 5.815617 0.227451 2.645298
v 5.886503 0.311441 2.683646
v 5.092908 0.225365 3.749254
v 5.153271 0.309168 3.803633
v 5.954519 9.689192 -1.040079
v 5.874483 9.771694 -1.024312
v 5.067297 9.671844 -3.451507
v 5.000966 9.757177 -3.408275
v 6.198728 9.634417 0.206281
v 6.121657 9.721950 0.204076
v 6.180175 9.605022 1.450192
v 6.110138 9.697285 1.435555
v 5.793461 9.630589 2.688470
v 5.727774 9.722864 2.660225
v 4.995063 9.645409 3.848876
v 4.933609 9.733902 3.805144
v 3.997193 9.658049 4.899986
v 3.946616 9.747263 4.844178
v 2.892551 9.715824 5.651767
v 2.854885 9.804421 5.585629
v 1.677831 9.775965 6.124611
v 1.656124 9.860795 6.048130
v 0.307142 9.811367 6.332019
v 0.305270 9.892523 6.248895
v -1.073061 9.906540 6.154660
v -1.090324 9.828346 6.238922
v -5.827019 9.756575 1.623229
v -5.748981 9.841162 1.608584
v -6.101746 9.764034 0.188007
v -6.018960 9.846825 0.191602
v -5.969905 9.763351 -1.299394
v -5.888537 9.844245 -1.278738
v -5.355176 9.749386 -2.679287
v -5.280712 9.829927 -2.640367
v -5.932514 0.054384 -1.320168
v -6.017474 0.128416 -1.365304
v -4.487037 9.698922 -3.817503
v -4.426078 9.783343 -3.765700
v -5.377961 0.075446 -2.645054
v -5.442121 0.150285 -2.707905
v -3.381946 9.760654 -4.645031
v -3.426909 9.673829 -4.707940
v -4.474000 0.114062 -3.692112
v -4.511288 0.192461 -3.779921
v 4.075994 0.216623 4.695972
v 4.124871 0.300571 4.759858
v 2.883552 0.201844 5.404078
v 2.919107 0.287103 5.474648
v 1.573956 0.186227 5.883342
v 1.588309 0.272320 5.959896
v 0.223429 0.219497 6.106491
v 0.211850 0.307883 6.183940
vt 0.904456 0.727383
vt 0.904456 0.751235
vt 0.904456 0.775402
vt 0.904456 0.798703
vt 0.904456 0.819908
vt 0.904456 0.838678
vt 0.904456 0.855339
vt 0.921188 0.727383
vt 0.921188 0.751235
vt 0.921188 0.775402
vt 0.921188 0.798703
vt 0.921188 0.819908
vt 0.921188 0.838678
vt 0.921188 0.855332
vt 0.937766 0.819908
vt 0.937766 0.838678
vt 0.937766 0.855320
vt 0.556716 0.855287
vt 0.571396 0.855233
vt 0.586027 0.855111
vt 0.600618 0.855095
vt 0.615211 0.855160
vt 0.629826 0.855206
vt 0.644624 0.855249
vt 0.659822 0.855273
vt 0.675371 0.855271
vt 0.691397 0.855242
vt 0.556716 0.838678
vt 0.571396 0.838678
vt 0.586027 0.838678
vt 0.600618 0.838678
vt 0.615211 0.838678
vt 0.629826 0.838678
vt 0.644624 0.838678
vt 0.659822 0.838678
vt 0.675371 0.838678
vt 0.556716 0.819908
vt 0.571396 0.819908
vt 0.586027 0.819908
vt 0.600618 0.819908
vt 0.615211 0.819908
vt 0.629826 0.819908
vt 0.644624 0.819908
vt 0.659822 0.819908
vt 0.675371 0.819908
vt 0.556716 0.798703
vt 0.571396 0.798703
vt 0.586027 0.798703
vt 0.600618 0.798703
vt 0.615211 0.798703
vt 0.629826 0.798703
vt 0.644624 0.798703
vt 0.659822 0.798703
vt 0.556716 0.775402
vt 0.571396 0.775402
vt 0.586027 0.775402
vt 0.600618 0.775402
vt 0.615211 0.775402
vt 0.629826 0.775402
vt 0.644624 0.775402
vt 0.556716 0.751235
vt 0.571396 0.751235
vt 0.586027 0.751235
vt 0.600618 0.751235
vt 0.615211 0.751235
vt 0.629826 0.751235
vt 0.556716 0.727383
vt 0.571396 0.727383
vt 0.586027 0.727383
vt 0.600618 0.727383
vt 0.615211 0.727383
vt 0.775175 0.838678
vt 0.775175 0.855317
vt 0.792229 0.798703
vt 0.792229 0.819908
vt 0.792229 0.838678
vt 0.792229 0.855293
vt 0.809001 0.775402
vt 0.809001 0.798703
vt 0.809001 0.819908
vt 0.809001 0.838678
vt 0.809001 0.855253
vt 0.824973 0.727383
vt 0.824973 0.751235
vt 0.824973 0.775402
vt 0.824973 0.798703
vt 0.824973 0.819908
vt 0.824973 0.838678
vt 0.824973 0.855247
vt 0.840484 0.727383
vt 0.840484 0.751235
vt 0.840484 0.775402
vt 0.840484 0.798703
vt 0.840484 0.819908
vt 0.840484 0.838678
vt 0.840484 0.855240
vt 0.855898 0.727383
vt 0.855898 0.751235
vt 0.855898 0.775402
vt 0.855898 0.798703
vt 0.855898 0.819908
vt 0.855898 0.838678
vt 0.855898 0.855251
vt 0.871630 0.727383
vt 0.871630 0.751235
vt 0.871630 0.775402
vt 0.871630 0.798703
vt 0.871630 0.819908
vt 0.871630 0.838678
vt 0.871630 0.855274
vt 0.887940 0.727383
vt 0.887940 0.751235
vt 0.887940 0.775402
vt 0.887940 0.798703
vt 0.887940 0.819908
vt 0.887940 0.838678
vt 0.887940 0.855316
vt 0.937766 0.727383
vt 0.937766 0.751235
vt 0.937766 0.775402
vt 0.937766 0.798703
vt 0.954049 0.727383
vt 0.954049 0.751235
vt 0.954049 0.775402
vt 0.954049 0.798703
vt 0.954049 0.819908
vt 0.954049 0.838678
vt 0.954049 0.855330
vt 0.970131 0.727383
vt 0.970131 0.751235
vt 0.970131 0.775402
vt 0.970131 0.798703
vt 0.970131 0.819908
vt 0.970131 0.838678
vt 0.970131 0.855344
vt 0.541504 0.726936
vt 0.985824 0.726936
vt 0.541504 0.751241
vt 0.985824 0.751241
vt 0.541504 0.775498
vt 0.985824 0.775498
vt 0.541504 0.798983
vt 0.985824 0.798983
vt 0.541504 0.820227
vt 0.985824 0.820227
vt 0.541504 0.838922
vt 0.985824 0.838922
vt 0.541504 0.855668
vt 0.985824 0.855668
vt 0.629827 0.727383
vt 0.644624 0.727383
vt 0.644624 0.751235
vt 0.659822 0.751235
vt 0.659822 0.775402
vt 0.675371 0.775402
vt 0.675371 0.798703
vt 0.691397 0.819908
vt 0.691397 0.838678
vt 0.707888 0.855235
vt 0.659822 0.727383
vt 0.675371 0.727383
vt 0.675371 0.751235
vt 0.691397 0.727383
vt 0.691397 0.751235
vt 0.691397 0.775402
vt 0.691397 0.798703
vt 0.707888 0.727383
vt 0.707888 0.751235
vt 0.707888 0.775402
vt 0.707888 0.798703
vt 0.707888 0.819908
vt 0.707888 0.838678
vt 0.724707 0.727383
vt 0.724707 0.751235
vt 0.724707 0.775402
vt 0.724707 0.798703
vt 0.724707 0.819908
vt 0.724707 0.838678
vt 0.724707 0.855239
vt 0.741618 0.727383
vt 0.741618 0.751235
vt 0.741618 0.775402
vt 0.741618 0.798703
vt 0.741618 0.819908
vt 0.741618 0.838678
vt 0.741618 0.855255
vt 0.758403 0.727383
vt 0.758403 0.751235
vt 0.758403 0.775402
vt 0.758403 0.798703
vt 0.758403 0.819908
vt 0.758403 0.838678
vt 0.758403 0.855289
vt 0.775175 0.727383
vt 0.775175 0.751235
vt 0.775175 0.775402
vt 0.775175 0.798703
vt 0.775175 0.819908
vt 0.792229 0.727383
vt 0.792229 0.751235
vt 0.792229 0.775402
vt 0.809001 0.727383
vt 0.809001 0.751235
vt 0.904456 0.705710
vt 0.904456 0.681452
vt 0.904456 0.656631
vt 0.904456 0.633218
vt 0.904456 0.611928
vt 0.904456 0.592609
vt 0.921188 0.705710
vt 0.921188 0.681452
vt 0.921188 0.656631
vt 0.921188 0.633218
vt 0.921188 0.611928
vt 0.921188 0.592625
vt 0.937766 0.611928
vt 0.937766 0.592638
vt 0.556716 0.592779
vt 0.571396 0.592788
vt 0.586027 0.592777
vt 0.600618 0.592766
vt 0.615211 0.592731
vt 0.629827 0.592721
vt 0.644624 0.592692
vt 0.659822 0.592673
vt 0.675371 0.592659
vt 0.556716 0.611928
vt 0.571396 0.611928
vt 0.586027 0.611928
vt 0.600618 0.611928
vt 0.615211 0.611928
vt 0.629827 0.611928
vt 0.644624 0.611928
vt 0.659822 0.611928
vt 0.675371 0.611928
vt 0.556716 0.633218
vt 0.571396 0.633218
vt 0.586027 0.633218
vt 0.600618 0.633218
vt 0.615211 0.633218
vt 0.629827 0.633218
vt 0.644624 0.633218
vt 0.659822 0.633218
vt 0.556716 0.656631
vt 0.571396 0.656631
vt 0.586027 0.656631
vt 0.600618 0.656631
vt 0.615211 0.656631
vt 0.629827 0.656631
vt 0.644624 0.656631
vt 0.556716 0.681452
vt 0.571396 0.681452
vt 0.586027 0.681452
vt 0.600618 0.681452
vt 0.615211 0.681452
vt 0.629827 0.681452
vt 0.556716 0.705710
vt 0.571396 0.705710
vt 0.586027 0.705710
vt 0.600618 0.705710
vt 0.615211 0.705710
vt 0.775175 0.592643
vt 0.792229 0.633218
vt 0.792229 0.611928
vt 0.792229 0.592662
vt 0.809001 0.656631
vt 0.809001 0.633218
vt 0.809001 0.611928
vt 0.809001 0.592684
vt 0.824973 0.705710
vt 0.824973 0.681452
vt 0.824973 0.656631
vt 0.824973 0.633218
vt 0.824973 0.611928
vt 0.824973 0.592703
vt 0.840484 0.705710
vt 0.840484 0.681452
vt 0.840484 0.656631
vt 0.840484 0.633218
vt 0.840484 0.611928
vt 0.840484 0.592704
vt 0.855898 0.705710
vt 0.855898 0.681452
vt 0.855898 0.656631
vt 0.855898 0.633218
vt 0.855898 0.611928
vt 0.855898 0.592661
vt 0.871630 0.705710
vt 0.871630 0.681452
vt 0.871630 0.656631
vt 0.871630 0.633218
vt 0.871630 0.611928
vt 0.871630 0.592612
vt 0.887940 0.705710
vt 0.887940 0.681452
vt 0.887940 0.656631
vt 0.887940 0.633218
vt 0.887940 0.611928
vt 0.887940 0.592598
vt 0.937766 0.705710
vt 0.937766 0.681452
vt 0.937766 0.656631
vt 0.937766 0.633218
vt 0.954049 0.705710
vt 0.954049 0.681452
vt 0.954049 0.656631
vt 0.954049 0.633218
vt 0.954049 0.611928
vt 0.954049 0.592672
vt 0.970131 0.705710
vt 0.970131 0.681452
vt 0.970131 0.656631
vt 0.970131 0.633218
vt 0.970131 0.611928
vt 0.970131 0.592711
vt 0.541504 0.706209
vt 0.985824 0.706209
vt 0.541504 0.681495
vt 0.985824 0.681495
vt 0.541504 0.656435
vt 0.985824 0.656435
vt 0.541504 0.632940
vt 0.985824 0.632940
vt 0.541504 0.611671
vt 0.985824 0.611671
vt 0.541504 0.592457
vt 0.985824 0.592457
vt 0.629827 0.705710
vt 0.644624 0.705710
vt 0.644624 0.681452
vt 0.659822 0.681452
vt 0.659822 0.656631
vt 0.675371 0.656631
vt 0.675371 0.633218
vt 0.691397 0.611928
vt 0.691397 0.592658
vt 0.659822 0.705710
vt 0.675371 0.705710
vt 0.675371 0.681452
vt 0.691397 0.705710
vt 0.691397 0.681452
vt 0.691397 0.656631
vt 0.691397 0.633218
vt 0.707888 0.705710
vt 0.707888 0.681452
vt 0.707888 0.656631
vt 0.707888 0.633218
vt 0.707888 0.611928
vt 0.707888 0.592660
vt 0.724707 0.705710
vt 0.724707 0.681452
vt 0.724707 0.656631
vt 0.724707 0.633218
vt 0.724707 0.611928
vt 0.724707 0.592654
vt 0.741618 0.705710
vt 0.741618 0.681452
vt 0.741618 0.656631
vt 0.741618 0.633218
vt 0.741618 0.611928
vt 0.741618 0.592635
vt 0.758403 0.705710
vt 0.758403 0.681452
vt 0.758403 0.656631
vt 0.758403 0.633218
vt 0.758403 0.611928
vt 0.758403 0.592640
vt 0.775175 0.705710
vt 0.775175 0.681452
vt 0.775175 0.656631
vt 0.775175 0.633218
vt 0.775175 0.611928
vt 0.792229 0.705710
vt 0.792229 0.681452
vt 0.792229 0.656631
vt 0.809001 0.705710
vt 0.809001 0.681452
vt 0.316425 0.456451
vt 0.316568 0.470296
vt 0.316568 0.487435
vt 0.316568 0.508094
vt 0.316568 0.532359
vt 0.345073 0.456354
vt 0.345067 0.470296
vt 0.345067 0.487435
vt 0.345067 0.508094
vt 0.345029 0.532293
vt 0.373384 0.456317
vt 0.373265 0.470296
vt 0.373265 0.487435
vt 0.373265 0.508094
vt 0.373037 0.532241
vt 0.400808 0.456283
vt 0.400844 0.470296
vt 0.400844 0.487435
vt 0.400844 0.508094
vt 0.400805 0.532160
vt 0.428268 0.532041
vt 0.033298 0.487435
vt 0.033298 0.508094
vt 0.033317 0.531606
vt 0.512535 0.532183
vt 0.540404 0.532229
vt 0.567339 0.532250
vt 0.594382 0.532232
vt 0.622117 0.532198
vt 0.649965 0.532152
vt 0.678142 0.532098
vt 0.706562 0.532059
vt 0.735240 0.532020
vt 0.764384 0.531811
vt 0.512573 0.508095
vt 0.540630 0.508094
vt 0.567406 0.508094
vt 0.594578 0.508094
vt 0.622284 0.508094
vt 0.649988 0.508094
vt 0.678142 0.508094
vt 0.706562 0.508094
vt 0.735240 0.508094
vt 0.764384 0.508094
vt 0.512573 0.487435
vt 0.540630 0.487435
vt 0.567406 0.487435
vt 0.594578 0.487435
vt 0.622284 0.487435
vt 0.649988 0.487435
vt 0.678142 0.487435
vt 0.706562 0.487435
vt 0.735240 0.487435
vt 0.764384 0.487435
vt 0.003906 0.486991
vt 0.793502 0.486991
vt 0.512573 0.470296
vt 0.540630 0.470296
vt 0.567406 0.470296
vt 0.594578 0.470296
vt 0.622284 0.470296
vt 0.649988 0.470296
vt 0.678142 0.470296
vt 0.706562 0.470296
vt 0.735240 0.470296
vt 0.764384 0.470296
vt 0.003906 0.469934
vt 0.793502 0.469934
vt 0.482658 0.456413
vt 0.512511 0.456412
vt 0.540624 0.456369
vt 0.567400 0.456375
vt 0.594542 0.456381
vt 0.622278 0.456411
vt 0.649999 0.456482
vt 0.678197 0.456482
vt 0.706530 0.456420
vt 0.735182 0.456359
vt 0.764314 0.456336
vt 0.793502 0.455775
vt 0.003906 0.455775
vt 0.033298 0.470296
vt 0.062661 0.456349
vt 0.062778 0.470296
vt 0.062778 0.487435
vt 0.062778 0.508094
vt 0.062822 0.532015
vt 0.091939 0.456457
vt 0.092071 0.470296
vt 0.092071 0.487435
vt 0.092071 0.508094
vt 0.092118 0.532212
vt 0.121252 0.456472
vt 0.121312 0.470296
vt 0.121312 0.487435
vt 0.121312 0.508094
vt 0.121334 0.532316
vt 0.150138 0.456529
vt 0.150167 0.470296
vt 0.150167 0.487435
vt 0.150167 0.508094
vt 0.150123 0.532383
vt 0.177934 0.456542
vt 0.178064 0.470296
vt 0.178064 0.487435
vt 0.178064 0.508094
vt 0.178035 0.532402
vt 0.206092 0.456625
vt 0.206219 0.470296
vt 0.206219 0.487435
vt 0.206219 0.508094
vt 0.206094 0.532382
vt 0.231454 0.456549
vt 0.231554 0.470296
vt 0.231554 0.487435
vt 0.231554 0.508094
vt 0.231508 0.532329
vt 0.259105 0.456529
vt 0.259267 0.470296
vt 0.259267 0.487435
vt 0.259267 0.508094
vt 0.259226 0.532348
vt 0.287770 0.456522
vt 0.287928 0.470296
vt 0.287928 0.487435
vt 0.287928 0.508094
vt 0.287922 0.532381
vt 0.003906 0.532187
vt 0.793502 0.532187
vt 0.003906 0.507596
vt 0.793502 0.507596
vt 0.428218 0.456292
vt 0.428305 0.470296
vt 0.428305 0.487435
vt 0.428305 0.508094
vt 0.455117 0.456340
vt 0.455310 0.470296
vt 0.455310 0.487435
vt 0.455310 0.508094
vt 0.455089 0.531897
vt 0.482817 0.470296
vt 0.482817 0.487435
vt 0.482817 0.508095
vt 0.482780 0.531940
vt 0.033227 0.456307
vt 0.330361 0.329363
vt 0.330363 0.343544
vt 0.330363 0.361002
vt 0.330363 0.381594
vt 0.330378 0.405340
vt 0.405135 0.611371
vt 0.405135 0.642609
vt 0.405136 0.676048
vt 0.405137 0.711801
vt 0.405137 0.748182
vt 0.405138 0.783227
vt 0.405138 0.815344
vt 0.405139 0.843485
vt 0.359412 0.329325
vt 0.359428 0.343544
vt 0.359428 0.361002
vt 0.359428 0.381594
vt 0.359506 0.405393
vt 0.448178 0.611372
vt 0.448179 0.642608
vt 0.448180 0.676047
vt 0.448180 0.711800
vt 0.448181 0.748181
vt 0.448182 0.783226
vt 0.448182 0.815343
vt 0.448183 0.843517
vt 0.388063 0.329335
vt 0.388066 0.343544
vt 0.388066 0.361002
vt 0.388066 0.381594
vt 0.388077 0.405494
vt 0.490945 0.611402
vt 0.490946 0.642607
vt 0.490946 0.676046
vt 0.490947 0.711799
vt 0.490948 0.748180
vt 0.490948 0.783225
vt 0.490949 0.815343
vt 0.490950 0.843558
vt 0.416155 0.329354
vt 0.416155 0.343544
vt 0.416155 0.361002
vt 0.416155 0.381594
vt 0.416144 0.405530
vt 0.533633 0.611714
vt 0.670978 0.262195
vt 0.533633 0.642234
vt 0.670972 0.232346
vt 0.533634 0.675736
vt 0.670965 0.199566
vt 0.533634 0.711717
vt 0.670957 0.164139
vt 0.533635 0.748351
vt 0.670949 0.127818
vt 0.533636 0.783613
vt 0.670941 0.092983
vt 0.533636 0.815767
vt 0.670934 0.061400
vt 0.533637 0.844521
vt 0.670928 0.033538
vt 0.444085 0.405517
vt 0.628952 0.262666
vt 0.628945 0.231989
vt 0.628938 0.199245
vt 0.628930 0.164037
vt 0.628922 0.128013
vt 0.628914 0.093399
vt 0.628907 0.061874
vt 0.628901 0.034570
vt 0.587610 0.199254
vt 0.587602 0.164046
vt 0.587594 0.128022
vt 0.587586 0.093408
vt 0.587579 0.061884
vt 0.587573 0.034562
vt 0.546982 0.061893
vt 0.546976 0.034555
vt 0.033749 0.361002
vt 0.033749 0.381594
vt 0.033756 0.405046
vt 0.048913 0.262936
vt 0.048907 0.232118
vt 0.048899 0.199374
vt 0.048891 0.164165
vt 0.048883 0.128142
vt 0.048876 0.093527
vt 0.048869 0.062003
vt 0.048863 0.034616
vt 0.005360 0.262342
vt 0.004890 0.611723
vt 0.005353 0.232494
vt 0.004891 0.642243
vt 0.005346 0.199714
vt 0.004891 0.675745
vt 0.005338 0.164287
vt 0.004892 0.711726
vt 0.005330 0.127966
vt 0.004893 0.748361
vt 0.005323 0.093131
vt 0.004893 0.783623
vt 0.005315 0.061548
vt 0.004894 0.815777
vt 0.005309 0.033686
vt 0.004895 0.844531
vt 0.048340 0.676055
vt 0.048341 0.711807
vt 0.048342 0.748188
vt 0.048342 0.783233
vt 0.048343 0.815351
vt 0.048344 0.843619
vt 0.092195 0.783233
vt 0.092196 0.815350
vt 0.092196 0.843640
vt 0.466826 0.034523
vt 0.426964 0.034516
vt 0.386719 0.034520
vt 0.345954 0.034542
vt 0.466832 0.061910
vt 0.426971 0.061919
vt 0.386725 0.061928
vt 0.345960 0.061937
vt 0.304239 0.061947
vt 0.466839 0.093435
vt 0.426978 0.093443
vt 0.386732 0.093452
vt 0.345967 0.093461
vt 0.304246 0.093471
vt 0.466846 0.128049
vt 0.426985 0.128058
vt 0.386739 0.128067
vt 0.345975 0.128076
vt 0.304254 0.128085
vt 0.262346 0.128094
vt 0.466854 0.164073
vt 0.426993 0.164081
vt 0.386747 0.164090
vt 0.345983 0.164099
vt 0.304262 0.164109
vt 0.262354 0.164118
vt 0.506919 0.199272
vt 0.466862 0.199281
vt 0.427001 0.199290
vt 0.386755 0.199298
vt 0.345991 0.199308
vt 0.304270 0.199317
vt 0.262362 0.199326
vt 0.220228 0.199335
vt 0.506926 0.232016
vt 0.466870 0.232025
vt 0.427008 0.232034
vt 0.386762 0.232043
vt 0.345998 0.232052
vt 0.304277 0.232061
vt 0.262369 0.232071
vt 0.220235 0.232080
vt 0.506933 0.262760
vt 0.466876 0.262739
vt 0.427015 0.262710
vt 0.386769 0.262696
vt 0.346005 0.262740
vt 0.304284 0.262769
vt 0.262376 0.262788
vt 0.220242 0.262831
vt 0.177802 0.262884
vt 0.525115 0.405217
vt 0.551886 0.405313
vt 0.578301 0.405444
vt 0.605480 0.405496
vt 0.633351 0.405470
vt 0.661841 0.405405
vt 0.690386 0.405334
vt 0.719012 0.405243
vt 0.747995 0.405245
vt 0.777763 0.405115
vt 0.525123 0.381594
vt 0.551886 0.381594
vt 0.578301 0.381594
vt 0.605480 0.381594
vt 0.633351 0.381594
vt 0.661841 0.381594
vt 0.690386 0.381594
vt 0.719016 0.381594
vt 0.748020 0.381594
vt 0.777767 0.381594
vt 0.525123 0.361002
vt 0.551886 0.361002
vt 0.578301 0.361002
vt 0.605480 0.361002
vt 0.633351 0.361002
vt 0.661841 0.361002
vt 0.690386 0.361002
vt 0.719016 0.361002
vt 0.748020 0.361002
vt 0.777767 0.361002
vt 0.003906 0.360626
vt 0.807239 0.360626
vt 0.525123 0.343544
vt 0.551886 0.343544
vt 0.578301 0.343544
vt 0.605480 0.343544
vt 0.633351 0.343544
vt 0.661841 0.343544
vt 0.690386 0.343544
vt 0.719016 0.343544
vt 0.748020 0.343544
vt 0.777767 0.343544
vt 0.003906 0.343165
vt 0.807239 0.343165
vt 0.498752 0.329484
vt 0.525123 0.329406
vt 0.551886 0.329340
vt 0.578297 0.329293
vt 0.605453 0.329283
vt 0.633346 0.329348
vt 0.661841 0.329452
vt 0.690386 0.329414
vt 0.719016 0.329357
vt 0.748020 0.329309
vt 0.777767 0.329283
vt 0.807239 0.328734
vt 0.003906 0.328734
vt 0.033749 0.343544
vt 0.063880 0.329340
vt 0.063880 0.343544
vt 0.063880 0.361002
vt 0.063880 0.381594
vt 0.063922 0.405187
vt 0.093497 0.329433
vt 0.093513 0.343544
vt 0.093513 0.361002
vt 0.093513 0.381594
vt 0.093527 0.405210
vt 0.048339 0.611292
vt 0.048340 0.642615
vt 0.123157 0.329522
vt 0.123260 0.343544
vt 0.123260 0.361002
vt 0.123260 0.381594
vt 0.123299 0.405298
vt 0.092192 0.611325
vt 0.092192 0.642615
vt 0.092193 0.676054
vt 0.092194 0.711807
vt 0.092194 0.748188
vt 0.153136 0.329530
vt 0.153170 0.343544
vt 0.153170 0.361002
vt 0.153170 0.381594
vt 0.153181 0.405398
vt 0.136896 0.611348
vt 0.136897 0.642614
vt 0.136897 0.676053
vt 0.136898 0.711806
vt 0.136899 0.748187
vt 0.136899 0.783232
vt 0.136900 0.815349
vt 0.136901 0.843661
vt 0.183128 0.329584
vt 0.183131 0.343544
vt 0.183131 0.361002
vt 0.183131 0.381594
vt 0.183156 0.405486
vt 0.182228 0.611376
vt 0.182229 0.642613
vt 0.182229 0.676052
vt 0.182230 0.711805
vt 0.182231 0.748186
vt 0.182231 0.783231
vt 0.182232 0.815348
vt 0.182232 0.843630
vt 0.213197 0.329568
vt 0.213197 0.343544
vt 0.213197 0.361002
vt 0.213197 0.381594
vt 0.213210 0.405441
vt 0.227763 0.611354
vt 0.227764 0.642612
vt 0.227765 0.676051
vt 0.227765 0.711804
vt 0.227766 0.748185
vt 0.227767 0.783230
vt 0.227767 0.815348
vt 0.227768 0.843663
vt 0.242570 0.329447
vt 0.242570 0.343544
vt 0.242570 0.361002
vt 0.242570 0.381594
vt 0.242598 0.405372
vt 0.272891 0.611351
vt 0.272892 0.642611
vt 0.272892 0.676050
vt 0.272893 0.711803
vt 0.272894 0.748184
vt 0.272894 0.783229
vt 0.272895 0.815347
vt 0.272895 0.843594
vt 0.271581 0.329404
vt 0.271581 0.343544
vt 0.271581 0.361002
vt 0.271581 0.381594
vt 0.271614 0.405359
vt 0.317408 0.611367
vt 0.317409 0.642610
vt 0.317409 0.676050
vt 0.317410 0.711802
vt 0.317411 0.748184
vt 0.317411 0.783228
vt 0.317412 0.815346
vt 0.317412 0.843582
vt 0.300961 0.329376
vt 0.300961 0.343544
vt 0.300961 0.361002
vt 0.300961 0.381594
vt 0.300974 0.405365
vt 0.361477 0.611365
vt 0.361478 0.642610
vt 0.361479 0.676049
vt 0.361479 0.711802
vt 0.361480 0.748183
vt 0.361481 0.783228
vt 0.361481 0.815345
vt 0.361482 0.843560
vt 0.304233 0.034551
vt 0.262325 0.034568
vt 0.220191 0.034577
vt 0.177752 0.034603
vt 0.134869 0.034617
vt 0.091965 0.034608
vt 0.262331 0.061956
vt 0.220197 0.061965
vt 0.177758 0.061975
vt 0.134875 0.061984
vt 0.091971 0.061994
vt 0.262338 0.093480
vt 0.220204 0.093489
vt 0.177765 0.093499
vt 0.134882 0.093508
vt 0.091978 0.093518
vt 0.220212 0.128104
vt 0.177772 0.128113
vt 0.134890 0.128123
vt 0.091986 0.128132
vt 0.220220 0.164127
vt 0.177780 0.164137
vt 0.134898 0.164146
vt 0.091994 0.164156
vt 0.177788 0.199345
vt 0.134906 0.199354
vt 0.092002 0.199364
vt 0.177795 0.232089
vt 0.134913 0.232099
vt 0.092009 0.232108
vt 0.134920 0.262906
vt 0.092016 0.262915
vt 0.003906 0.405543
vt 0.807239 0.405543
vt 0.003906 0.381097
vt 0.807239 0.381097
vt 0.444118 0.329445
vt 0.444121 0.343544
vt 0.444121 0.361002
vt 0.444121 0.381594
vt 0.471570 0.329541
vt 0.471584 0.343544
vt 0.471584 0.361002
vt 0.471584 0.381594
vt 0.471551 0.405459
vt 0.587624 0.262680
vt 0.587617 0.231998
vt 0.498754 0.343544
vt 0.498754 0.361002
vt 0.498754 0.381594
vt 0.498702 0.405353
vt 0.547027 0.262718
vt 0.547020 0.232007
vt 0.547013 0.199263
vt 0.547005 0.164055
vt 0.546997 0.128031
vt 0.546989 0.093417
vt 0.506911 0.164064
vt 0.506903 0.128040
vt 0.506896 0.093426
vt 0.506889 0.061902
vt 0.506883 0.034534
vt 0.033749 0.329267
vt 0.904456 0.868549
vt 0.904419 0.874014
vt 0.330412 0.314227
vt 0.330347 0.319868
vt 0.921188 0.868509
vt 0.359478 0.314227
vt 0.921213 0.874014
vt 0.359329 0.319643
vt 0.887940 0.868410
vt 0.887927 0.874014
vt 0.300960 0.314227
vt 0.300961 0.319946
vt 0.937766 0.868436
vt 0.388150 0.314227
vt 0.937809 0.874014
vt 0.388049 0.319704
vt 0.954049 0.868496
vt 0.416148 0.314227
vt 0.954064 0.874014
vt 0.416155 0.319814
vt 0.970131 0.868578
vt 0.444204 0.314227
vt 0.970193 0.874014
vt 0.444107 0.320363
vt 0.556716 0.868239
vt 0.556806 0.874014
vt 0.498903 0.314227
vt 0.498740 0.320597
vt 0.541504 0.869664
vt 0.985824 0.869664
vt 0.541504 0.874014
vt 0.471594 0.314227
vt 0.985824 0.874014
vt 0.471503 0.320940
vt 0.571396 0.867911
vt 0.525017 0.314227
vt 0.571387 0.874014
vt 0.525123 0.320129
vt 0.586027 0.867179
vt 0.551983 0.314227
vt 0.586036 0.874014
vt 0.551886 0.319733
vt 0.600618 0.867083
vt 0.578171 0.314227
vt 0.600616 0.874014
vt 0.578275 0.319448
vt 0.615211 0.867477
vt 0.605401 0.314227
vt 0.615211 0.874014
vt 0.605323 0.319390
vt 0.629826 0.867751
vt 0.633259 0.314227
vt 0.629805 0.874014
vt 0.633325 0.319783
vt 0.644624 0.868008
vt 0.661849 0.314227
vt 0.644568 0.874014
vt 0.661841 0.320405
vt 0.659822 0.868154
vt 0.690378 0.314227
vt 0.659783 0.874014
vt 0.690386 0.320179
vt 0.675371 0.868143
vt 0.718976 0.314227
vt 0.675308 0.874014
vt 0.719016 0.319832
vt 0.691397 0.867968
vt 0.747892 0.314227
vt 0.691338 0.874014
vt 0.748020 0.319545
vt 0.707888 0.867926
vt 0.777834 0.314227
vt 0.707846 0.874014
vt 0.777767 0.319389
vt 0.724707 0.867950
vt 0.807239 0.314227
vt 0.724695 0.874014
vt 0.003906 0.314227
vt 0.807239 0.318417
vt 0.003906 0.318417
vt 0.741618 0.868043
vt 0.033684 0.314227
vt 0.741640 0.874014
vt 0.033749 0.319296
vt 0.758403 0.868248
vt 0.063979 0.314227
vt 0.758411 0.874014
vt 0.063880 0.319734
vt 0.775175 0.868418
vt 0.093482 0.314227
vt 0.775121 0.874014
vt 0.093413 0.320292
vt 0.792229 0.868275
vt 0.123238 0.314227
vt 0.792265 0.874014
vt 0.122642 0.320824
vt 0.809001 0.868035
vt 0.153172 0.314227
vt 0.809120 0.874014
vt 0.152964 0.320875
vt 0.824973 0.867997
vt 0.183094 0.314227
vt 0.825027 0.874014
vt 0.183113 0.321195
vt 0.840484 0.867957
vt 0.213310 0.314227
vt 0.840498 0.874014
vt 0.213197 0.321102
vt 0.855898 0.868023
vt 0.242623 0.314227
vt 0.855857 0.874014
vt 0.242570 0.320372
vt 0.871630 0.868157
vt 0.871542 0.874014
vt 0.271511 0.314227
vt 0.271581 0.320115
vt 0.315712 0.447439
vt 0.316584 0.441570
vt 0.970193 0.570019
vt 0.970131 0.576767
vt 0.345102 0.446854
vt 0.345097 0.441570
vt 0.954064 0.570019
vt 0.954048 0.576532
vt 0.286980 0.447866
vt 0.985824 0.570019
vt 0.287943 0.441570
vt 0.541504 0.570019
vt 0.541504 0.575928
vt 0.985824 0.575928
vt 0.373975 0.446633
vt 0.373366 0.441570
vt 0.937809 0.570019
vt 0.937766 0.576329
vt 0.400632 0.446432
vt 0.400833 0.441570
vt 0.921213 0.570019
vt 0.921188 0.576252
vt 0.427786 0.446481
vt 0.428387 0.441570
vt 0.904419 0.570019
vt 0.904456 0.576152
vt 0.481862 0.447212
vt 0.482392 0.441570
vt 0.871542 0.570019
vt 0.871630 0.576170
vt 0.454155 0.446770
vt 0.455283 0.441570
vt 0.887927 0.570019
vt 0.887940 0.576090
vt 0.512206 0.447205
vt 0.512898 0.441570
vt 0.855857 0.570019
vt 0.855898 0.576467
vt 0.540590 0.446943
vt 0.540803 0.441570
vt 0.840498 0.570019
vt 0.840484 0.576725
vt 0.567370 0.446982
vt 0.567325 0.441570
vt 0.825027 0.570019
vt 0.824973 0.576720
vt 0.594359 0.447017
vt 0.594499 0.441570
vt 0.809120 0.570019
vt 0.809001 0.576606
vt 0.622247 0.447198
vt 0.622310 0.441570
vt 0.792265 0.570019
vt 0.792229 0.576470
vt 0.650049 0.447626
vt 0.649914 0.441570
vt 0.775121 0.570019
vt 0.775175 0.576360
vt 0.678470 0.447626
vt 0.678115 0.441570
vt 0.758411 0.570019
vt 0.758403 0.576337
vt 0.706368 0.447249
vt 0.706537 0.441570
vt 0.741640 0.570019
vt 0.741618 0.576312
vt 0.734887 0.446886
vt 0.735164 0.441570
vt 0.724695 0.570019
vt 0.724707 0.576423
vt 0.763966 0.446749
vt 0.764400 0.441570
vt 0.707846 0.570019
vt 0.707888 0.576458
vt 0.793164 0.445866
vt 0.003906 0.445761
vt 0.793502 0.441570
vt 0.691338 0.570019
vt 0.003906 0.441570
vt 0.691397 0.576450
vt 0.032870 0.446574
vt 0.033278 0.441570
vt 0.675308 0.570019
vt 0.675371 0.576452
vt 0.062077 0.446823
vt 0.062813 0.441570
vt 0.659783 0.570019
vt 0.659822 0.576539
vt 0.091282 0.447475
vt 0.092068 0.441570
vt 0.644568 0.570019
vt 0.644624 0.576654
vt 0.120952 0.447560
vt 0.121347 0.441570
vt 0.629805 0.570019
vt 0.629826 0.576824
vt 0.149992 0.447905
vt 0.150349 0.441570
vt 0.615211 0.570019
vt 0.615211 0.576887
vt 0.177288 0.447981
vt 0.177894 0.441570
vt 0.600616 0.570019
vt 0.600618 0.577094
vt 0.205459 0.448479
vt 0.206797 0.441570
vt 0.586036 0.570019
vt 0.586027 0.577162
vt 0.230955 0.448023
vt 0.231074 0.441570
vt 0.571387 0.570019
vt 0.571396 0.577226
vt 0.258296 0.447905
vt 0.259186 0.441570
vt 0.556806 0.570019
vt 0.556716 0.577177
vt 0.330450 0.426174
vt 0.405224 0.573327
vt 0.330412 0.433656
vt 0.405134 0.581960
vt 0.448178 0.581967
vt 0.448207 0.573326
vt 0.359478 0.433656
vt 0.359894 0.426491
vt 0.301039 0.426321
vt 0.300960 0.433656
vt 0.361521 0.573328
vt 0.361477 0.581920
vt 0.405139 0.863186
vt 0.405229 0.871125
vt 0.428387 0.562207
vt 0.428083 0.553505
vt 0.448183 0.863381
vt 0.400833 0.562207
vt 0.448213 0.871125
vt 0.400615 0.554217
vt 0.361482 0.863632
vt 0.361527 0.871126
vt 0.455283 0.562207
vt 0.453982 0.552641
vt 0.490945 0.582153
vt 0.490953 0.573325
vt 0.388150 0.433656
vt 0.388137 0.427096
vt 0.490950 0.863628
vt 0.373366 0.562207
vt 0.490958 0.871124
vt 0.371896 0.554706
vt 0.533632 0.578788
vt 0.670986 0.295630
vt 0.533632 0.573325
vt 0.416148 0.433656
vt 0.670987 0.301177
vt 0.416088 0.427314
vt 0.533637 0.865277
vt 0.670923 0.013928
vt 0.345097 0.562207
vt 0.533637 0.871123
vt 0.670922 0.008405
vt 0.344839 0.555018
vt 0.628958 0.292238
vt 0.628859 0.301187
vt 0.444204 0.433656
vt 0.443906 0.427234
vt 0.628897 0.015647
vt 0.316584 0.562207
vt 0.628794 0.008414
vt 0.316568 0.555410
vt 0.587630 0.292271
vt 0.587539 0.301196
vt 0.471594 0.433656
vt 0.471386 0.426884
vt 0.587569 0.015553
vt 0.287943 0.562207
vt 0.587474 0.008423
vt 0.287891 0.555545
vt 0.546972 0.015462
vt 0.259186 0.562207
vt 0.546900 0.008432
vt 0.259022 0.555346
vt 0.506878 0.015294
vt 0.231074 0.562207
vt 0.506890 0.008441
vt 0.231278 0.555233
vt 0.466821 0.015183
vt 0.206797 0.562207
vt 0.466775 0.008450
vt 0.205471 0.555554
vt 0.033791 0.424410
vt 0.048993 0.301315
vt 0.033684 0.433656
vt 0.048920 0.293214
vt 0.003906 0.425001
vt 0.807239 0.425001
vt 0.003906 0.433656
vt 0.092047 0.301306
vt 0.807239 0.433656
vt 0.092022 0.293131
vt 0.005368 0.296993
vt 0.004890 0.577600
vt 0.005369 0.301325
vt 0.063979 0.433656
vt 0.004890 0.573334
vt 0.064135 0.425256
vt 0.048858 0.015279
vt 0.048928 0.008543
vt 0.706537 0.562207
vt 0.706562 0.553613
vt 0.005305 0.013300
vt 0.004895 0.866108
vt 0.678115 0.562207
vt 0.005304 0.008553
vt 0.004895 0.871133
vt 0.678142 0.553847
vt 0.091961 0.015280
vt 0.091982 0.008533
vt 0.735164 0.562207
vt 0.735240 0.553377
vt 0.048339 0.581452
vt 0.048291 0.573334
vt 0.093482 0.433656
vt 0.093595 0.425395
vt 0.048344 0.863954
vt 0.649914 0.562207
vt 0.048297 0.871132
vt 0.649850 0.554171
vt 0.092196 0.864087
vt 0.622310 0.562207
vt 0.092076 0.871131
vt 0.621282 0.554449
vt 0.136901 0.864213
vt 0.594499 0.562207
vt 0.136822 0.871130
vt 0.593398 0.554653
vt 0.182233 0.864034
vt 0.567325 0.562207
vt 0.182202 0.871130
vt 0.567006 0.554758
vt 0.426960 0.015097
vt 0.177894 0.562207
vt 0.427022 0.008459
vt 0.177895 0.555671
vt 0.386714 0.015076
vt 0.150349 0.562207
vt 0.386764 0.008468
vt 0.149903 0.555560
vt 0.345950 0.015163
vt 0.121347 0.562207
vt 0.346099 0.008477
vt 0.121442 0.555157
vt 0.304229 0.015174
vt 0.092068 0.562207
vt 0.304228 0.008486
vt 0.092354 0.554529
vt 0.506940 0.292666
vt 0.525017 0.433656
vt 0.506955 0.301214
vt 0.525075 0.425432
vt 0.498445 0.426251
vt 0.498903 0.433656
vt 0.546965 0.301205
vt 0.547033 0.292456
vt 0.466883 0.292495
vt 0.466840 0.301223
vt 0.551983 0.433656
vt 0.551886 0.426010
vt 0.427022 0.292277
vt 0.427087 0.301231
vt 0.578171 0.433656
vt 0.578301 0.426799
vt 0.386776 0.292147
vt 0.386829 0.301240
vt 0.605401 0.433656
vt 0.605480 0.427108
vt 0.346012 0.292363
vt 0.346164 0.301249
vt 0.633259 0.433656
vt 0.633351 0.426951
vt 0.304291 0.292494
vt 0.304293 0.301259
vt 0.661849 0.433656
vt 0.661841 0.426562
vt 0.262382 0.292559
vt 0.262416 0.301268
vt 0.690378 0.433656
vt 0.690386 0.426137
vt 0.220248 0.292772
vt 0.220284 0.301277
vt 0.718976 0.433656
vt 0.718991 0.425590
vt 0.177809 0.293042
vt 0.177881 0.301287
vt 0.747892 0.433656
vt 0.747871 0.425605
vt 0.134927 0.293130
vt 0.134917 0.301296
vt 0.777834 0.433656
vt 0.777742 0.424823
vt 0.092191 0.581655
vt 0.092070 0.573333
vt 0.123238 0.433656
vt 0.123495 0.425919
vt 0.136896 0.581793
vt 0.136816 0.573332
vt 0.153172 0.433656
vt 0.153234 0.426522
vt 0.182228 0.581969
vt 0.182197 0.573331
vt 0.183094 0.433656
vt 0.183281 0.427052
vt 0.227763 0.581838
vt 0.227822 0.573330
vt 0.213310 0.433656
vt 0.213271 0.426780
vt 0.227768 0.864238
vt 0.540803 0.562207
vt 0.227827 0.871129
vt 0.539271 0.554631
vt 0.272891 0.581825
vt 0.272973 0.573329
vt 0.242623 0.433656
vt 0.242740 0.426363
vt 0.272896 0.863829
vt 0.512898 0.562207
vt 0.272979 0.871128
vt 0.512346 0.554356
vt 0.317408 0.581928
vt 0.317461 0.573329
vt 0.271511 0.433656
vt 0.271774 0.426286
vt 0.317413 0.863759
vt 0.317466 0.871127
vt 0.482392 0.562207
vt 0.482596 0.552898
vt 0.262321 0.015224
vt 0.062813 0.562207
vt 0.262351 0.008495
vt 0.063046 0.553350
vt 0.220187 0.015232
vt 0.033278 0.562207
vt 0.220219 0.008505
vt 0.033413 0.550892
vt 0.177747 0.015342
vt 0.003906 0.562207
vt 0.177816 0.008514
vt 0.793502 0.562207
vt 0.793502 0.549774
vt 0.003906 0.549774
vt 0.134865 0.015378
vt 0.134852 0.008524
vt 0.764400 0.562207
vt 0.764384 0.552123
vt 0.912816 0.739089
vt 0.896173 0.739088
vt 0.912816 0.763370
vt 0.896173 0.763370
vt 0.912816 0.787240
vt 0.896173 0.787240
vt 0.912816 0.809605
vt 0.896173 0.809605
vt 0.912816 0.829574
vt 0.896173 0.829574
vt 0.912816 0.847295
vt 0.896173 0.847295
vt 0.929511 0.739089
vt 0.929511 0.763370
vt 0.929511 0.787240
vt 0.929511 0.809605
vt 0.929511 0.829574
vt 0.929511 0.847295
vt 0.945937 0.809605
vt 0.945936 0.829574
vt 0.945936 0.847295
vt 0.549155 0.847295
vt 0.564097 0.847295
vt 0.578712 0.847295
vt 0.593326 0.847295
vt 0.607914 0.847295
vt 0.622508 0.847295
vt 0.637187 0.847295
vt 0.652175 0.847295
vt 0.667545 0.847295
vt 0.683323 0.847295
vt 0.699592 0.847295
vt 0.549155 0.829574
vt 0.564097 0.829574
vt 0.578712 0.829574
vt 0.593326 0.829574
vt 0.607914 0.829574
vt 0.622508 0.829574
vt 0.637187 0.829574
vt 0.652175 0.829574
vt 0.667545 0.829574
vt 0.683323 0.829574
vt 0.549155 0.809605
vt 0.564097 0.809605
vt 0.578712 0.809605
vt 0.593326 0.809605
vt 0.607914 0.809605
vt 0.622508 0.809605
vt 0.637187 0.809605
vt 0.652175 0.809605
vt 0.667545 0.809605
vt 0.683323 0.809605
vt 0.564097 0.787240
vt 0.549155 0.787240
vt 0.578712 0.787240
vt 0.593326 0.787240
vt 0.607914 0.787240
vt 0.622508 0.787240
vt 0.637187 0.787240
vt 0.652175 0.787240
vt 0.667545 0.787240
vt 0.564097 0.763370
vt 0.549155 0.763370
vt 0.578712 0.763370
vt 0.593326 0.763370
vt 0.607914 0.763370
vt 0.622508 0.763370
vt 0.637187 0.763370
vt 0.652175 0.763370
vt 0.564097 0.739089
vt 0.549155 0.739088
vt 0.578712 0.739089
vt 0.593326 0.739089
vt 0.607914 0.739089
vt 0.622508 0.739089
vt 0.637187 0.739089
vt 0.783693 0.829574
vt 0.766766 0.829574
vt 0.766766 0.847295
vt 0.783693 0.847295
vt 0.800692 0.787240
vt 0.783693 0.787240
vt 0.783693 0.809605
vt 0.800692 0.809605
vt 0.800692 0.829574
vt 0.800692 0.847295
vt 0.817073 0.787240
vt 0.817073 0.763370
vt 0.800692 0.763370
vt 0.817073 0.809605
vt 0.817073 0.829574
vt 0.817073 0.847295
vt 0.817073 0.739088
vt 0.832763 0.739089
vt 0.832763 0.763370
vt 0.832763 0.787240
vt 0.832763 0.809605
vt 0.832763 0.829574
vt 0.832763 0.847295
vt 0.848178 0.739089
vt 0.848178 0.763370
vt 0.848178 0.787240
vt 0.848178 0.809605
vt 0.848178 0.829574
vt 0.848178 0.847295
vt 0.863700 0.739089
vt 0.863700 0.763370
vt 0.863700 0.787240
vt 0.863700 0.809605
vt 0.863700 0.829574
vt 0.863700 0.847295
vt 0.879735 0.739089
vt 0.879735 0.763370
vt 0.879735 0.787240
vt 0.879735 0.809605
vt 0.879735 0.829574
vt 0.879735 0.847295
vt 0.945936 0.739089
vt 0.945936 0.763370
vt 0.945936 0.787240
vt 0.962129 0.739089
vt 0.962129 0.763370
vt 0.962129 0.787240
vt 0.962129 0.809605
vt 0.962129 0.829574
vt 0.962129 0.847295
vt 0.978009 0.739089
vt 0.978009 0.763370
vt 0.978009 0.787240
vt 0.978009 0.809605
vt 0.978009 0.829574
vt 0.978009 0.847295
vt 0.652175 0.739089
vt 0.667545 0.763370
vt 0.667545 0.739089
vt 0.683323 0.763370
vt 0.683323 0.787240
vt 0.699592 0.809605
vt 0.699592 0.829574
vt 0.716271 0.847295
vt 0.683323 0.739089
vt 0.699592 0.739089
vt 0.699592 0.763370
vt 0.699592 0.787240
vt 0.716271 0.739089
vt 0.716271 0.763370
vt 0.716271 0.787240
vt 0.716271 0.809605
vt 0.716271 0.829574
vt 0.733168 0.739089
vt 0.733168 0.763370
vt 0.733168 0.787240
vt 0.733168 0.809605
vt 0.733168 0.829574
vt 0.733168 0.847295
vt 0.750025 0.739089
vt 0.750025 0.763370
vt 0.750025 0.787240
vt 0.750025 0.809605
vt 0.750025 0.829574
vt 0.750025 0.847295
vt 0.766766 0.739089
vt 0.766766 0.763370
vt 0.766766 0.787240
vt 0.766766 0.809605
vt 0.783693 0.739089
vt 0.783693 0.763370
vt 0.800692 0.739089
vt 0.912816 0.693852
vt 0.896173 0.693852
vt 0.912816 0.668965
vt 0.896173 0.668965
vt 0.912816 0.644688
vt 0.896173 0.644688
vt 0.912816 0.622306
vt 0.896173 0.622306
vt 0.912816 0.602064
vt 0.896173 0.602064
vt 0.929511 0.693852
vt 0.929511 0.668965
vt 0.929511 0.644688
vt 0.929511 0.622306
vt 0.929511 0.602064
vt 0.945936 0.622306
vt 0.945937 0.602064
vt 0.549155 0.602064
vt 0.564097 0.602064
vt 0.578712 0.602064
vt 0.593326 0.602064
vt 0.607914 0.602064
vt 0.622508 0.602064
vt 0.637187 0.602064
vt 0.652175 0.602064
vt 0.667545 0.602064
vt 0.683323 0.602064
vt 0.549155 0.622306
vt 0.564097 0.622306
vt 0.578712 0.622306
vt 0.593326 0.622306
vt 0.607914 0.622306
vt 0.622508 0.622306
vt 0.637187 0.622306
vt 0.652175 0.622306
vt 0.667545 0.622306
vt 0.683323 0.622306
vt 0.564097 0.644688
vt 0.549155 0.644688
vt 0.578712 0.644688
vt 0.593326 0.644688
vt 0.607914 0.644688
vt 0.622508 0.644688
vt 0.637187 0.644688
vt 0.652175 0.644688
vt 0.667545 0.644688
vt 0.564097 0.668965
vt 0.549155 0.668965
vt 0.578712 0.668965
vt 0.593326 0.668965
vt 0.607914 0.668965
vt 0.622508 0.668965
vt 0.637187 0.668965
vt 0.652175 0.668965
vt 0.564097 0.693852
vt 0.549155 0.693852
vt 0.578712 0.693852
vt 0.593326 0.693852
vt 0.607914 0.693852
vt 0.622508 0.693852
vt 0.637187 0.693852
vt 0.783693 0.602064
vt 0.766766 0.602064
vt 0.800692 0.644688
vt 0.783693 0.644688
vt 0.783693 0.622306
vt 0.800692 0.622306
vt 0.800692 0.602064
vt 0.817073 0.644688
vt 0.817073 0.668965
vt 0.800692 0.668965
vt 0.817073 0.622306
vt 0.817073 0.602064
vt 0.817073 0.693852
vt 0.832763 0.693852
vt 0.832763 0.668965
vt 0.832763 0.644688
vt 0.832763 0.622306
vt 0.832763 0.602064
vt 0.848178 0.693852
vt 0.848178 0.668965
vt 0.848178 0.644688
vt 0.848178 0.622306
vt 0.848178 0.602064
vt 0.863700 0.693852
vt 0.863700 0.668965
vt 0.863700 0.644688
vt 0.863700 0.622306
vt 0.863700 0.602064
vt 0.879735 0.693852
vt 0.879735 0.668965
vt 0.879735 0.644688
vt 0.879735 0.622306
vt 0.879735 0.602064
vt 0.945937 0.693852
vt 0.945937 0.668965
vt 0.945937 0.644688
vt 0.962129 0.693852
vt 0.962129 0.668965
vt 0.962129 0.644688
vt 0.962129 0.622306
vt 0.962129 0.602064
vt 0.978009 0.693852
vt 0.978009 0.668965
vt 0.978009 0.644688
vt 0.978009 0.622306
vt 0.978009 0.602064
vt 0.652175 0.693852
vt 0.667545 0.668965
vt 0.667545 0.693852
vt 0.683323 0.668965
vt 0.683323 0.644688
vt 0.699592 0.622306
vt 0.699592 0.602064
vt 0.683323 0.693852
vt 0.699592 0.693852
vt 0.699592 0.668965
vt 0.699592 0.644688
vt 0.716271 0.693852
vt 0.716271 0.668965
vt 0.716271 0.644688
vt 0.716271 0.622306
vt 0.716271 0.602064
vt 0.733167 0.693852
vt 0.733167 0.668965
vt 0.733167 0.644688
vt 0.733167 0.622306
vt 0.733167 0.602064
vt 0.750025 0.693852
vt 0.750025 0.668965
vt 0.750025 0.644688
vt 0.750025 0.622306
vt 0.750025 0.602064
vt 0.766766 0.693852
vt 0.766766 0.668965
vt 0.766766 0.644688
vt 0.766766 0.622306
vt 0.783693 0.693852
vt 0.783693 0.668965
vt 0.800692 0.693852
vt 0.896173 0.716572
vt 0.879735 0.716572
vt 0.863700 0.716572
vt 0.848178 0.716572
vt 0.832763 0.716572
vt 0.817073 0.716572
vt 0.800692 0.716572
vt 0.783693 0.716572
vt 0.766766 0.716572
vt 0.750025 0.716572
vt 0.733168 0.716572
vt 0.716271 0.716572
vt 0.699592 0.716572
vt 0.683323 0.716572
vt 0.667545 0.716572
vt 0.652175 0.716572
vt 0.637187 0.716572
vt 0.622508 0.716572
vt 0.607914 0.716572
vt 0.593326 0.716572
vt 0.578712 0.716572
vt 0.564097 0.716572
vt 0.549155 0.716572
vt 0.978009 0.716572
vt 0.962129 0.716572
vt 0.945936 0.716572
vt 0.929511 0.716572
vt 0.912816 0.716572
vt 0.330841 0.462854
vt 0.302263 0.462854
vt 0.330841 0.478463
vt 0.302263 0.478463
vt 0.330841 0.497294
vt 0.302263 0.497294
vt 0.330841 0.519892
vt 0.302263 0.519892
vt 0.359232 0.462854
vt 0.359232 0.478463
vt 0.359232 0.497294
vt 0.359232 0.519892
vt 0.387099 0.462854
vt 0.387099 0.478463
vt 0.387099 0.497294
vt 0.387099 0.519892
vt 0.414610 0.462854
vt 0.414610 0.478463
vt 0.414610 0.497294
vt 0.414610 0.519892
vt 0.441835 0.519892
vt 0.048045 0.478463
vt 0.018592 0.478463
vt 0.018592 0.497294
vt 0.048045 0.497294
vt 0.018592 0.519892
vt 0.048045 0.519892
vt 0.526850 0.519892
vt 0.497645 0.519892
vt 0.554064 0.519892
vt 0.580912 0.519892
vt 0.608404 0.519892
vt 0.636112 0.519892
vt 0.664014 0.519892
vt 0.692326 0.519892
vt 0.720850 0.519892
vt 0.749782 0.519892
vt 0.778951 0.519892
vt 0.526850 0.497294
vt 0.497645 0.497294
vt 0.554064 0.497294
vt 0.580912 0.497294
vt 0.608404 0.497294
vt 0.636112 0.497294
vt 0.664014 0.497294
vt 0.692326 0.497294
vt 0.720850 0.497294
vt 0.749782 0.497294
vt 0.778951 0.497294
vt 0.526850 0.478463
vt 0.497645 0.478463
vt 0.554064 0.478463
vt 0.580912 0.478463
vt 0.608404 0.478463
vt 0.636112 0.478463
vt 0.664014 0.478463
vt 0.692326 0.478463
vt 0.720850 0.478463
vt 0.749782 0.478463
vt 0.778951 0.478463
vt 0.526850 0.462854
vt 0.497645 0.462854
vt 0.554064 0.462854
vt 0.580912 0.462854
vt 0.608404 0.462854
vt 0.636112 0.462854
vt 0.664014 0.462854
vt 0.692326 0.462854
vt 0.720850 0.462854
vt 0.749782 0.462854
vt 0.778951 0.462854
vt 0.018592 0.462854
vt 0.468838 0.462854
vt 0.048045 0.462854
vt 0.077440 0.462854
vt 0.077440 0.478463
vt 0.077440 0.497294
vt 0.077440 0.519892
vt 0.106707 0.462854
vt 0.106707 0.478463
vt 0.106707 0.497294
vt 0.106707 0.519892
vt 0.135848 0.462854
vt 0.135848 0.478463
vt 0.135848 0.497294
vt 0.135848 0.519892
vt 0.164122 0.462854
vt 0.164122 0.478463
vt 0.164122 0.497294
vt 0.164122 0.519892
vt 0.192345 0.462854
vt 0.192345 0.478463
vt 0.192345 0.497294
vt 0.192345 0.519892
vt 0.218936 0.462854
vt 0.218936 0.478463
vt 0.218936 0.497294
vt 0.218936 0.519892
vt 0.245130 0.462854
vt 0.245130 0.478463
vt 0.245130 0.497294
vt 0.245130 0.519892
vt 0.273564 0.462854
vt 0.273564 0.478463
vt 0.273564 0.497294
vt 0.273564 0.519892
vt 0.441835 0.462854
vt 0.441835 0.478463
vt 0.441835 0.497294
vt 0.468838 0.478463
vt 0.468838 0.497294
vt 0.468838 0.519892
vt 0.344945 0.335950
vt 0.315686 0.335950
vt 0.344945 0.351896
vt 0.315686 0.351896
vt 0.344945 0.370862
vt 0.315686 0.370862
vt 0.344945 0.393320
vt 0.315686 0.393320
vt 0.426717 0.626976
vt 0.383374 0.626976
vt 0.426717 0.658987
vt 0.383374 0.658987
vt 0.426718 0.693728
vt 0.383375 0.693729
vt 0.426719 0.730036
vt 0.383376 0.730037
vt 0.426719 0.765984
vt 0.383376 0.765985
vt 0.426720 0.799692
vt 0.383377 0.799693
vt 0.426720 0.830146
vt 0.383377 0.830147
vt 0.373814 0.335950
vt 0.373814 0.351896
vt 0.373814 0.370862
vt 0.373814 0.393320
vt 0.469581 0.626975
vt 0.469582 0.658986
vt 0.469582 0.693727
vt 0.469583 0.730035
vt 0.469584 0.765983
vt 0.469584 0.799691
vt 0.469585 0.830145
vt 0.402149 0.335950
vt 0.402149 0.351896
vt 0.402149 0.370862
vt 0.402149 0.393320
vt 0.512293 0.626974
vt 0.512294 0.658985
vt 0.512295 0.693727
vt 0.512295 0.730034
vt 0.512296 0.765982
vt 0.512296 0.799690
vt 0.512297 0.830144
vt 0.430176 0.335950
vt 0.430176 0.351896
vt 0.430176 0.370862
vt 0.430176 0.393320
vt 0.649911 0.247275
vt 0.649904 0.215961
vt 0.649897 0.181857
vt 0.649889 0.145983
vt 0.649881 0.110405
vt 0.649873 0.077196
vt 0.649867 0.047474
vt 0.457899 0.393320
vt 0.608187 0.247284
vt 0.608180 0.215970
vt 0.608173 0.181867
vt 0.608165 0.145992
vt 0.608157 0.110414
vt 0.608149 0.077205
vt 0.608143 0.047483
vt 0.567225 0.181876
vt 0.567233 0.215979
vt 0.567217 0.146001
vt 0.567209 0.110423
vt 0.567202 0.077214
vt 0.567196 0.047492
vt 0.526904 0.047501
vt 0.526910 0.077223
vt 0.048832 0.351896
vt 0.018795 0.351896
vt 0.018795 0.370862
vt 0.048832 0.370862
vt 0.018795 0.393320
vt 0.048832 0.393320
vt 0.070508 0.247404
vt 0.027169 0.247413
vt 0.070501 0.216090
vt 0.027162 0.216099
vt 0.070494 0.181986
vt 0.027154 0.181996
vt 0.027146 0.146121
vt 0.070486 0.146112
vt 0.027139 0.110543
vt 0.070478 0.110534
vt 0.027131 0.077334
vt 0.070470 0.077325
vt 0.027125 0.047612
vt 0.070464 0.047602
vt 0.026592 0.626983
vt 0.026592 0.658994
vt 0.026593 0.693736
vt 0.026593 0.730043
vt 0.026594 0.765991
vt 0.026595 0.799699
vt 0.026595 0.830153
vt 0.070182 0.658993
vt 0.070183 0.693735
vt 0.070184 0.730042
vt 0.070184 0.765990
vt 0.070185 0.799698
vt 0.070186 0.830153
vt 0.114447 0.765990
vt 0.114447 0.799698
vt 0.114448 0.830152
vt 0.446907 0.047519
vt 0.486841 0.047510
vt 0.406901 0.047528
vt 0.366440 0.047537
vt 0.325173 0.047546
vt 0.446913 0.077241
vt 0.486848 0.077232
vt 0.406908 0.077250
vt 0.366447 0.077259
vt 0.325179 0.077268
vt 0.283298 0.047555
vt 0.283305 0.077277
vt 0.446921 0.110450
vt 0.486855 0.110441
vt 0.406915 0.110459
vt 0.366454 0.110468
vt 0.325187 0.110477
vt 0.283312 0.110486
vt 0.446929 0.146028
vt 0.486863 0.146019
vt 0.406923 0.146037
vt 0.366462 0.146046
vt 0.325194 0.146055
vt 0.283320 0.146064
vt 0.241308 0.110496
vt 0.241316 0.146074
vt 0.446937 0.181902
vt 0.486871 0.181893
vt 0.406931 0.181911
vt 0.366470 0.181920
vt 0.325202 0.181929
vt 0.283328 0.181939
vt 0.241324 0.181948
vt 0.526941 0.215988
vt 0.526933 0.181885
vt 0.486878 0.215997
vt 0.446944 0.216006
vt 0.406939 0.216015
vt 0.366478 0.216024
vt 0.325210 0.216033
vt 0.283336 0.216042
vt 0.241331 0.216052
vt 0.199056 0.181957
vt 0.199064 0.216061
vt 0.526948 0.247302
vt 0.486885 0.247311
vt 0.446951 0.247320
vt 0.406946 0.247329
vt 0.366485 0.247338
vt 0.325217 0.247347
vt 0.283343 0.247357
vt 0.241338 0.247366
vt 0.199071 0.247375
vt 0.156387 0.247385
vt 0.538500 0.393320
vt 0.511960 0.393320
vt 0.565077 0.393320
vt 0.591786 0.393320
vt 0.619330 0.393320
vt 0.647554 0.393320
vt 0.676113 0.393320
vt 0.704677 0.393320
vt 0.733434 0.393320
vt 0.762863 0.393320
vt 0.792537 0.393320
vt 0.538500 0.370862
vt 0.511960 0.370862
vt 0.565077 0.370862
vt 0.591786 0.370862
vt 0.619330 0.370862
vt 0.647554 0.370862
vt 0.676113 0.370862
vt 0.704677 0.370862
vt 0.733434 0.370862
vt 0.762863 0.370862
vt 0.792537 0.370862
vt 0.538500 0.351896
vt 0.511960 0.351896
vt 0.565077 0.351896
vt 0.591786 0.351896
vt 0.619330 0.351896
vt 0.647554 0.351896
vt 0.676113 0.351896
vt 0.704677 0.351896
vt 0.733434 0.351896
vt 0.762863 0.351896
vt 0.792537 0.351896
vt 0.538500 0.335950
vt 0.511960 0.335950
vt 0.565077 0.335950
vt 0.591786 0.335950
vt 0.619330 0.335950
vt 0.647554 0.335950
vt 0.676113 0.335950
vt 0.704677 0.335950
vt 0.733434 0.335950
vt 0.762863 0.335950
vt 0.792537 0.335950
vt 0.018795 0.335950
vt 0.485249 0.335950
vt 0.048832 0.335950
vt 0.078730 0.335950
vt 0.078730 0.351896
vt 0.078730 0.370862
vt 0.078730 0.393320
vt 0.108360 0.335950
vt 0.108360 0.351896
vt 0.108360 0.370862
vt 0.108360 0.393320
vt 0.070182 0.626982
vt 0.138205 0.335950
vt 0.138205 0.351896
vt 0.138205 0.370862
vt 0.138205 0.393320
vt 0.114444 0.626981
vt 0.114445 0.658992
vt 0.114445 0.693734
vt 0.114446 0.730042
vt 0.168133 0.335950
vt 0.168133 0.351896
vt 0.168133 0.370862
vt 0.168133 0.393320
vt 0.159508 0.626981
vt 0.159508 0.658992
vt 0.159509 0.693733
vt 0.159509 0.730041
vt 0.159510 0.765989
vt 0.159511 0.799697
vt 0.159511 0.830151
vt 0.198202 0.335950
vt 0.198202 0.351896
vt 0.198202 0.370862
vt 0.198202 0.393320
vt 0.205010 0.626980
vt 0.205011 0.658991
vt 0.205012 0.693732
vt 0.205012 0.730040
vt 0.205013 0.765988
vt 0.205014 0.799696
vt 0.205014 0.830150
vt 0.227966 0.335950
vt 0.227966 0.351896
vt 0.227966 0.370862
vt 0.227966 0.393320
vt 0.250399 0.626979
vt 0.250399 0.658990
vt 0.250400 0.693731
vt 0.250401 0.730039
vt 0.250401 0.765987
vt 0.250402 0.799695
vt 0.250402 0.830149
vt 0.257067 0.335950
vt 0.257067 0.351896
vt 0.257067 0.370862
vt 0.257067 0.393320
vt 0.295218 0.626978
vt 0.295219 0.658989
vt 0.295219 0.693731
vt 0.295220 0.730038
vt 0.295221 0.765986
vt 0.295221 0.799694
vt 0.295222 0.830148
vt 0.286236 0.335950
vt 0.286236 0.351896
vt 0.286236 0.370862
vt 0.286236 0.393320
vt 0.339492 0.626977
vt 0.339493 0.658988
vt 0.339493 0.693730
vt 0.339494 0.730038
vt 0.339495 0.765986
vt 0.339495 0.799693
vt 0.339496 0.830148
vt 0.241294 0.047564
vt 0.199026 0.047574
vt 0.156343 0.047583
vt 0.113426 0.047593
vt 0.241300 0.077287
vt 0.199033 0.077296
vt 0.156349 0.077306
vt 0.113432 0.077315
vt 0.199040 0.110505
vt 0.156357 0.110515
vt 0.113440 0.110524
vt 0.199048 0.146083
vt 0.156364 0.146093
vt 0.113448 0.146102
vt 0.156372 0.181967
vt 0.113456 0.181976
vt 0.156380 0.216071
vt 0.113463 0.216080
vt 0.113470 0.247394
vt 0.457899 0.335950
vt 0.457899 0.351896
vt 0.457899 0.370862
vt 0.485249 0.351896
vt 0.485249 0.370862
vt 0.485249 0.393320
vt 0.567240 0.247294
vt 0.526925 0.146010
vt 0.526918 0.110432
vt 0.426716 0.575878
vt 0.345152 0.431076
vt 0.027180 0.299167
vt 0.048945 0.430151
vt 0.511831 0.430731
vt 0.526959 0.298710
vt 0.912816 0.862723
vt 0.896173 0.862695
vt 0.929511 0.862670
vt 0.945936 0.862662
vt 0.549155 0.862594
vt 0.564097 0.862440
vt 0.578712 0.862049
vt 0.593326 0.861722
vt 0.607914 0.861868
vt 0.622508 0.862112
vt 0.637187 0.862284
vt 0.652175 0.862426
vt 0.667545 0.862475
vt 0.683323 0.862398
vt 0.699592 0.862314
vt 0.716271 0.862314
vt 0.766766 0.862599
vt 0.750025 0.862452
vt 0.783693 0.862613
vt 0.800692 0.862456
vt 0.817073 0.862362
vt 0.832763 0.862342
vt 0.848178 0.862346
vt 0.863700 0.862411
vt 0.879735 0.862548
vt 0.962129 0.862728
vt 0.978009 0.862717
vt 0.733168 0.862350
vt 0.330525 0.451193
vt 0.301624 0.451573
vt 0.359581 0.450920
vt 0.387306 0.450788
vt 0.414346 0.450724
vt 0.468069 0.451116
vt 0.497204 0.451285
vt 0.526743 0.451152
vt 0.554064 0.451068
vt 0.580814 0.451107
vt 0.608307 0.451158
vt 0.636112 0.451390
vt 0.664176 0.451567
vt 0.692393 0.451416
vt 0.720640 0.451139
vt 0.749514 0.450978
vt 0.778715 0.450885
vt 0.018442 0.450792
vt 0.076910 0.451220
vt 0.047657 0.450875
vt 0.106305 0.451469
vt 0.135729 0.451597
vt 0.163812 0.451724
vt 0.191785 0.451954
vt 0.218511 0.451978
vt 0.244614 0.451719
vt 0.272904 0.451716
vt 0.441263 0.450839
vt 0.344900 0.323951
vt 0.315686 0.324063
vt 0.345152 0.417019
vt 0.315709 0.416993
vt 0.426716 0.595073
vt 0.383373 0.595065
vt 0.426721 0.854773
vt 0.383378 0.854881
vt 0.373769 0.323888
vt 0.374021 0.417374
vt 0.469581 0.595141
vt 0.469585 0.854985
vt 0.402149 0.323940
vt 0.402133 0.417675
vt 0.512293 0.595237
vt 0.512298 0.854996
vt 0.430176 0.324149
vt 0.430076 0.417710
vt 0.649918 0.278950
vt 0.649862 0.023724
vt 0.457762 0.417566
vt 0.608194 0.278987
vt 0.608138 0.023680
vt 0.567190 0.023623
vt 0.526898 0.023538
vt 0.018795 0.415512
vt 0.048945 0.416094
vt 0.070515 0.279642
vt 0.027176 0.279676
vt 0.027119 0.023502
vt 0.070459 0.023500
vt 0.078844 0.416406
vt 0.026591 0.594696
vt 0.026596 0.855279
vt 0.070186 0.855293
vt 0.114448 0.855414
vt 0.159512 0.855365
vt 0.486836 0.023442
vt 0.446902 0.023381
vt 0.406896 0.023342
vt 0.366435 0.023375
vt 0.325167 0.023413
vt 0.526955 0.279219
vt 0.486892 0.279238
vt 0.446958 0.279088
vt 0.406953 0.278955
vt 0.366492 0.278996
vt 0.325224 0.279139
vt 0.283350 0.279191
vt 0.241345 0.279280
vt 0.199078 0.279462
vt 0.156394 0.279592
vt 0.511831 0.416674
vt 0.538500 0.416569
vt 0.565077 0.417129
vt 0.591786 0.417518
vt 0.619330 0.417555
vt 0.647554 0.417351
vt 0.676113 0.417083
vt 0.704677 0.416720
vt 0.733368 0.416577
vt 0.762797 0.416376
vt 0.792536 0.415676
vt 0.485213 0.324684
vt 0.511960 0.324358
vt 0.538500 0.324067
vt 0.565077 0.323834
vt 0.591716 0.323704
vt 0.619260 0.323806
vt 0.647554 0.324216
vt 0.676113 0.324364
vt 0.704677 0.324121
vt 0.733434 0.323903
vt 0.762863 0.323762
vt 0.792537 0.323648
vt 0.018795 0.323596
vt 0.078730 0.324123
vt 0.048832 0.323776
vt 0.108093 0.324520
vt 0.108464 0.416581
vt 0.070181 0.594809
vt 0.137891 0.324694
vt 0.138309 0.416983
vt 0.114444 0.594921
vt 0.168086 0.324807
vt 0.168198 0.417404
vt 0.159507 0.595040
vt 0.198202 0.324944
vt 0.198279 0.417497
vt 0.205010 0.595052
vt 0.205015 0.855394
vt 0.227966 0.324616
vt 0.228040 0.417205
vt 0.250398 0.594978
vt 0.250403 0.855331
vt 0.257067 0.324252
vt 0.257200 0.417031
vt 0.295218 0.595024
vt 0.295222 0.855131
vt 0.286236 0.324135
vt 0.286331 0.417050
vt 0.339492 0.595058
vt 0.339496 0.855116
vt 0.283293 0.023435
vt 0.241288 0.023455
vt 0.199021 0.023497
vt 0.156337 0.023564
vt 0.113420 0.023535
vt 0.113477 0.279609
vt 0.457863 0.324601
vt 0.485068 0.417249
vt 0.567247 0.279054
vt 0.330841 0.545041
vt 0.358623 0.544804
vt 0.386491 0.544553
vt 0.414610 0.544158
vt 0.441245 0.543572
vt 0.468248 0.543283
vt 0.497645 0.543987
vt 0.526246 0.544628
vt 0.553460 0.544697
vt 0.580448 0.544714
vt 0.607573 0.544601
vt 0.635744 0.544440
vt 0.664014 0.544232
vt 0.692325 0.544037
vt 0.720850 0.543927
vt 0.749782 0.543526
vt 0.778951 0.542068
vt 0.018627 0.541517
vt 0.048177 0.543000
vt 0.077637 0.544280
vt 0.106869 0.544813
vt 0.135783 0.545154
vt 0.163994 0.545326
vt 0.192022 0.545325
vt 0.218560 0.545145
vt 0.244978 0.545058
vt 0.273464 0.545205
vt 0.302263 0.545242
vt 0.896173 0.583429
vt 0.879735 0.583425
vt 0.863700 0.583558
vt 0.848178 0.583768
vt 0.832763 0.583854
vt 0.817073 0.583802
vt 0.800692 0.583714
vt 0.783693 0.583626
vt 0.766766 0.583585
vt 0.750025 0.583566
vt 0.733168 0.583597
vt 0.716271 0.583656
vt 0.699592 0.583660
vt 0.683323 0.583651
vt 0.667545 0.583681
vt 0.652175 0.583749
vt 0.637187 0.583852
vt 0.622508 0.583923
vt 0.607914 0.584015
vt 0.593326 0.584115
vt 0.578712 0.584157
vt 0.564097 0.584156
vt 0.549155 0.584158
vt 0.978009 0.584015
vt 0.962129 0.583776
vt 0.945936 0.583636
vt 0.929511 0.583544
vt 0.912816 0.583492
vt 0.896173 0.871868
vt 0.315686 0.316810
vt 0.344900 0.316697
vt 0.912816 0.871897
vt 0.879735 0.871721
vt 0.286236 0.316881
vt 0.373769 0.316634
vt 0.929511 0.871843
vt 0.402149 0.316686
vt 0.945937 0.871835
vt 0.430176 0.316895
vt 0.962129 0.871901
vt 0.549155 0.871767
vt 0.485213 0.317430
vt 0.457863 0.317347
vt 0.978009 0.871890
vt 0.511960 0.317104
vt 0.564097 0.871613
vt 0.538500 0.316813
vt 0.578712 0.871222
vt 0.565077 0.316581
vt 0.593326 0.870895
vt 0.591716 0.316450
vt 0.607914 0.871041
vt 0.619260 0.316553
vt 0.622508 0.871285
vt 0.647554 0.316962
vt 0.637187 0.871457
vt 0.676113 0.317110
vt 0.652175 0.871599
vt 0.704677 0.316867
vt 0.667545 0.871648
vt 0.733434 0.316650
vt 0.683323 0.871571
vt 0.762863 0.316508
vt 0.699592 0.871487
vt 0.792537 0.316395
vt 0.716271 0.871488
vt 0.018795 0.316342
vt 0.733167 0.871523
vt 0.048832 0.316522
vt 0.750025 0.871625
vt 0.078730 0.316869
vt 0.766766 0.871772
vt 0.108093 0.317267
vt 0.783693 0.871786
vt 0.137891 0.317440
vt 0.800692 0.871629
vt 0.168086 0.317554
vt 0.817073 0.871535
vt 0.198202 0.317690
vt 0.832763 0.871516
vt 0.227966 0.317363
vt 0.848178 0.871519
vt 0.257067 0.316998
vt 0.863700 0.871585
vt 0.330525 0.444091
vt 0.962129 0.572557
vt 0.359581 0.443818
vt 0.945936 0.572417
vt 0.978009 0.572797
vt 0.301624 0.444471
vt 0.387306 0.443686
vt 0.929511 0.572325
vt 0.414346 0.443622
vt 0.912816 0.572273
vt 0.441263 0.443736
vt 0.896173 0.572210
vt 0.497204 0.444183
vt 0.863700 0.572339
vt 0.879735 0.572206
vt 0.468069 0.444014
vt 0.526743 0.444049
vt 0.848178 0.572549
vt 0.554064 0.443966
vt 0.832763 0.572635
vt 0.580814 0.444004
vt 0.817073 0.572583
vt 0.608307 0.444055
vt 0.800692 0.572495
vt 0.636112 0.444288
vt 0.783693 0.572407
vt 0.664176 0.444465
vt 0.766766 0.572366
vt 0.692393 0.444314
vt 0.750025 0.572347
vt 0.720640 0.444037
vt 0.733168 0.572378
vt 0.749514 0.443876
vt 0.716271 0.572437
vt 0.778715 0.443783
vt 0.699592 0.572441
vt 0.018442 0.443690
vt 0.683323 0.572432
vt 0.047657 0.443773
vt 0.667545 0.572462
vt 0.076910 0.444117
vt 0.652175 0.572530
vt 0.106305 0.444366
vt 0.637187 0.572633
vt 0.135729 0.444495
vt 0.622508 0.572704
vt 0.163812 0.444622
vt 0.607914 0.572796
vt 0.191785 0.444852
vt 0.593326 0.572896
vt 0.218511 0.444876
vt 0.578712 0.572938
vt 0.244614 0.444617
vt 0.564097 0.572937
vt 0.549155 0.572939
vt 0.272904 0.444614
vt 0.315709 0.431049
vt 0.383373 0.575870
vt 0.469580 0.575946
vt 0.374021 0.431431
vt 0.383378 0.868182
vt 0.441245 0.558582
vt 0.414610 0.559168
vt 0.426721 0.868074
vt 0.339497 0.868417
vt 0.468248 0.558293
vt 0.512292 0.576043
vt 0.402133 0.431731
vt 0.386491 0.559563
vt 0.469586 0.868286
vt 0.649923 0.298441
vt 0.430076 0.431766
vt 0.358623 0.559813
vt 0.512298 0.868297
vt 0.608199 0.298478
vt 0.457762 0.431623
vt 0.330841 0.560051
vt 0.649859 0.011157
vt 0.302263 0.560252
vt 0.608135 0.011113
vt 0.273464 0.560214
vt 0.567187 0.011057
vt 0.244978 0.560067
vt 0.526895 0.010971
vt 0.218560 0.560154
vt 0.486833 0.010875
vt 0.018795 0.429569
vt 0.070520 0.299134
vt 0.026591 0.575502
vt 0.078844 0.430462
vt 0.070456 0.010933
vt 0.720850 0.558937
vt 0.692325 0.559047
vt 0.027116 0.010935
vt 0.113418 0.010968
vt 0.749782 0.558536
vt 0.070181 0.575614
vt 0.108464 0.430638
vt 0.664014 0.559242
vt 0.026596 0.868580
vt 0.635744 0.559450
vt 0.070186 0.868594
vt 0.607573 0.559610
vt 0.114449 0.868715
vt 0.580448 0.559724
vt 0.159512 0.868666
vt 0.192022 0.560335
vt 0.446899 0.010814
vt 0.163994 0.560336
vt 0.406893 0.010776
vt 0.135783 0.560164
vt 0.366432 0.010809
vt 0.106869 0.559823
vt 0.325164 0.010847
vt 0.486897 0.298729
vt 0.538500 0.430626
vt 0.567251 0.298545
vt 0.485068 0.431306
vt 0.446963 0.298579
vt 0.565077 0.431186
vt 0.406957 0.298447
vt 0.591786 0.431574
vt 0.366496 0.298487
vt 0.619330 0.431611
vt 0.325228 0.298630
vt 0.647554 0.431407
vt 0.283354 0.298683
vt 0.676113 0.431140
vt 0.241350 0.298771
vt 0.704677 0.430776
vt 0.199082 0.298954
vt 0.733368 0.430634
vt 0.156398 0.299084
vt 0.762797 0.430433
vt 0.792536 0.429733
vt 0.113482 0.299101
vt 0.114443 0.575727
vt 0.138309 0.431039
vt 0.159507 0.575845
vt 0.168198 0.431460
vt 0.205009 0.575858
vt 0.198279 0.431554
vt 0.250398 0.575783
vt 0.228040 0.431261
vt 0.553460 0.559707
vt 0.205015 0.868696
vt 0.295217 0.575830
vt 0.257200 0.431087
vt 0.526246 0.559638
vt 0.250403 0.868632
vt 0.286331 0.431107
vt 0.339491 0.575863
vt 0.497645 0.558996
vt 0.295223 0.868432
vt 0.077637 0.559290
vt 0.283290 0.010869
vt 0.048177 0.558010
vt 0.241286 0.010888
vt 0.018627 0.556526
vt 0.199018 0.010930
vt 0.778951 0.557078
vt 0.156334 0.010997
vt 0.912816 0.727383
vt 0.921188 0.739089
vt 0.912816 0.751235
vt 0.904456 0.739089
vt 0.896173 0.751235
vt 0.887940 0.739089
vt 0.896173 0.727383
vt 0.921188 0.763370
vt 0.912816 0.775402
vt 0.904456 0.763370
vt 0.896173 0.775402
vt 0.887940 0.763370
vt 0.921188 0.787240
vt 0.912816 0.798703
vt 0.904456 0.787240
vt 0.896173 0.798703
vt 0.887940 0.787240
vt 0.921188 0.809605
vt 0.912816 0.819908
vt 0.904456 0.809605
vt 0.896173 0.819908
vt 0.887940 0.809605
vt 0.921188 0.829574
vt 0.912816 0.838678
vt 0.904456 0.829574
vt 0.896173 0.838678
vt 0.887940 0.829574
vt 0.921188 0.847295
vt 0.912816 0.855338
vt 0.904456 0.847295
vt 0.896173 0.855331
vt 0.887940 0.847295
vt 0.929511 0.727383
vt 0.937766 0.739089
vt 0.929511 0.751235
vt 0.937766 0.763370
vt 0.929511 0.775402
vt 0.937766 0.787240
vt 0.929511 0.798703
vt 0.937766 0.809605
vt 0.929511 0.819908
vt 0.937766 0.829574
vt 0.929511 0.838678
vt 0.937766 0.847295
vt 0.929511 0.855325
vt 0.945936 0.798703
vt 0.954049 0.809605
vt 0.945936 0.819908
vt 0.954048 0.829574
vt 0.945936 0.838678
vt 0.954048 0.847295
vt 0.945936 0.855323
vt 0.549155 0.855306
vt 0.541504 0.847295
vt 0.985824 0.847295
vt 0.549155 0.838678
vt 0.556716 0.847295
vt 0.564097 0.838678
vt 0.571396 0.847295
vt 0.564097 0.855268
vt 0.578712 0.838678
vt 0.586027 0.847295
vt 0.578712 0.855170
vt 0.593326 0.838678
vt 0.600618 0.847295
vt 0.593326 0.855088
vt 0.607914 0.838678
vt 0.615211 0.847295
vt 0.607914 0.855124
vt 0.622508 0.838678
vt 0.629826 0.847295
vt 0.622508 0.855186
vt 0.637187 0.838678
vt 0.644624 0.847295
vt 0.637187 0.855228
vt 0.652175 0.838678
vt 0.659822 0.847295
vt 0.652175 0.855264
vt 0.667545 0.838678
vt 0.675371 0.847295
vt 0.667545 0.855276
vt 0.683323 0.838678
vt 0.691397 0.847295
vt 0.683323 0.855257
vt 0.699592 0.838678
vt 0.707888 0.847295
vt 0.699592 0.855236
vt 0.541504 0.829574
vt 0.985824 0.829574
vt 0.549155 0.819908
vt 0.556716 0.829574
vt 0.564097 0.819908
vt 0.571396 0.829574
vt 0.578712 0.819908
vt 0.586027 0.829574
vt 0.593326 0.819908
vt 0.600618 0.829574
vt 0.607914 0.819908
vt 0.615211 0.829574
vt 0.622508 0.819908
vt 0.629826 0.829574
vt 0.637187 0.819908
vt 0.644624 0.829574
vt 0.652175 0.819908
vt 0.659822 0.829574
vt 0.667545 0.819908
vt 0.675371 0.829574
vt 0.683323 0.819908
vt 0.691397 0.829574
vt 0.541504 0.809605
vt 0.985824 0.809605
vt 0.549155 0.798703
vt 0.556716 0.809605
vt 0.564097 0.798703
vt 0.571396 0.809605
vt 0.578712 0.798703
vt 0.586027 0.809605
vt 0.593326 0.798703
vt 0.600618 0.809605
vt 0.607914 0.798703
vt 0.615211 0.809605
vt 0.622508 0.798703
vt 0.629826 0.809605
vt 0.637187 0.798703
vt 0.644624 0.809605
vt 0.652175 0.798703
vt 0.659822 0.809605
vt 0.667545 0.798703
vt 0.675371 0.809605
vt 0.683323 0.798703
vt 0.691397 0.809605
vt 0.556716 0.787240
vt 0.564097 0.775402
vt 0.571396 0.787240
vt 0.541504 0.787240
vt 0.985824 0.787240
vt 0.549155 0.775402
vt 0.578712 0.775402
vt 0.586027 0.787240
vt 0.593326 0.775402
vt 0.600618 0.787240
vt 0.607914 0.775402
vt 0.615211 0.787240
vt 0.622508 0.775402
vt 0.629826 0.787240
vt 0.637187 0.775402
vt 0.644624 0.787240
vt 0.652175 0.775402
vt 0.659822 0.787240
vt 0.667545 0.775402
vt 0.675371 0.787240
vt 0.556716 0.763370
vt 0.564097 0.751235
vt 0.571396 0.763370
vt 0.541504 0.763370
vt 0.985824 0.763370
vt 0.549155 0.751235
vt 0.578712 0.751235
vt 0.586027 0.763370
vt 0.593326 0.751235
vt 0.600618 0.763370
vt 0.607914 0.751235
vt 0.615211 0.763370
vt 0.622508 0.751235
vt 0.629826 0.763370
vt 0.637187 0.751235
vt 0.644624 0.763370
vt 0.652175 0.751235
vt 0.659822 0.763370
vt 0.556716 0.739089
vt 0.564097 0.727383
vt 0.571396 0.739089
vt 0.541504 0.739089
vt 0.985824 0.739089
vt 0.549155 0.727383
vt 0.578712 0.727383
vt 0.586027 0.739089
vt 0.593326 0.727383
vt 0.600618 0.739089
vt 0.607914 0.727383
vt 0.615211 0.739089
vt 0.622508 0.727383
vt 0.629826 0.739089
vt 0.637187 0.727383
vt 0.644624 0.739089
vt 0.775175 0.829574
vt 0.783693 0.819908
vt 0.792229 0.829574
vt 0.783693 0.838678
vt 0.766766 0.838678
vt 0.758403 0.829574
vt 0.766766 0.819908
vt 0.775175 0.847295
vt 0.766766 0.855307
vt 0.758403 0.847295
vt 0.792229 0.847295
vt 0.783693 0.855311
vt 0.792229 0.787240
vt 0.800692 0.775402
vt 0.809001 0.787240
vt 0.800692 0.798703
vt 0.783693 0.798703
vt 0.775175 0.787240
vt 0.783693 0.775402
vt 0.792229 0.809605
vt 0.775175 0.809605
vt 0.809001 0.809605
vt 0.800692 0.819908
vt 0.809001 0.829574
vt 0.800692 0.838678
vt 0.809001 0.847295
vt 0.800692 0.855271
vt 0.817073 0.775402
vt 0.824973 0.787240
vt 0.817073 0.798703
vt 0.809001 0.763370
vt 0.817073 0.751235
vt 0.824973 0.763370
vt 0.792229 0.763370
vt 0.800692 0.751235
vt 0.824973 0.809605
vt 0.817073 0.819908
vt 0.824973 0.829574
vt 0.817073 0.838678
vt 0.824973 0.847295
vt 0.817073 0.855248
vt 0.824973 0.739089
vt 0.809001 0.739089
vt 0.817073 0.727383
vt 0.832763 0.727383
vt 0.840484 0.739089
vt 0.832763 0.751235
vt 0.840484 0.763370
vt 0.832763 0.775402
vt 0.840484 0.787240
vt 0.832763 0.798703
vt 0.840484 0.809605
vt 0.832763 0.819908
vt 0.840484 0.829574
vt 0.832763 0.838678
vt 0.840484 0.847295
vt 0.832763 0.855243
vt 0.848178 0.727383
vt 0.855898 0.739089
vt 0.848178 0.751235
vt 0.855898 0.763370
vt 0.848178 0.775402
vt 0.855898 0.787240
vt 0.848178 0.798703
vt 0.855898 0.809605
vt 0.848178 0.819908
vt 0.855898 0.829574
vt 0.848178 0.838678
vt 0.855898 0.847295
vt 0.848178 0.855244
vt 0.863700 0.727383
vt 0.871630 0.739089
vt 0.863700 0.751235
vt 0.871630 0.763370
vt 0.863700 0.775402
vt 0.871630 0.787240
vt 0.863700 0.798703
vt 0.871630 0.809605
vt 0.863700 0.819908
vt 0.871630 0.829574
vt 0.863700 0.838678
vt 0.871630 0.847295
vt 0.863700 0.855260
vt 0.879735 0.727383
vt 0.879735 0.751235
vt 0.879735 0.775402
vt 0.879735 0.798703
vt 0.879735 0.819908
vt 0.879735 0.838678
vt 0.879735 0.855294
vt 0.945936 0.727383
vt 0.954048 0.739089
vt 0.945936 0.751235
vt 0.954048 0.763370
vt 0.945936 0.775402
vt 0.954048 0.787240
vt 0.962129 0.727383
vt 0.970131 0.739089
vt 0.962129 0.751235
vt 0.970131 0.763370
vt 0.962129 0.775402
vt 0.970131 0.787240
vt 0.962129 0.798703
vt 0.970131 0.809605
vt 0.962129 0.819908
vt 0.970131 0.829574
vt 0.962129 0.838678
vt 0.970131 0.847295
vt 0.962129 0.855340
vt 0.978009 0.727383
vt 0.978009 0.751235
vt 0.978009 0.775402
vt 0.978009 0.798703
vt 0.978009 0.819908
vt 0.978009 0.838678
vt 0.978009 0.855337
vt 0.652175 0.727383
vt 0.659822 0.739089
vt 0.667545 0.751235
vt 0.675371 0.763370
vt 0.667545 0.727383
vt 0.675371 0.739089
vt 0.683323 0.751235
vt 0.691397 0.763370
vt 0.683323 0.775402
vt 0.691397 0.787240
vt 0.699592 0.798703
vt 0.707888 0.809605
vt 0.699592 0.819908
vt 0.707888 0.829574
vt 0.716271 0.838678
vt 0.724707 0.847295
vt 0.716271 0.855236
vt 0.683323 0.727383
vt 0.691397 0.739089
vt 0.699592 0.727383
vt 0.707888 0.739089
vt 0.699592 0.751235
vt 0.707888 0.763370
vt 0.699592 0.775402
vt 0.707888 0.787240
vt 0.716271 0.727383
vt 0.724707 0.739089
vt 0.716271 0.751235
vt 0.724707 0.763370
vt 0.716271 0.775402
vt 0.724707 0.787240
vt 0.716271 0.798703
vt 0.724707 0.809605
vt 0.716271 0.819908
vt 0.724707 0.829574
vt 0.733168 0.727383
vt 0.741618 0.739089
vt 0.733168 0.751235
vt 0.741618 0.763370
vt 0.733168 0.775402
vt 0.741618 0.787240
vt 0.733168 0.798703
vt 0.741618 0.809605
vt 0.733168 0.819908
vt 0.741618 0.829574
vt 0.733168 0.838678
vt 0.741618 0.847295
vt 0.733168 0.855245
vt 0.750025 0.727383
vt 0.758403 0.739089
vt 0.750025 0.751235
vt 0.758403 0.763370
vt 0.750025 0.775402
vt 0.758403 0.787240
vt 0.750025 0.798703
vt 0.758403 0.809605
vt 0.750025 0.819908
vt 0.750025 0.838678
vt 0.750025 0.855271
vt 0.766766 0.727383
vt 0.775175 0.739089
vt 0.766766 0.751235
vt 0.775175 0.763370
vt 0.766766 0.775402
vt 0.766766 0.798703
vt 0.783693 0.727383
vt 0.792229 0.739089
vt 0.783693 0.751235
vt 0.800692 0.727383
vt 0.904456 0.693852
vt 0.912816 0.681452
vt 0.921188 0.693852
vt 0.912816 0.705710
vt 0.896173 0.705710
vt 0.887940 0.693852
vt 0.896173 0.681452
vt 0.904456 0.668965
vt 0.912816 0.656631
vt 0.921188 0.668965
vt 0.887940 0.668965
vt 0.896173 0.656631
vt 0.904456 0.644688
vt 0.912816 0.633218
vt 0.921188 0.644688
vt 0.887940 0.644688
vt 0.896173 0.633218
vt 0.904456 0.622306
vt 0.912816 0.611928
vt 0.921188 0.622306
vt 0.887940 0.622306
vt 0.896173 0.611928
vt 0.904456 0.602064
vt 0.912816 0.592617
vt 0.921188 0.602064
vt 0.887940 0.602064
vt 0.896173 0.592602
vt 0.929511 0.681452
vt 0.937766 0.693852
vt 0.929511 0.705710
vt 0.929511 0.656631
vt 0.937766 0.668965
vt 0.929511 0.633218
vt 0.937766 0.644688
vt 0.929511 0.611928
vt 0.937766 0.622306
vt 0.929511 0.592630
vt 0.937766 0.602064
vt 0.945936 0.611928
vt 0.954048 0.622306
vt 0.945936 0.633218
vt 0.945936 0.592654
vt 0.954049 0.602064
vt 0.556716 0.602064
vt 0.549155 0.611928
vt 0.541504 0.602064
vt 0.985824 0.602064
vt 0.549155 0.592784
vt 0.564097 0.592783
vt 0.571396 0.602064
vt 0.564097 0.611928
vt 0.578712 0.592784
vt 0.586027 0.602064
vt 0.578712 0.611928
vt 0.593326 0.592773
vt 0.600618 0.602064
vt 0.593326 0.611928
vt 0.607914 0.592748
vt 0.615211 0.602064
vt 0.607914 0.611928
vt 0.622508 0.592725
vt 0.629826 0.602064
vt 0.622508 0.611928
vt 0.637187 0.592707
vt 0.644624 0.602064
vt 0.637187 0.611928
vt 0.652175 0.592682
vt 0.659822 0.602064
vt 0.652175 0.611928
vt 0.667545 0.592665
vt 0.675371 0.602064
vt 0.667545 0.611928
vt 0.683323 0.592657
vt 0.691397 0.602064
vt 0.683323 0.611928
vt 0.556716 0.622306
vt 0.549155 0.633218
vt 0.541504 0.622306
vt 0.985824 0.622306
vt 0.571396 0.622306
vt 0.564097 0.633218
vt 0.586027 0.622306
vt 0.578712 0.633218
vt 0.600618 0.622306
vt 0.593326 0.633218
vt 0.615211 0.622306
vt 0.607914 0.633218
vt 0.629826 0.622306
vt 0.622508 0.633218
vt 0.644624 0.622306
vt 0.637187 0.633218
vt 0.659822 0.622306
vt 0.652175 0.633218
vt 0.675371 0.622306
vt 0.667545 0.633218
vt 0.691397 0.622306
vt 0.683323 0.633218
vt 0.571396 0.644688
vt 0.564097 0.656631
vt 0.556716 0.644688
vt 0.549155 0.656631
vt 0.541504 0.644688
vt 0.985824 0.644688
vt 0.586027 0.644688
vt 0.578712 0.656631
vt 0.600618 0.644688
vt 0.593326 0.656631
vt 0.615211 0.644688
vt 0.607914 0.656631
vt 0.629826 0.644688
vt 0.622508 0.656631
vt 0.644624 0.644688
vt 0.637187 0.656631
vt 0.659822 0.644688
vt 0.652175 0.656631
vt 0.675371 0.644688
vt 0.667545 0.656631
vt 0.571396 0.668965
vt 0.564097 0.681452
vt 0.556716 0.668965
vt 0.549155 0.681452
vt 0.541504 0.668965
vt 0.985824 0.668965
vt 0.586027 0.668965
vt 0.578712 0.681452
vt 0.600618 0.668965
vt 0.593326 0.681452
vt 0.615211 0.668965
vt 0.607914 0.681452
vt 0.629826 0.668965
vt 0.622508 0.681452
vt 0.644624 0.668965
vt 0.637187 0.681452
vt 0.659822 0.668965
vt 0.652175 0.681452
vt 0.571396 0.693852
vt 0.564097 0.705710
vt 0.556716 0.693852
vt 0.549155 0.705710
vt 0.541504 0.693852
vt 0.985824 0.693852
vt 0.586027 0.693852
vt 0.578712 0.705710
vt 0.600618 0.693852
vt 0.593326 0.705710
vt 0.615211 0.693852
vt 0.607914 0.705710
vt 0.629826 0.693852
vt 0.622508 0.705710
vt 0.644624 0.693852
vt 0.637187 0.705710
vt 0.783693 0.592651
vt 0.792229 0.602064
vt 0.783693 0.611928
vt 0.775175 0.602064
vt 0.766766 0.611928
vt 0.758403 0.602064
vt 0.766766 0.592641
vt 0.800692 0.633218
vt 0.809001 0.644688
vt 0.800692 0.656631
vt 0.792229 0.644688
vt 0.783693 0.656631
vt 0.775175 0.644688
vt 0.783693 0.633218
vt 0.775175 0.622306
vt 0.792229 0.622306
vt 0.800692 0.611928
vt 0.809001 0.622306
vt 0.800692 0.592673
vt 0.809001 0.602064
vt 0.817073 0.633218
vt 0.824973 0.644688
vt 0.817073 0.656631
vt 0.824973 0.668965
vt 0.817073 0.681452
vt 0.809001 0.668965
vt 0.800692 0.681452
vt 0.792229 0.668965
vt 0.817073 0.611928
vt 0.824973 0.622306
vt 0.817073 0.592695
vt 0.824973 0.602064
vt 0.817073 0.705710
vt 0.809001 0.693852
vt 0.824973 0.693852
vt 0.832763 0.681452
vt 0.840484 0.693852
vt 0.832763 0.705710
vt 0.832763 0.656631
vt 0.840484 0.668965
vt 0.832763 0.633218
vt 0.840484 0.644688
vt 0.832763 0.611928
vt 0.840484 0.622306
vt 0.832763 0.592708
vt 0.840484 0.602064
vt 0.848178 0.681452
vt 0.855898 0.693852
vt 0.848178 0.705710
vt 0.848178 0.656631
vt 0.855898 0.668965
vt 0.848178 0.633218
vt 0.855898 0.644688
vt 0.848178 0.611928
vt 0.855898 0.622306
vt 0.848178 0.592686
vt 0.855898 0.602064
vt 0.863700 0.681452
vt 0.871630 0.693852
vt 0.863700 0.705710
vt 0.863700 0.656631
vt 0.871630 0.668965
vt 0.863700 0.633218
vt 0.871630 0.644688
vt 0.863700 0.611928
vt 0.871630 0.622306
vt 0.863700 0.592634
vt 0.871630 0.602064
vt 0.879735 0.681452
vt 0.879735 0.705710
vt 0.879735 0.656631
vt 0.879735 0.633218
vt 0.879735 0.611928
vt 0.879735 0.592601
vt 0.945936 0.681452
vt 0.954049 0.693852
vt 0.945936 0.705710
vt 0.945936 0.656631
vt 0.954049 0.668965
vt 0.954049 0.644688
vt 0.962129 0.681452
vt 0.970131 0.693852
vt 0.962129 0.705710
vt 0.962129 0.656631
vt 0.970131 0.668965
vt 0.962129 0.633218
vt 0.970131 0.644688
vt 0.962129 0.611928
vt 0.970131 0.622306
vt 0.962129 0.592688
vt 0.970131 0.602064
vt 0.978009 0.681452
vt 0.978009 0.705710
vt 0.978009 0.656631
vt 0.978009 0.633218
vt 0.978009 0.611928
vt 0.978009 0.592748
vt 0.659822 0.693852
vt 0.652175 0.705710
vt 0.675371 0.668965
vt 0.667545 0.681452
vt 0.675371 0.693852
vt 0.667545 0.705710
vt 0.683323 0.656631
vt 0.691397 0.668965
vt 0.683323 0.681452
vt 0.691397 0.644688
vt 0.699592 0.611928
vt 0.707888 0.622306
vt 0.699592 0.633218
vt 0.699592 0.592659
vt 0.707888 0.602064
vt 0.691397 0.693852
vt 0.683323 0.705710
vt 0.699592 0.681452
vt 0.707888 0.693852
vt 0.699592 0.705710
vt 0.699592 0.656631
vt 0.707888 0.668965
vt 0.707888 0.644688
vt 0.716271 0.681452
vt 0.724707 0.693852
vt 0.716271 0.705710
vt 0.716271 0.656631
vt 0.724707 0.668965
vt 0.716271 0.633218
vt 0.724707 0.644688
vt 0.716271 0.611928
vt 0.724707 0.622306
vt 0.716271 0.592658
vt 0.724707 0.602064
vt 0.733167 0.681452
vt 0.741618 0.693852
vt 0.733168 0.705710
vt 0.733167 0.656631
vt 0.741618 0.668965
vt 0.733167 0.633218
vt 0.741618 0.644688
vt 0.733167 0.611928
vt 0.741618 0.622306
vt 0.733168 0.592644
vt 0.741618 0.602064
vt 0.750025 0.681452
vt 0.758403 0.693852
vt 0.750025 0.705710
vt 0.750025 0.656631
vt 0.758403 0.668965
vt 0.750025 0.633218
vt 0.758403 0.644688
vt 0.750025 0.611928
vt 0.758403 0.622306
vt 0.750025 0.592636
vt 0.766766 0.681452
vt 0.775175 0.693852
vt 0.766766 0.705710
vt 0.766766 0.656631
vt 0.775175 0.668965
vt 0.766766 0.633218
vt 0.783693 0.681452
vt 0.792229 0.693852
vt 0.783693 0.705710
vt 0.800692 0.705710
vt 0.887940 0.716572
vt 0.904456 0.716572
vt 0.871630 0.716572
vt 0.855898 0.716572
vt 0.840484 0.716572
vt 0.824973 0.716572
vt 0.809001 0.716572
vt 0.792229 0.716572
vt 0.775175 0.716572
vt 0.758403 0.716572
vt 0.741618 0.716572
vt 0.724707 0.716572
vt 0.707888 0.716572
vt 0.691397 0.716572
vt 0.675371 0.716572
vt 0.659822 0.716572
vt 0.644624 0.716572
vt 0.629826 0.716572
vt 0.615211 0.716572
vt 0.600618 0.716572
vt 0.586027 0.716572
vt 0.571396 0.716572
vt 0.556716 0.716572
vt 0.541504 0.716572
vt 0.985824 0.716572
vt 0.970131 0.716572
vt 0.954048 0.716572
vt 0.937766 0.716572
vt 0.921188 0.716572
vt 0.330762 0.456399
vt 0.345067 0.462854
vt 0.330841 0.470296
vt 0.316568 0.462854
vt 0.302263 0.470296
vt 0.287928 0.462854
vt 0.302104 0.456494
vt 0.345067 0.478463
vt 0.330841 0.487435
vt 0.316568 0.478463
vt 0.302263 0.487435
vt 0.287928 0.478463
vt 0.345067 0.497294
vt 0.330841 0.508094
vt 0.316568 0.497294
vt 0.302263 0.508094
vt 0.287928 0.497294
vt 0.345067 0.519892
vt 0.330841 0.532327
vt 0.316568 0.519892
vt 0.302263 0.532377
vt 0.287928 0.519892
vt 0.359319 0.456331
vt 0.373265 0.462854
vt 0.359232 0.470296
vt 0.373265 0.478463
vt 0.359232 0.487435
vt 0.373265 0.497294
vt 0.359232 0.508094
vt 0.373265 0.519892
vt 0.359079 0.532268
vt 0.387151 0.456298
vt 0.400844 0.462854
vt 0.387099 0.470296
vt 0.400843 0.478463
vt 0.387099 0.487435
vt 0.400843 0.497294
vt 0.387099 0.508094
vt 0.400843 0.519892
vt 0.386947 0.532205
vt 0.414544 0.456282
vt 0.428305 0.462854
vt 0.414610 0.470296
vt 0.428305 0.478463
vt 0.414610 0.487435
vt 0.428305 0.497294
vt 0.414610 0.508094
vt 0.428305 0.519892
vt 0.414610 0.532106
vt 0.441835 0.508094
vt 0.455310 0.519892
vt 0.441688 0.531960
vt 0.033298 0.478463
vt 0.048045 0.470296
vt 0.062778 0.478463
vt 0.048045 0.487435
vt 0.018592 0.487435
vt 0.003906 0.478463
vt 0.793502 0.478463
vt 0.018592 0.470296
vt 0.033298 0.497294
vt 0.018592 0.508094
vt 0.003906 0.497294
vt 0.793502 0.497294
vt 0.062778 0.497294
vt 0.048045 0.508094
vt 0.033298 0.519892
vt 0.018601 0.531446
vt 0.003906 0.519892
vt 0.793502 0.519892
vt 0.062778 0.519892
vt 0.048078 0.531817
vt 0.512573 0.519892
vt 0.526850 0.508094
vt 0.540630 0.519892
vt 0.526699 0.532224
vt 0.497645 0.532063
vt 0.482817 0.519892
vt 0.497645 0.508094
vt 0.554064 0.508094
vt 0.567406 0.519892
vt 0.553913 0.532241
vt 0.580912 0.508094
vt 0.594578 0.519892
vt 0.580796 0.532245
vt 0.608404 0.508094
vt 0.622284 0.519892
vt 0.608196 0.532217
vt 0.636112 0.508094
vt 0.649988 0.519892
vt 0.636020 0.532177
vt 0.664014 0.508094
vt 0.678142 0.519892
vt 0.664014 0.532125
vt 0.692326 0.508094
vt 0.706562 0.519892
vt 0.692325 0.532076
vt 0.720850 0.508094
vt 0.735240 0.519892
vt 0.720850 0.532048
vt 0.749782 0.508094
vt 0.764384 0.519892
vt 0.749782 0.531948
vt 0.778951 0.508094
vt 0.778951 0.531584
vt 0.512573 0.497294
vt 0.526850 0.487435
vt 0.540630 0.497294
vt 0.482817 0.497294
vt 0.497645 0.487435
vt 0.554064 0.487435
vt 0.567406 0.497294
vt 0.580912 0.487435
vt 0.594578 0.497294
vt 0.608404 0.487435
vt 0.622284 0.497294
vt 0.636112 0.487435
vt 0.649988 0.497294
vt 0.664014 0.487435
vt 0.678142 0.497294
vt 0.692326 0.487435
vt 0.706562 0.497294
vt 0.720850 0.487435
vt 0.735240 0.497294
vt 0.749782 0.487435
vt 0.764384 0.497294
vt 0.778951 0.487435
vt 0.512573 0.478463
vt 0.526850 0.470296
vt 0.540630 0.478463
vt 0.482817 0.478463
vt 0.497645 0.470296
vt 0.554064 0.470296
vt 0.567406 0.478463
vt 0.580912 0.470296
vt 0.594578 0.478463
vt 0.608404 0.470296
vt 0.622284 0.478463
vt 0.636112 0.470296
vt 0.649988 0.478463
vt 0.664014 0.470296
vt 0.678142 0.478463
vt 0.692326 0.470296
vt 0.706562 0.478463
vt 0.720850 0.470296
vt 0.735240 0.478463
vt 0.749782 0.470296
vt 0.764384 0.478463
vt 0.778951 0.470296
vt 0.512573 0.462854
vt 0.526824 0.456389
vt 0.540630 0.462854
vt 0.482817 0.462854
vt 0.497535 0.456422
vt 0.554064 0.456368
vt 0.567406 0.462854
vt 0.580887 0.456378
vt 0.594578 0.462854
vt 0.608380 0.456390
vt 0.622284 0.462854
vt 0.636112 0.456448
vt 0.649988 0.462854
vt 0.664055 0.456493
vt 0.678142 0.462854
vt 0.692342 0.456455
vt 0.706562 0.462854
vt 0.720798 0.456386
vt 0.735240 0.462854
vt 0.749715 0.456346
vt 0.764384 0.462854
vt 0.778892 0.456322
vt 0.793502 0.462854
vt 0.003906 0.462854
vt 0.018554 0.456299
vt 0.033298 0.462854
vt 0.468838 0.470296
vt 0.455310 0.462854
vt 0.468646 0.456380
vt 0.047948 0.456320
vt 0.062778 0.462854
vt 0.077308 0.456406
vt 0.092071 0.462854
vt 0.077440 0.470296
vt 0.092071 0.478463
vt 0.077440 0.487435
vt 0.092071 0.497294
vt 0.077440 0.508094
vt 0.092071 0.519892
vt 0.077489 0.532137
vt 0.106607 0.456468
vt 0.121312 0.462854
vt 0.106707 0.470296
vt 0.121312 0.478463
vt 0.106707 0.487435
vt 0.121312 0.497294
vt 0.106707 0.508094
vt 0.121312 0.519892
vt 0.106748 0.532270
vt 0.135818 0.456500
vt 0.150167 0.462854
vt 0.135848 0.470296
vt 0.150167 0.478463
vt 0.135848 0.487435
vt 0.150167 0.497294
vt 0.135848 0.508094
vt 0.150167 0.519892
vt 0.135832 0.532355
vt 0.164044 0.456532
vt 0.178064 0.462854
vt 0.164122 0.470296
vt 0.178064 0.478463
vt 0.164122 0.487435
vt 0.178064 0.497294
vt 0.164122 0.508094
vt 0.178064 0.519892
vt 0.164090 0.532398
vt 0.192205 0.456590
vt 0.206219 0.462854
vt 0.192345 0.470296
vt 0.206219 0.478463
vt 0.192345 0.487435
vt 0.206219 0.497294
vt 0.192345 0.508094
vt 0.206219 0.519892
vt 0.192264 0.532398
vt 0.218829 0.456595
vt 0.231554 0.462854
vt 0.218936 0.470296
vt 0.231554 0.478463
vt 0.218936 0.487435
vt 0.231554 0.497294
vt 0.218936 0.508094
vt 0.231554 0.519892
vt 0.218842 0.532353
vt 0.245001 0.456531
vt 0.259267 0.462854
vt 0.245130 0.470296
vt 0.259267 0.478463
vt 0.245130 0.487435
vt 0.259267 0.497294
vt 0.245130 0.508094
vt 0.259267 0.519892
vt 0.245092 0.532331
vt 0.273399 0.456530
vt 0.273564 0.470296
vt 0.273564 0.487435
vt 0.273564 0.508094
vt 0.273539 0.532368
vt 0.441692 0.456311
vt 0.441835 0.470296
vt 0.455310 0.478463
vt 0.441835 0.487435
vt 0.455310 0.497294
vt 0.468838 0.487435
vt 0.468838 0.508094
vt 0.468690 0.531887
vt 0.344934 0.329342
vt 0.359428 0.335950
vt 0.344945 0.343544
vt 0.330363 0.335950
vt 0.315686 0.343544
vt 0.300961 0.335950
vt 0.315686 0.329370
vt 0.359428 0.351896
vt 0.344945 0.361002
vt 0.330363 0.351896
vt 0.315686 0.361002
vt 0.300961 0.351896
vt 0.359428 0.370862
vt 0.344945 0.381594
vt 0.330363 0.370862
vt 0.315686 0.381594
vt 0.300961 0.370862
vt 0.359428 0.393320
vt 0.344996 0.405356
vt 0.330363 0.393320
vt 0.315692 0.405350
vt 0.300961 0.393320
vt 0.426716 0.611370
vt 0.448179 0.626975
vt 0.426717 0.642608
vt 0.405135 0.626976
vt 0.383374 0.642609
vt 0.361478 0.626977
vt 0.383373 0.611368
vt 0.448179 0.658986
vt 0.426718 0.676048
vt 0.405136 0.658987
vt 0.383375 0.676048
vt 0.361478 0.658988
vt 0.448180 0.693728
vt 0.426718 0.711800
vt 0.405136 0.693729
vt 0.383375 0.711801
vt 0.361479 0.693729
vt 0.448181 0.730035
vt 0.426719 0.748182
vt 0.405137 0.730036
vt 0.383376 0.748182
vt 0.361480 0.730037
vt 0.448181 0.765984
vt 0.426720 0.783226
vt 0.405138 0.765984
vt 0.383377 0.783227
vt 0.361480 0.765985
vt 0.448182 0.799692
vt 0.426720 0.815344
vt 0.405138 0.799692
vt 0.383377 0.815345
vt 0.361481 0.799693
vt 0.448182 0.830146
vt 0.426721 0.843491
vt 0.405139 0.830146
vt 0.383378 0.843519
vt 0.361481 0.830147
vt 0.373803 0.329327
vt 0.388066 0.335950
vt 0.373814 0.343544
vt 0.388066 0.351896
vt 0.373814 0.361002
vt 0.388066 0.370862
vt 0.373814 0.381594
vt 0.388066 0.393320
vt 0.373865 0.405445
vt 0.469581 0.611386
vt 0.490946 0.626974
vt 0.469581 0.642608
vt 0.490946 0.658985
vt 0.469582 0.676047
vt 0.490947 0.693727
vt 0.469583 0.711800
vt 0.490947 0.730035
vt 0.469583 0.748181
vt 0.490948 0.765983
vt 0.469584 0.783226
vt 0.490949 0.799691
vt 0.469585 0.815343
vt 0.490949 0.830145
vt 0.469585 0.843544
vt 0.402149 0.329340
vt 0.416155 0.335950
vt 0.402149 0.343544
vt 0.416155 0.351896
vt 0.402149 0.361002
vt 0.416155 0.370862
vt 0.402149 0.381594
vt 0.416155 0.393320
vt 0.402145 0.405520
vt 0.512293 0.611410
vt 0.533633 0.626974
vt 0.670975 0.247270
vt 0.512294 0.642607
vt 0.533633 0.658985
vt 0.670968 0.215956
vt 0.512294 0.676046
vt 0.533634 0.693726
vt 0.670961 0.181853
vt 0.512295 0.711799
vt 0.533635 0.730034
vt 0.670953 0.145978
vt 0.512296 0.748180
vt 0.533635 0.765982
vt 0.670945 0.110400
vt 0.512296 0.783225
vt 0.533636 0.799690
vt 0.670937 0.077191
vt 0.512297 0.815342
vt 0.533637 0.830144
vt 0.670931 0.047469
vt 0.512297 0.843546
vt 0.430176 0.329392
vt 0.444121 0.335950
vt 0.430176 0.343544
vt 0.444121 0.351896
vt 0.430176 0.361002
vt 0.444121 0.370862
vt 0.430176 0.381594
vt 0.444121 0.393320
vt 0.430151 0.405529
vt 0.649915 0.262656
vt 0.628948 0.247280
vt 0.649908 0.231985
vt 0.628941 0.215966
vt 0.649901 0.199240
vt 0.628934 0.181862
vt 0.649893 0.164032
vt 0.628926 0.145988
vt 0.649885 0.128008
vt 0.628918 0.110410
vt 0.649877 0.093394
vt 0.628911 0.077201
vt 0.649870 0.061870
vt 0.628904 0.047478
vt 0.649864 0.034571
vt 0.457899 0.381594
vt 0.471584 0.393320
vt 0.457865 0.405493
vt 0.608191 0.262672
vt 0.587620 0.247289
vt 0.608184 0.231994
vt 0.587613 0.215975
vt 0.608177 0.199249
vt 0.587606 0.181871
vt 0.608169 0.164041
vt 0.587598 0.145997
vt 0.608161 0.128017
vt 0.587590 0.110419
vt 0.608153 0.093403
vt 0.587582 0.077210
vt 0.608146 0.061879
vt 0.587576 0.047487
vt 0.608140 0.034567
vt 0.567229 0.199258
vt 0.547009 0.181880
vt 0.567221 0.164050
vt 0.567236 0.232003
vt 0.547016 0.215984
vt 0.547001 0.146006
vt 0.567213 0.128027
vt 0.546993 0.110428
vt 0.567206 0.093412
vt 0.546986 0.077219
vt 0.567199 0.061888
vt 0.546979 0.047496
vt 0.567193 0.034559
vt 0.526907 0.061897
vt 0.506885 0.047505
vt 0.526901 0.034545
vt 0.526914 0.093421
vt 0.506892 0.077228
vt 0.033749 0.351896
vt 0.048832 0.343544
vt 0.063880 0.351896
vt 0.048832 0.361002
vt 0.018795 0.361002
vt 0.003906 0.351896
vt 0.807239 0.351896
vt 0.018795 0.343544
vt 0.033749 0.370862
vt 0.018795 0.381594
vt 0.003906 0.370862
vt 0.807239 0.370862
vt 0.063880 0.370862
vt 0.048832 0.381594
vt 0.033749 0.393320
vt 0.018795 0.404980
vt 0.003906 0.393320
vt 0.807239 0.393320
vt 0.063880 0.393320
vt 0.048860 0.405125
vt 0.048910 0.247409
vt 0.070505 0.232113
vt 0.092012 0.247399
vt 0.070512 0.262926
vt 0.027172 0.262941
vt 0.005357 0.247418
vt 0.004891 0.626983
vt 0.027166 0.232123
vt 0.048903 0.216094
vt 0.070498 0.199369
vt 0.092005 0.216085
vt 0.005350 0.216104
vt 0.004891 0.658994
vt 0.027158 0.199378
vt 0.048895 0.181991
vt 0.070490 0.164161
vt 0.091998 0.181981
vt 0.005342 0.182000
vt 0.004892 0.693736
vt 0.027150 0.164170
vt 0.005334 0.146126
vt 0.004892 0.730044
vt 0.027142 0.128146
vt 0.048887 0.146117
vt 0.070482 0.128137
vt 0.091990 0.146107
vt 0.005326 0.110548
vt 0.004893 0.765992
vt 0.027135 0.093532
vt 0.048880 0.110538
vt 0.070474 0.093523
vt 0.091982 0.110529
vt 0.005319 0.077339
vt 0.004894 0.799700
vt 0.027128 0.062008
vt 0.048872 0.077330
vt 0.070467 0.061998
vt 0.091974 0.077320
vt 0.005312 0.047617
vt 0.004894 0.830154
vt 0.027122 0.034619
vt 0.048866 0.047607
vt 0.070461 0.034611
vt 0.091968 0.047598
vt 0.026591 0.611281
vt 0.048340 0.626983
vt 0.026592 0.642616
vt 0.048340 0.658994
vt 0.026592 0.676055
vt 0.048341 0.693735
vt 0.026593 0.711808
vt 0.048341 0.730043
vt 0.026594 0.748189
vt 0.048342 0.765991
vt 0.026594 0.783234
vt 0.048343 0.799699
vt 0.026595 0.815351
vt 0.048343 0.830153
vt 0.026596 0.843623
vt 0.070182 0.642615
vt 0.092193 0.658993
vt 0.070183 0.676054
vt 0.092193 0.693734
vt 0.070183 0.711807
vt 0.092194 0.730042
vt 0.070184 0.748188
vt 0.092195 0.765990
vt 0.070185 0.783233
vt 0.092195 0.799698
vt 0.070185 0.815350
vt 0.092196 0.830152
vt 0.070186 0.843626
vt 0.114446 0.748187
vt 0.136899 0.765989
vt 0.114447 0.783232
vt 0.136900 0.799697
vt 0.114448 0.815350
vt 0.136900 0.830151
vt 0.114448 0.843656
vt 0.466829 0.047514
vt 0.446910 0.061915
vt 0.426967 0.047523
vt 0.446904 0.034519
vt 0.486838 0.034527
vt 0.486844 0.061906
vt 0.406905 0.061924
vt 0.386722 0.047532
vt 0.406899 0.034516
vt 0.366443 0.061933
vt 0.345957 0.047541
vt 0.366437 0.034531
vt 0.325176 0.061942
vt 0.304236 0.047550
vt 0.325170 0.034547
vt 0.466835 0.077237
vt 0.446917 0.093439
vt 0.426974 0.077246
vt 0.486851 0.093430
vt 0.406912 0.093448
vt 0.386728 0.077255
vt 0.366450 0.093457
vt 0.345964 0.077264
vt 0.325183 0.093466
vt 0.304243 0.077273
vt 0.283302 0.061951
vt 0.262328 0.047560
vt 0.283296 0.034560
vt 0.283309 0.093475
vt 0.262335 0.077282
vt 0.466843 0.110446
vt 0.446925 0.128053
vt 0.426981 0.110454
vt 0.506899 0.110437
vt 0.486859 0.128044
vt 0.406919 0.128062
vt 0.386735 0.110463
vt 0.366458 0.128071
vt 0.345971 0.110472
vt 0.325190 0.128080
vt 0.304250 0.110482
vt 0.283316 0.128090
vt 0.262342 0.110491
vt 0.466850 0.146024
vt 0.446933 0.164077
vt 0.426989 0.146033
vt 0.506907 0.146015
vt 0.486867 0.164068
vt 0.406927 0.164086
vt 0.386743 0.146041
vt 0.366466 0.164095
vt 0.345979 0.146051
vt 0.325198 0.164104
vt 0.304258 0.146060
vt 0.283324 0.164113
vt 0.262350 0.146069
vt 0.241312 0.128099
vt 0.220208 0.110500
vt 0.241304 0.093485
vt 0.241320 0.164123
vt 0.220216 0.146078
vt 0.466858 0.181898
vt 0.446941 0.199285
vt 0.426997 0.181907
vt 0.506915 0.181889
vt 0.486875 0.199276
vt 0.406935 0.199294
vt 0.386751 0.181916
vt 0.366474 0.199303
vt 0.345987 0.181925
vt 0.325206 0.199312
vt 0.304266 0.181934
vt 0.283332 0.199321
vt 0.262358 0.181943
vt 0.241328 0.199331
vt 0.220224 0.181953
vt 0.526937 0.199267
vt 0.526945 0.232012
vt 0.506923 0.215993
vt 0.526929 0.164059
vt 0.486882 0.232021
vt 0.466866 0.216002
vt 0.446948 0.232030
vt 0.427005 0.216011
vt 0.406942 0.232039
vt 0.386759 0.216019
vt 0.366481 0.232048
vt 0.345995 0.216028
vt 0.325213 0.232057
vt 0.304274 0.216038
vt 0.283339 0.232066
vt 0.262365 0.216047
vt 0.241335 0.232075
vt 0.220231 0.216056
vt 0.199060 0.199340
vt 0.177784 0.181962
vt 0.199052 0.164132
vt 0.199067 0.232085
vt 0.177792 0.216066
vt 0.547023 0.247298
vt 0.526951 0.262744
vt 0.506930 0.247307
vt 0.486889 0.262755
vt 0.466873 0.247316
vt 0.446955 0.262724
vt 0.427012 0.247325
vt 0.406949 0.262698
vt 0.386766 0.247334
vt 0.366488 0.262715
vt 0.346002 0.247343
vt 0.325220 0.262757
vt 0.304281 0.247352
vt 0.283346 0.262777
vt 0.262372 0.247361
vt 0.241342 0.262806
vt 0.220238 0.247371
vt 0.199074 0.262859
vt 0.177799 0.247380
vt 0.156390 0.262899
vt 0.134917 0.247390
vt 0.156384 0.232094
vt 0.525123 0.393320
vt 0.538500 0.381594
vt 0.551886 0.393320
vt 0.538500 0.405244
vt 0.511928 0.405270
vt 0.498754 0.393320
vt 0.511960 0.381594
vt 0.565077 0.381594
vt 0.578301 0.393320
vt 0.565077 0.405384
vt 0.591786 0.381594
vt 0.605480 0.393320
vt 0.591786 0.405481
vt 0.619330 0.381594
vt 0.633351 0.393320
vt 0.619330 0.405490
vt 0.647554 0.381594
vt 0.661841 0.393320
vt 0.647554 0.405439
vt 0.676113 0.381594
vt 0.690386 0.393320
vt 0.676113 0.405372
vt 0.704677 0.381594
vt 0.719016 0.393320
vt 0.704677 0.405282
vt 0.733434 0.381594
vt 0.748020 0.393320
vt 0.733417 0.405246
vt 0.762863 0.381594
vt 0.777767 0.393320
vt 0.762846 0.405196
vt 0.792537 0.381594
vt 0.792537 0.405021
vt 0.525123 0.370862
vt 0.538500 0.361002
vt 0.551886 0.370862
vt 0.498754 0.370862
vt 0.511960 0.361002
vt 0.565077 0.361002
vt 0.578301 0.370862
vt 0.591786 0.361002
vt 0.605480 0.370862
vt 0.619330 0.361002
vt 0.633351 0.370862
vt 0.647554 0.361002
vt 0.661841 0.370862
vt 0.676113 0.361002
vt 0.690386 0.370862
vt 0.704677 0.361002
vt 0.719016 0.370862
vt 0.733434 0.361002
vt 0.748020 0.370862
vt 0.762863 0.361002
vt 0.777767 0.370862
vt 0.792537 0.361002
vt 0.525123 0.351896
vt 0.538500 0.343544
vt 0.551886 0.351896
vt 0.498754 0.351896
vt 0.511960 0.343544
vt 0.565077 0.343544
vt 0.578301 0.351896
vt 0.591786 0.343544
vt 0.605480 0.351896
vt 0.619330 0.343544
vt 0.633351 0.351896
vt 0.647554 0.343544
vt 0.661841 0.351896
vt 0.676113 0.343544
vt 0.690386 0.351896
vt 0.704677 0.343544
vt 0.719016 0.351896
vt 0.733434 0.343544
vt 0.748020 0.351896
vt 0.762863 0.343544
vt 0.777767 0.351896
vt 0.792537 0.343544
vt 0.525123 0.335950
vt 0.538500 0.329371
vt 0.551886 0.335950
vt 0.498754 0.335950
vt 0.511960 0.329444
vt 0.565077 0.329313
vt 0.578301 0.335950
vt 0.591769 0.329280
vt 0.605480 0.335950
vt 0.619313 0.329306
vt 0.633351 0.335950
vt 0.647554 0.329408
vt 0.661841 0.335950
vt 0.676113 0.329445
vt 0.690386 0.335950
vt 0.704677 0.329385
vt 0.719016 0.335950
vt 0.733434 0.329330
vt 0.748020 0.335950
vt 0.762863 0.329295
vt 0.777767 0.335950
vt 0.792537 0.329267
vt 0.807239 0.335950
vt 0.003906 0.335950
vt 0.018795 0.329253
vt 0.033749 0.335950
vt 0.485249 0.343544
vt 0.471584 0.335950
vt 0.485240 0.329525
vt 0.048832 0.329299
vt 0.063880 0.335950
vt 0.078730 0.329385
vt 0.093513 0.335950
vt 0.078730 0.343544
vt 0.093513 0.351896
vt 0.078730 0.361002
vt 0.093513 0.370862
vt 0.078730 0.381594
vt 0.093513 0.393320
vt 0.078759 0.405203
vt 0.108293 0.329485
vt 0.123260 0.335950
vt 0.108360 0.343544
vt 0.123260 0.351896
vt 0.108360 0.361002
vt 0.123260 0.370862
vt 0.108360 0.381594
vt 0.123260 0.393320
vt 0.108386 0.405247
vt 0.070182 0.611309
vt 0.092192 0.626982
vt 0.138127 0.329528
vt 0.153170 0.335950
vt 0.138205 0.343544
vt 0.153170 0.351896
vt 0.138205 0.361002
vt 0.153170 0.370862
vt 0.138205 0.381594
vt 0.153170 0.393320
vt 0.138231 0.405347
vt 0.114444 0.611336
vt 0.136897 0.626981
vt 0.114444 0.642614
vt 0.136897 0.658992
vt 0.114445 0.676053
vt 0.136898 0.693734
vt 0.114446 0.711806
vt 0.136898 0.730041
vt 0.168121 0.329556
vt 0.183131 0.335950
vt 0.168133 0.343544
vt 0.183131 0.351896
vt 0.168133 0.361002
vt 0.183131 0.370862
vt 0.168133 0.381594
vt 0.183131 0.393320
vt 0.168149 0.405453
vt 0.159507 0.611365
vt 0.182228 0.626980
vt 0.159508 0.642613
vt 0.182229 0.658991
vt 0.159508 0.676052
vt 0.182230 0.693733
vt 0.159509 0.711805
vt 0.182230 0.730040
vt 0.159510 0.748186
vt 0.182231 0.765988
vt 0.159510 0.783231
vt 0.182232 0.799696
vt 0.159511 0.815349
vt 0.182232 0.830150
vt 0.159512 0.843643
vt 0.198202 0.329590
vt 0.213197 0.335950
vt 0.198202 0.343544
vt 0.213197 0.351896
vt 0.198202 0.361002
vt 0.213197 0.370862
vt 0.198202 0.381594
vt 0.213197 0.393320
vt 0.198221 0.405476
vt 0.205010 0.611368
vt 0.227764 0.626979
vt 0.205011 0.642612
vt 0.227764 0.658990
vt 0.205011 0.676052
vt 0.227765 0.693732
vt 0.205012 0.711804
vt 0.227766 0.730040
vt 0.205013 0.748186
vt 0.227766 0.765988
vt 0.205013 0.783230
vt 0.227767 0.799695
vt 0.205014 0.815348
vt 0.227767 0.830150
vt 0.205014 0.843650
vt 0.227966 0.329509
vt 0.242570 0.335950
vt 0.227966 0.343544
vt 0.242570 0.351896
vt 0.227966 0.361002
vt 0.242570 0.370862
vt 0.227966 0.381594
vt 0.242570 0.393320
vt 0.227985 0.405403
vt 0.250398 0.611349
vt 0.272891 0.626978
vt 0.250399 0.642612
vt 0.272892 0.658990
vt 0.250400 0.676051
vt 0.272893 0.693731
vt 0.250400 0.711804
vt 0.272893 0.730039
vt 0.250401 0.748185
vt 0.272894 0.765987
vt 0.250401 0.783230
vt 0.272895 0.799695
vt 0.250402 0.815347
vt 0.272895 0.830149
vt 0.250403 0.843633
vt 0.257067 0.329417
vt 0.271581 0.335950
vt 0.257067 0.343544
vt 0.271581 0.351896
vt 0.257067 0.361002
vt 0.271581 0.370862
vt 0.257067 0.381594
vt 0.271581 0.393320
vt 0.257100 0.405359
vt 0.295218 0.611360
vt 0.317408 0.626978
vt 0.295218 0.642611
vt 0.317409 0.658989
vt 0.295219 0.676050
vt 0.317410 0.693730
vt 0.295220 0.711803
vt 0.317410 0.730038
vt 0.295220 0.748184
vt 0.317411 0.765986
vt 0.295221 0.783229
vt 0.317412 0.799694
vt 0.295222 0.815346
vt 0.317412 0.830148
vt 0.295222 0.843582
vt 0.286236 0.329388
vt 0.286236 0.343544
vt 0.286236 0.361002
vt 0.286236 0.381594
vt 0.286260 0.405364
vt 0.339492 0.611367
vt 0.339492 0.642610
vt 0.339493 0.676049
vt 0.339494 0.711802
vt 0.339494 0.748183
vt 0.339495 0.783228
vt 0.339496 0.815345
vt 0.339496 0.843578
vt 0.241297 0.061961
vt 0.220194 0.047569
vt 0.241291 0.034571
vt 0.199029 0.061970
vt 0.177754 0.047578
vt 0.199023 0.034589
vt 0.156346 0.061979
vt 0.134872 0.047588
vt 0.156340 0.034613
vt 0.113429 0.061989
vt 0.113423 0.034613
vt 0.220200 0.077291
vt 0.199036 0.093494
vt 0.177761 0.077301
vt 0.156353 0.093504
vt 0.134879 0.077310
vt 0.113436 0.093513
vt 0.199044 0.128108
vt 0.177768 0.110510
vt 0.156360 0.128118
vt 0.134886 0.110519
vt 0.113444 0.128127
vt 0.177776 0.146088
vt 0.156368 0.164142
vt 0.134894 0.146097
vt 0.113452 0.164151
vt 0.156376 0.199350
vt 0.134902 0.181972
vt 0.113459 0.199359
vt 0.134910 0.216075
vt 0.113467 0.232104
vt 0.113474 0.262910
vt 0.457890 0.329505
vt 0.457899 0.343544
vt 0.471584 0.351896
vt 0.457899 0.361002
vt 0.471584 0.370862
vt 0.485249 0.361002
vt 0.485249 0.381594
vt 0.485203 0.405414
vt 0.567243 0.262696
vt 0.526921 0.128035
vt 0.405134 0.575883
vt 0.426716 0.573327
vt 0.344945 0.433656
vt 0.448178 0.575888
vt 0.426716 0.581952
vt 0.330421 0.431011
vt 0.345255 0.426271
vt 0.359739 0.431222
vt 0.048921 0.299163
vt 0.027181 0.301320
vt 0.048832 0.433656
vt 0.005368 0.299159
vt 0.004890 0.575467
vt 0.027179 0.293218
vt 0.033777 0.429835
vt 0.049002 0.424884
vt 0.064050 0.430399
vt 0.525091 0.430516
vt 0.511960 0.433656
vt 0.526960 0.301209
vt 0.498548 0.431062
vt 0.511767 0.425754
vt 0.506941 0.298763
vt 0.526958 0.292588
vt 0.547035 0.298621
vt 0.921188 0.862700
vt 0.912816 0.868545
vt 0.904456 0.862726
vt 0.896173 0.868501
vt 0.887940 0.862633
vt 0.937766 0.862651
vt 0.929511 0.868464
vt 0.954048 0.862691
vt 0.945936 0.868452
vt 0.549155 0.868351
vt 0.541504 0.862666
vt 0.985824 0.862666
vt 0.556716 0.862520
vt 0.571396 0.862301
vt 0.564097 0.868119
vt 0.586027 0.861813
vt 0.578712 0.867533
vt 0.600618 0.861749
vt 0.593326 0.867042
vt 0.615211 0.862012
vt 0.607914 0.867261
vt 0.629826 0.862194
vt 0.622508 0.867628
vt 0.644624 0.862366
vt 0.637187 0.867885
vt 0.659822 0.862463
vt 0.652175 0.868098
vt 0.675371 0.862455
vt 0.667545 0.868172
vt 0.691397 0.862339
vt 0.683323 0.868056
vt 0.707888 0.862311
vt 0.699592 0.867931
vt 0.724707 0.862327
vt 0.716271 0.867931
vt 0.758403 0.862526
vt 0.775175 0.862639
vt 0.766766 0.868358
vt 0.750025 0.868137
vt 0.741618 0.862389
vt 0.792229 0.862544
vt 0.783693 0.868378
vt 0.809001 0.862384
vt 0.800692 0.868143
vt 0.824973 0.862359
vt 0.817073 0.868002
vt 0.840484 0.862332
vt 0.832763 0.867973
vt 0.855898 0.862376
vt 0.848178 0.867979
vt 0.871630 0.862465
vt 0.863700 0.868077
vt 0.879735 0.868281
vt 0.970131 0.862746
vt 0.962129 0.868552
vt 0.978009 0.868535
vt 0.733167 0.867984
vt 0.330366 0.447127
vt 0.345091 0.451011
vt 0.315997 0.451401
vt 0.287296 0.451686
vt 0.301305 0.447697
vt 0.359755 0.446717
vt 0.373738 0.450864
vt 0.387409 0.446520
vt 0.400702 0.450730
vt 0.414214 0.446423
vt 0.427959 0.450763
vt 0.454540 0.450955
vt 0.467684 0.447011
vt 0.482180 0.451250
vt 0.496983 0.447265
vt 0.512328 0.451245
vt 0.526690 0.447064
vt 0.540604 0.451070
vt 0.554064 0.446939
vt 0.567382 0.451096
vt 0.580766 0.446997
vt 0.594432 0.451120
vt 0.608258 0.447073
vt 0.622259 0.451240
vt 0.636112 0.447422
vt 0.650029 0.451526
vt 0.664256 0.447687
vt 0.678361 0.451526
vt 0.692427 0.447461
vt 0.706433 0.451274
vt 0.720536 0.447045
vt 0.735005 0.451032
vt 0.749380 0.446805
vt 0.764105 0.450941
vt 0.778596 0.446665
vt 0.793333 0.450820
vt 0.003906 0.450768
vt 0.018366 0.446525
vt 0.033013 0.450825
vt 0.076645 0.447167
vt 0.091545 0.451425
vt 0.062310 0.450990
vt 0.047463 0.446649
vt 0.106104 0.447540
vt 0.121072 0.451482
vt 0.135669 0.447733
vt 0.150050 0.451712
vt 0.163657 0.447923
vt 0.177546 0.451762
vt 0.191505 0.448269
vt 0.205712 0.452095
vt 0.218299 0.448304
vt 0.231155 0.451790
vt 0.244355 0.447916
vt 0.258620 0.451712
vt 0.272574 0.447912
vt 0.440978 0.446595
vt 0.344878 0.319746
vt 0.359362 0.323882
vt 0.330352 0.324032
vt 0.300961 0.324085
vt 0.315686 0.319915
vt 0.359739 0.417166
vt 0.330421 0.416955
vt 0.315720 0.426232
vt 0.301013 0.417052
vt 0.448178 0.595082
vt 0.405134 0.595078
vt 0.361477 0.595052
vt 0.383373 0.581940
vt 0.448183 0.854878
vt 0.426721 0.863224
vt 0.405139 0.854748
vt 0.383378 0.863385
vt 0.361482 0.855046
vt 0.373747 0.319652
vt 0.388054 0.323923
vt 0.388113 0.417569
vt 0.374124 0.426804
vt 0.469580 0.582055
vt 0.490945 0.595206
vt 0.490950 0.855042
vt 0.469585 0.863542
vt 0.402149 0.319730
vt 0.416155 0.323996
vt 0.416110 0.417714
vt 0.402125 0.427255
vt 0.512293 0.582200
vt 0.533632 0.595251
vt 0.670982 0.278912
vt 0.533637 0.854899
vt 0.670925 0.023733
vt 0.512298 0.863559
vt 0.430176 0.320043
vt 0.444111 0.324363
vt 0.443977 0.417661
vt 0.430026 0.427307
vt 0.649921 0.292198
vt 0.628955 0.278978
vt 0.628899 0.023708
vt 0.649860 0.015673
vt 0.471452 0.417428
vt 0.457694 0.427092
vt 0.608197 0.292249
vt 0.587627 0.279003
vt 0.587571 0.023648
vt 0.608136 0.015602
vt 0.546974 0.023591
vt 0.567188 0.015513
vt 0.506880 0.023482
vt 0.526896 0.015380
vt 0.033777 0.415778
vt 0.018795 0.424011
vt 0.003906 0.415272
vt 0.807239 0.415272
vt 0.064050 0.416343
vt 0.048917 0.279671
vt 0.092019 0.279613
vt 0.070518 0.293172
vt 0.005364 0.279668
vt 0.004890 0.594662
vt 0.005307 0.023493
vt 0.004895 0.855319
vt 0.027117 0.015271
vt 0.048860 0.023506
vt 0.070457 0.015273
vt 0.091962 0.023503
vt 0.093568 0.416435
vt 0.078900 0.425351
vt 0.026591 0.581384
vt 0.048339 0.594741
vt 0.048344 0.855262
vt 0.026596 0.863979
vt 0.092196 0.855351
vt 0.070186 0.864000
vt 0.136901 0.855434
vt 0.114449 0.864182
vt 0.182233 0.855315
vt 0.159512 0.864108
vt 0.486834 0.015232
vt 0.466823 0.023411
vt 0.426962 0.023357
vt 0.446900 0.015136
vt 0.386716 0.023346
vt 0.406894 0.015073
vt 0.345952 0.023406
vt 0.366433 0.015119
vt 0.304231 0.023417
vt 0.325165 0.015171
vt 0.547030 0.279129
vt 0.506937 0.279272
vt 0.486895 0.292612
vt 0.466880 0.279162
vt 0.446961 0.292383
vt 0.427019 0.279019
vt 0.406956 0.292179
vt 0.386773 0.278935
vt 0.366495 0.292236
vt 0.346009 0.279083
vt 0.325227 0.292446
vt 0.304288 0.279173
vt 0.283353 0.292520
vt 0.262379 0.279219
vt 0.241348 0.292648
vt 0.220245 0.279364
vt 0.199081 0.292917
vt 0.177806 0.279547
vt 0.156397 0.293107
vt 0.134924 0.279609
vt 0.498548 0.417006
vt 0.525091 0.416460
vt 0.551886 0.416845
vt 0.538500 0.425597
vt 0.578301 0.417371
vt 0.565077 0.426437
vt 0.605480 0.417577
vt 0.591786 0.427019
vt 0.633351 0.417472
vt 0.619330 0.427075
vt 0.661841 0.417213
vt 0.647554 0.426768
vt 0.690386 0.416930
vt 0.676113 0.426368
vt 0.718999 0.416565
vt 0.704677 0.425822
vt 0.747921 0.416575
vt 0.733335 0.425608
vt 0.777750 0.416053
vt 0.762764 0.425307
vt 0.792537 0.424257
vt 0.471530 0.324747
vt 0.485195 0.320845
vt 0.498745 0.324518
vt 0.511960 0.320357
vt 0.525123 0.324206
vt 0.538500 0.319920
vt 0.551886 0.323942
vt 0.565077 0.319571
vt 0.578284 0.323752
vt 0.591681 0.319375
vt 0.605375 0.323714
vt 0.619226 0.319529
vt 0.633333 0.323976
vt 0.647554 0.320143
vt 0.661841 0.324390
vt 0.676113 0.320365
vt 0.690386 0.324240
vt 0.704677 0.320001
vt 0.719016 0.324008
vt 0.733434 0.319675
vt 0.748020 0.323817
vt 0.762863 0.319462
vt 0.777767 0.323713
vt 0.792537 0.319292
vt 0.807239 0.323576
vt 0.003906 0.323576
vt 0.018795 0.319213
vt 0.033749 0.323651
vt 0.078730 0.320004
vt 0.093447 0.324315
vt 0.063880 0.323943
vt 0.048832 0.319484
vt 0.107960 0.320600
vt 0.122848 0.324669
vt 0.123417 0.416784
vt 0.108516 0.425615
vt 0.070181 0.581553
vt 0.092191 0.594876
vt 0.137734 0.320861
vt 0.153033 0.324704
vt 0.153213 0.417186
vt 0.138361 0.426217
vt 0.114443 0.581722
vt 0.136896 0.594968
vt 0.168062 0.321031
vt 0.183119 0.324917
vt 0.183231 0.417539
vt 0.168230 0.426848
vt 0.159507 0.581900
vt 0.182228 0.595085
vt 0.198202 0.321235
vt 0.213197 0.324855
vt 0.213247 0.417358
vt 0.198317 0.426988
vt 0.205010 0.581920
vt 0.227763 0.594997
vt 0.227768 0.855451
vt 0.205015 0.864153
vt 0.227966 0.320744
vt 0.242570 0.324369
vt 0.242683 0.417080
vt 0.228077 0.426549
vt 0.250398 0.581809
vt 0.272891 0.594988
vt 0.272896 0.855177
vt 0.250403 0.864059
vt 0.257067 0.320197
vt 0.271581 0.324197
vt 0.271710 0.417029
vt 0.257267 0.426288
vt 0.295217 0.581879
vt 0.317408 0.595057
vt 0.317413 0.855131
vt 0.295222 0.863759
vt 0.286236 0.320022
vt 0.286378 0.426318
vt 0.339491 0.581929
vt 0.339496 0.863737
vt 0.262323 0.023454
vt 0.283291 0.015200
vt 0.220189 0.023461
vt 0.241287 0.015224
vt 0.177749 0.023538
vt 0.199019 0.015282
vt 0.134867 0.023565
vt 0.156335 0.015378
vt 0.113419 0.015330
vt 0.113480 0.293127
vt 0.457845 0.320721
vt 0.484977 0.426616
vt 0.567250 0.292345
vt 0.344915 0.544906
vt 0.330841 0.555221
vt 0.316568 0.545168
vt 0.372353 0.544698
vt 0.358319 0.554864
vt 0.400691 0.544372
vt 0.386186 0.554488
vt 0.428157 0.543897
vt 0.414610 0.553896
vt 0.454425 0.543321
vt 0.440950 0.553017
vt 0.482669 0.543493
vt 0.467953 0.552583
vt 0.512422 0.544465
vt 0.497645 0.553639
vt 0.539724 0.544648
vt 0.525944 0.554601
vt 0.567139 0.544733
vt 0.553158 0.554704
vt 0.593791 0.544663
vt 0.580217 0.554730
vt 0.621616 0.544527
vt 0.607157 0.554560
vt 0.649896 0.544342
vt 0.635559 0.554319
vt 0.678142 0.544126
vt 0.664014 0.554007
vt 0.706562 0.543970
vt 0.692325 0.553714
vt 0.735240 0.543812
vt 0.720850 0.553550
vt 0.764384 0.542976
vt 0.749782 0.552948
vt 0.793502 0.540981
vt 0.003906 0.540981
vt 0.778951 0.550761
vt 0.033375 0.542156
vt 0.018644 0.549934
vt 0.062957 0.543794
vt 0.048243 0.552159
vt 0.092260 0.544580
vt 0.077735 0.554079
vt 0.121399 0.544999
vt 0.106950 0.554879
vt 0.149991 0.545267
vt 0.135750 0.555390
vt 0.177951 0.545342
vt 0.163930 0.555648
vt 0.205720 0.545264
vt 0.191860 0.555646
vt 0.231370 0.545049
vt 0.218373 0.555376
vt 0.259104 0.545125
vt 0.244902 0.555246
vt 0.287903 0.545257
vt 0.273414 0.555466
vt 0.302263 0.555522
vt 0.887940 0.583415
vt 0.896173 0.576110
vt 0.904456 0.583457
vt 0.871630 0.583469
vt 0.879735 0.576104
vt 0.855898 0.583667
vt 0.863700 0.576304
vt 0.840484 0.583839
vt 0.848178 0.576619
vt 0.824973 0.583835
vt 0.832763 0.576748
vt 0.809001 0.583760
vt 0.817073 0.576670
vt 0.792229 0.583669
vt 0.800692 0.576538
vt 0.775175 0.583595
vt 0.783693 0.576406
vt 0.758403 0.583580
vt 0.766766 0.576344
vt 0.741618 0.583564
vt 0.750025 0.576315
vt 0.724707 0.583637
vt 0.733168 0.576362
vt 0.707888 0.583661
vt 0.716271 0.576451
vt 0.691397 0.583655
vt 0.699592 0.576456
vt 0.675371 0.583656
vt 0.683323 0.576443
vt 0.659822 0.583715
vt 0.667545 0.576488
vt 0.644624 0.583792
vt 0.652175 0.576590
vt 0.629826 0.583904
vt 0.637187 0.576745
vt 0.615211 0.583946
vt 0.622508 0.576851
vt 0.600618 0.584085
vt 0.607914 0.576989
vt 0.586027 0.584130
vt 0.593326 0.577139
vt 0.571396 0.584172
vt 0.578712 0.577202
vt 0.556716 0.584140
vt 0.564097 0.577201
vt 0.541504 0.584193
vt 0.985824 0.584193
vt 0.549155 0.577204
vt 0.970131 0.583867
vt 0.978009 0.576990
vt 0.954048 0.583710
vt 0.962129 0.576631
vt 0.937766 0.583574
vt 0.945936 0.576421
vt 0.921188 0.583524
vt 0.929511 0.576283
vt 0.912816 0.576204
vt 0.904456 0.871899
vt 0.896173 0.874014
vt 0.315686 0.314227
vt 0.887940 0.871807
vt 0.330352 0.316778
vt 0.300961 0.316831
vt 0.344945 0.314227
vt 0.912816 0.874014
vt 0.359362 0.316628
vt 0.921188 0.871873
vt 0.879735 0.874014
vt 0.286236 0.314227
vt 0.871630 0.871638
vt 0.271581 0.316943
vt 0.373814 0.314227
vt 0.929511 0.874014
vt 0.388054 0.316669
vt 0.937766 0.871824
vt 0.402149 0.314227
vt 0.945936 0.874014
vt 0.416155 0.316743
vt 0.954049 0.871864
vt 0.430176 0.314227
vt 0.962129 0.874014
vt 0.444111 0.317109
vt 0.970131 0.871919
vt 0.556716 0.871693
vt 0.549155 0.874014
vt 0.485249 0.314227
vt 0.541504 0.871839
vt 0.985824 0.871839
vt 0.498745 0.317265
vt 0.471530 0.317493
vt 0.457899 0.314227
vt 0.978009 0.874014
vt 0.511960 0.314227
vt 0.564097 0.874014
vt 0.525123 0.316952
vt 0.571396 0.871474
vt 0.538500 0.314227
vt 0.578712 0.874014
vt 0.551886 0.316688
vt 0.586027 0.870986
vt 0.565077 0.314227
vt 0.593326 0.874014
vt 0.578284 0.316498
vt 0.600618 0.870922
vt 0.591786 0.314227
vt 0.607914 0.874014
vt 0.605375 0.316460
vt 0.615211 0.871185
vt 0.619330 0.314227
vt 0.622508 0.874014
vt 0.633333 0.316722
vt 0.629826 0.871368
vt 0.647554 0.314227
vt 0.637187 0.874014
vt 0.661841 0.317136
vt 0.644624 0.871539
vt 0.676113 0.314227
vt 0.652175 0.874014
vt 0.690386 0.316986
vt 0.659822 0.871636
vt 0.704677 0.314227
vt 0.667545 0.874014
vt 0.719016 0.316755
vt 0.675371 0.871629
vt 0.733434 0.314227
vt 0.683323 0.874014
vt 0.748020 0.316564
vt 0.691397 0.871512
vt 0.762863 0.314227
vt 0.699592 0.874014
vt 0.777767 0.316459
vt 0.707888 0.871484
vt 0.792537 0.314227
vt 0.716271 0.874014
vt 0.807239 0.316322
vt 0.003906 0.316322
vt 0.724707 0.871500
vt 0.018795 0.314227
vt 0.733168 0.874014
vt 0.033749 0.316397
vt 0.741618 0.871562
vt 0.048832 0.314227
vt 0.750025 0.874014
vt 0.063880 0.316689
vt 0.758403 0.871699
vt 0.078730 0.314227
vt 0.766766 0.874014
vt 0.093447 0.317062
vt 0.775175 0.871812
vt 0.108360 0.314227
vt 0.783693 0.874014
vt 0.122848 0.317416
vt 0.792229 0.871717
vt 0.138205 0.314227
vt 0.800692 0.874014
vt 0.153033 0.317450
vt 0.809001 0.871557
vt 0.168133 0.314227
vt 0.817073 0.874014
vt 0.183119 0.317663
vt 0.824973 0.871532
vt 0.198202 0.314227
vt 0.832763 0.874014
vt 0.213197 0.317601
vt 0.840484 0.871505
vt 0.227966 0.314227
vt 0.848178 0.874014
vt 0.242570 0.317115
vt 0.855898 0.871549
vt 0.257067 0.314227
vt 0.863700 0.874014
vt 0.315998 0.444299
vt 0.330841 0.441570
vt 0.962129 0.570019
vt 0.345091 0.443909
vt 0.970131 0.572648
vt 0.954048 0.572491
vt 0.359232 0.441570
vt 0.945936 0.570019
vt 0.373738 0.443762
vt 0.937766 0.572356
vt 0.978009 0.570019
vt 0.302263 0.441570
vt 0.985824 0.572974
vt 0.541504 0.572974
vt 0.287296 0.444584
vt 0.387099 0.441570
vt 0.929511 0.570019
vt 0.400702 0.443628
vt 0.921188 0.572305
vt 0.414610 0.441570
vt 0.912816 0.570019
vt 0.427959 0.443660
vt 0.904456 0.572238
vt 0.441835 0.441570
vt 0.896173 0.570019
vt 0.454540 0.443853
vt 0.887940 0.572197
vt 0.482180 0.444147
vt 0.497645 0.441570
vt 0.863700 0.570019
vt 0.512328 0.444143
vt 0.871630 0.572250
vt 0.855898 0.572448
vt 0.879735 0.570019
vt 0.468838 0.441570
vt 0.526850 0.441570
vt 0.848178 0.570019
vt 0.540604 0.443968
vt 0.840484 0.572620
vt 0.554064 0.441570
vt 0.832763 0.570019
vt 0.567382 0.443994
vt 0.824973 0.572616
vt 0.580912 0.441570
vt 0.817073 0.570019
vt 0.594432 0.444018
vt 0.809001 0.572541
vt 0.608404 0.441570
vt 0.800692 0.570019
vt 0.622259 0.444138
vt 0.792229 0.572450
vt 0.636112 0.441570
vt 0.783693 0.570019
vt 0.650029 0.444424
vt 0.775175 0.572376
vt 0.664014 0.441570
vt 0.766766 0.570019
vt 0.678361 0.444424
vt 0.758403 0.572361
vt 0.692326 0.441570
vt 0.750025 0.570019
vt 0.706433 0.444172
vt 0.741618 0.572345
vt 0.720850 0.441570
vt 0.733168 0.570019
vt 0.735005 0.443930
vt 0.724707 0.572418
vt 0.749782 0.441570
vt 0.716271 0.570019
vt 0.764105 0.443839
vt 0.707888 0.572442
vt 0.778951 0.441570
vt 0.699592 0.570019
vt 0.793333 0.443718
vt 0.003906 0.443666
vt 0.691397 0.572436
vt 0.018592 0.441570
vt 0.683323 0.570019
vt 0.033013 0.443723
vt 0.675371 0.572438
vt 0.048045 0.441570
vt 0.667545 0.570019
vt 0.062310 0.443888
vt 0.659822 0.572496
vt 0.077440 0.441570
vt 0.652175 0.570019
vt 0.091545 0.444323
vt 0.644624 0.572573
vt 0.106707 0.441570
vt 0.637187 0.570019
vt 0.121072 0.444380
vt 0.629826 0.572686
vt 0.135848 0.441570
vt 0.622508 0.570019
vt 0.150050 0.444610
vt 0.615211 0.572728
vt 0.164122 0.441570
vt 0.607914 0.570019
vt 0.177546 0.444660
vt 0.600618 0.572866
vt 0.192345 0.441570
vt 0.593326 0.570019
vt 0.205712 0.444992
vt 0.586027 0.572911
vt 0.218936 0.441570
vt 0.578712 0.570019
vt 0.231155 0.444688
vt 0.571396 0.572954
vt 0.245130 0.441570
vt 0.564097 0.570019
vt 0.258620 0.444609
vt 0.556716 0.572921
vt 0.549155 0.570019
vt 0.273564 0.441570
vt 0.315686 0.433656
vt 0.383373 0.573327
vt 0.301013 0.431109
vt 0.361477 0.575857
vt 0.469580 0.573326
vt 0.373814 0.433656
vt 0.490945 0.576012
vt 0.388113 0.431625
vt 0.405139 0.868049
vt 0.383378 0.871126
vt 0.441835 0.562207
vt 0.361482 0.868347
vt 0.428157 0.558907
vt 0.454425 0.558331
vt 0.414610 0.562207
vt 0.426721 0.871125
vt 0.400691 0.559381
vt 0.448183 0.868179
vt 0.339497 0.871127
vt 0.468838 0.562207
vt 0.317413 0.868432
vt 0.482669 0.558503
vt 0.512292 0.573325
vt 0.402149 0.433656
vt 0.533632 0.576056
vt 0.670986 0.298403
vt 0.416110 0.431771
vt 0.387099 0.562207
vt 0.469586 0.871124
vt 0.372353 0.559708
vt 0.490950 0.868343
vt 0.649923 0.301182
vt 0.430176 0.433656
vt 0.628960 0.298470
vt 0.443977 0.431717
vt 0.359232 0.562207
vt 0.512298 0.871123
vt 0.344915 0.559916
vt 0.533637 0.868200
vt 0.670923 0.011166
vt 0.608199 0.301191
vt 0.457899 0.433656
vt 0.587632 0.298494
vt 0.471452 0.431484
vt 0.330841 0.562207
vt 0.649858 0.008409
vt 0.316568 0.560177
vt 0.628896 0.011142
vt 0.302263 0.562207
vt 0.608134 0.008419
vt 0.287903 0.560267
vt 0.587568 0.011082
vt 0.273564 0.562207
vt 0.567187 0.008428
vt 0.259104 0.560134
vt 0.546971 0.011025
vt 0.245130 0.562207
vt 0.526895 0.008437
vt 0.231370 0.560059
vt 0.506877 0.010915
vt 0.218936 0.562207
vt 0.486832 0.008446
vt 0.205720 0.560273
vt 0.466820 0.010844
vt 0.018795 0.433656
vt 0.070520 0.301311
vt 0.003906 0.429328
vt 0.807239 0.429328
vt 0.092024 0.299105
vt 0.026591 0.573334
vt 0.078730 0.433656
vt 0.048339 0.575547
vt 0.093568 0.430491
vt 0.048857 0.010939
vt 0.070455 0.008538
vt 0.720850 0.562207
vt 0.091960 0.010936
vt 0.706562 0.558979
vt 0.735240 0.558822
vt 0.692326 0.562207
vt 0.027116 0.008548
vt 0.678142 0.559135
vt 0.005304 0.010926
vt 0.004895 0.868621
vt 0.113417 0.008529
vt 0.749782 0.562207
vt 0.134864 0.010999
vt 0.764384 0.557986
vt 0.070181 0.573333
vt 0.108360 0.433656
vt 0.092191 0.575682
vt 0.123417 0.430841
vt 0.664014 0.562207
vt 0.026596 0.871132
vt 0.649896 0.559351
vt 0.048344 0.868563
vt 0.636112 0.562207
vt 0.070186 0.871132
vt 0.621616 0.559536
vt 0.092197 0.868652
vt 0.608404 0.562207
vt 0.114449 0.871131
vt 0.593791 0.559673
vt 0.136901 0.868736
vt 0.580912 0.562207
vt 0.159512 0.871130
vt 0.567139 0.559743
vt 0.182233 0.868616
vt 0.192345 0.562207
vt 0.446898 0.008455
vt 0.177951 0.560351
vt 0.426959 0.010790
vt 0.164122 0.562207
vt 0.406893 0.008463
vt 0.149991 0.560277
vt 0.386713 0.010779
vt 0.135848 0.562207
vt 0.366431 0.008472
vt 0.121399 0.560008
vt 0.345949 0.010840
vt 0.106707 0.562207
vt 0.325164 0.008482
vt 0.092260 0.559590
vt 0.304228 0.010850
vt 0.486897 0.301218
vt 0.538500 0.433656
vt 0.466884 0.298653
vt 0.551886 0.430902
vt 0.567252 0.301200
vt 0.485249 0.433656
vt 0.446963 0.301227
vt 0.565077 0.433656
vt 0.427023 0.298510
vt 0.578301 0.431427
vt 0.406958 0.301236
vt 0.591786 0.433656
vt 0.386777 0.298426
vt 0.605480 0.431633
vt 0.366497 0.301245
vt 0.619330 0.433656
vt 0.346013 0.298574
vt 0.633351 0.431529
vt 0.325229 0.301254
vt 0.647554 0.433656
vt 0.304292 0.298664
vt 0.661841 0.431270
vt 0.283355 0.301263
vt 0.676113 0.433656
vt 0.262384 0.298710
vt 0.690386 0.430986
vt 0.241350 0.301273
vt 0.704677 0.433656
vt 0.220250 0.298856
vt 0.718999 0.430622
vt 0.199083 0.301282
vt 0.733434 0.433656
vt 0.177810 0.299039
vt 0.747921 0.430631
vt 0.156399 0.301291
vt 0.762863 0.433656
vt 0.134928 0.299100
vt 0.777750 0.430110
vt 0.792537 0.433656
vt 0.113482 0.301301
vt 0.114443 0.573332
vt 0.138205 0.433656
vt 0.136896 0.575773
vt 0.153213 0.431243
vt 0.159507 0.573332
vt 0.168133 0.433656
vt 0.182228 0.575890
vt 0.183231 0.431596
vt 0.205009 0.573331
vt 0.198202 0.433656
vt 0.227763 0.575803
vt 0.213247 0.431415
vt 0.250398 0.573330
vt 0.227966 0.433656
vt 0.272890 0.575794
vt 0.242683 0.431137
vt 0.554064 0.562207
vt 0.205015 0.871129
vt 0.539724 0.559658
vt 0.227768 0.868752
vt 0.295217 0.573329
vt 0.257067 0.433656
vt 0.317408 0.575863
vt 0.271710 0.431086
vt 0.526850 0.562207
vt 0.250403 0.871128
vt 0.512422 0.559475
vt 0.272896 0.868479
vt 0.286236 0.433656
vt 0.339491 0.573328
vt 0.497645 0.562207
vt 0.295223 0.871127
vt 0.077440 0.562207
vt 0.283290 0.008491
vt 0.062957 0.558804
vt 0.262320 0.010887
vt 0.048045 0.562207
vt 0.241285 0.008500
vt 0.033375 0.557165
vt 0.220186 0.010895
vt 0.018592 0.562207
vt 0.199017 0.008510
vt 0.003906 0.555990
vt 0.793502 0.555990
vt 0.177746 0.010972
vt 0.778951 0.562207
vt 0.156334 0.008519
vn 0.340367 0.036288 0.939592
vn 0.243442 0.042791 0.968971
vn 0.253111 0.068108 0.965037
vn 0.346195 0.065676 0.935861
vn 0.124738 0.051222 0.990867
vn 0.138369 0.073504 0.987649
vn 0.141135 0.051788 0.988635
vn 0.250000 0.061034 0.966320
vn 0.340525 0.072922 0.937404
vn 0.426344 0.065212 0.902207
vn 0.422530 0.031514 0.905801
vn 0.420922 0.084487 0.903154
vn 0.498800 0.093800 0.861626
vn 0.501437 0.064707 0.862771
vn 0.495889 0.026462 0.867983
vn 0.228300 0.035626 0.972939
vn 0.319162 0.058996 0.945862
vn 0.126149 0.014830 0.991901
vn 0.107971 -0.011888 0.994083
vn 0.202422 0.002671 0.979295
vn 0.293051 0.022159 0.955840
vn 0.403686 0.080693 0.911332
vn 0.381008 0.043672 0.923540
vn 0.467306 0.066309 0.881606
vn 0.486494 0.099245 0.868029
vn 0.189097 -0.024040 0.981664
vn 0.274654 -0.015905 0.961412
vn 0.103359 -0.025350 0.994321
vn 0.111761 -0.021240 0.993508
vn 0.190930 -0.028851 0.981180
vn 0.268919 -0.031824 0.962637
vn 0.359574 -0.001159 0.933116
vn 0.345476 -0.027612 0.938021
vn 0.420155 -0.013820 0.907347
vn 0.443256 0.020312 0.896165
vn 0.201548 -0.024450 0.979173
vn 0.274035 -0.033377 0.961140
vn 0.123905 -0.014533 0.992188
vn 0.130725 -0.023435 0.991142
vn 0.210112 -0.025899 0.977334
vn 0.280228 -0.029021 0.959495
vn 0.341601 -0.037263 0.939106
vn 0.342090 -0.030310 0.939178
vn 0.396284 -0.028007 0.917701
vn 0.404274 -0.032185 0.914072
vn 0.209163 -0.030767 0.977397
vn 0.278993 -0.025274 0.959961
vn 0.127408 -0.037243 0.991151
vn 0.118372 -0.041877 0.992086
vn 0.203369 -0.035606 0.978455
vn 0.273423 -0.030451 0.961412
vn 0.339755 -0.020346 0.940294
vn 0.335031 -0.025191 0.941870
vn 0.392965 -0.022862 0.919269
vn 0.393408 -0.017705 0.919194
vn 0.199378 -0.018466 0.979749
vn 0.270134 -0.018434 0.962646
vn 0.109516 -0.020776 0.993768
vn 0.100398 0.044592 0.993948
vn 0.196199 0.045092 0.979527
vn 0.271806 0.040394 0.961504
vn 0.332574 -0.019059 0.942885
vn 0.338532 0.028366 0.940527
vn 0.401718 0.013242 0.915668
vn 0.394352 -0.021528 0.918708
vn -0.012118 0.061070 0.998060
vn 0.005690 0.082437 0.996580
vn -0.165557 0.071702 0.983590
vn -0.143863 0.095061 0.985021
vn -0.122633 0.053451 0.991012
vn 0.016798 0.048458 0.998684
vn 0.013812 0.001434 0.999904
vn -0.108980 -0.001153 0.994043
vn -0.101342 -0.019513 0.994660
vn 0.007531 -0.019189 0.999788
vn 0.010700 -0.021333 0.999715
vn -0.095606 -0.016899 0.995276
vn -0.093174 -0.009207 0.995607
vn 0.020719 -0.012747 0.999704
vn 0.029069 -0.007547 0.999549
vn -0.095564 -0.007003 0.995399
vn -0.098354 -0.023405 0.994876
vn 0.031558 -0.023066 0.999236
vn 0.027271 -0.043781 0.998669
vn -0.097755 -0.044518 0.994214
vn -0.097259 -0.052425 0.993877
vn 0.018046 -0.049583 0.998607
vn 0.006536 -0.026241 0.999634
vn -0.101589 -0.030161 0.994369
vn -0.109740 0.042532 0.993050
vn -0.006131 0.042621 0.999073
vn -0.222448 -0.013981 0.974844
vn -0.229195 -0.022842 0.973113
vn -0.210307 -0.013935 0.977536
vn -0.311889 -0.023442 0.949829
vn -0.325664 -0.025211 0.945150
vn -0.332950 -0.021597 0.942697
vn -0.222792 -0.035336 0.974225
vn -0.323845 -0.019265 0.945914
vn -0.304019 -0.026476 0.952298
vn -0.210482 -0.044634 0.976578
vn -0.203292 -0.027034 0.978745
vn -0.284777 -0.013622 0.958497
vn -0.270975 0.055478 0.960986
vn -0.202104 0.046262 0.978271
vn -0.854439 0.029206 0.518731
vn -0.773964 0.038954 0.632030
vn -0.769545 0.033488 0.637714
vn -0.844945 0.024605 0.534288
vn -0.643639 0.048993 0.763759
vn -0.633681 0.033495 0.772869
vn -0.630565 0.063285 0.773552
vn -0.761321 0.056986 0.645866
vn -0.830479 0.035778 0.555900
vn -0.897452 0.000675 0.441112
vn -0.910717 0.008836 0.412936
vn -0.881507 0.006745 0.472123
vn -0.935393 -0.018007 0.353150
vn -0.942546 -0.025029 0.333137
vn -0.949965 -0.017160 0.311885
vn -0.976290 -0.036408 0.213385
vn -0.977502 -0.033989 0.208167
vn -0.975704 -0.029151 0.217144
vn -0.995848 -0.033565 0.084613
vn -0.996010 -0.038094 0.080707
vn -0.996025 -0.037103 0.080977
vn -0.998011 -0.041676 -0.047309
vn -0.998230 -0.031886 -0.050202
vn -0.998471 -0.040885 -0.037203
vn -0.988671 -0.049362 -0.141748
vn -0.987354 -0.048561 -0.150908
vn -0.987717 -0.024966 -0.154243
vn -0.970079 -0.053455 -0.236832
vn -0.971772 -0.017431 -0.235277
vn -0.970640 -0.052918 -0.234645
vn -0.945908 -0.047509 -0.320937
vn -0.948818 -0.049880 -0.311859
vn -0.953549 -0.006253 -0.301174
vn -0.919202 -0.035115 -0.392218
vn -0.926993 0.010926 -0.374921
vn -0.911842 -0.032340 -0.409266
vn -0.862209 -0.012592 -0.506397
vn -0.869924 -0.016561 -0.492908
vn -0.877466 0.032873 -0.478511
vn -0.795281 -0.005092 -0.606219
vn -0.799048 0.054350 -0.598806
vn -0.791704 0.003705 -0.610893
vn -0.694165 0.011960 -0.719716
vn -0.692960 -0.002096 -0.720973
vn -0.693837 0.070810 -0.716643
vn -0.589060 -0.002103 -0.808087
vn -0.589573 0.081587 -0.803584
vn -0.592970 0.011505 -0.805142
vn -0.520130 0.006245 -0.854065
vn -0.516890 -0.001059 -0.856051
vn -0.517238 0.085785 -0.851531
vn -0.454318 0.002169 -0.890837
vn -0.453371 0.080958 -0.887638
vn -0.455310 0.001906 -0.890331
vn -0.373789 0.002176 -0.927511
vn -0.374969 0.006477 -0.927015
vn -0.371295 0.068274 -0.926001
vn -0.280688 0.009849 -0.959749
vn -0.275253 0.052240 -0.959952
vn -0.278650 0.007772 -0.960361
vn -0.174061 0.015872 -0.984607
vn -0.174148 0.010869 -0.984659
vn -0.168968 0.039000 -0.984850
vn -0.062096 0.009067 -0.998029
vn -0.057865 0.032244 -0.997804
vn -0.064834 0.022956 -0.997632
vn 0.044914 0.027900 -0.998601
vn 0.048819 0.006245 -0.998788
vn 0.051424 0.031041 -0.998194
vn -0.747254 0.070482 0.660791
vn -0.812329 0.046765 0.581322
vn -0.633373 0.078917 0.769812
vn -0.646544 0.032537 0.762182
vn -0.743593 0.041915 0.667318
vn -0.803992 0.044071 0.593005
vn -0.866298 0.022121 0.499038
vn -0.858427 0.042435 0.511177
vn -0.923341 0.036443 0.382248
vn -0.928752 0.002822 0.370692
vn -0.974544 -0.009091 0.224011
vn -0.971610 0.026166 0.235139
vn -0.994187 0.013706 0.106796
vn -0.995477 -0.017772 0.093326
vn -0.999326 -0.027331 -0.024494
vn -0.999941 0.001692 -0.010747
vn -0.991824 -0.006282 -0.127459
vn -0.990382 -0.034376 -0.134019
vn -0.971130 -0.034189 -0.236087
vn -0.971117 -0.007736 -0.238479
vn -0.940610 -0.003810 -0.339467
vn -0.943112 -0.026488 -0.331417
vn -0.904625 -0.012496 -0.426025
vn -0.898879 0.003981 -0.438179
vn -0.842292 0.016095 -0.538782
vn -0.852116 0.006847 -0.523307
vn -0.782657 0.028120 -0.621818
vn -0.771836 0.030902 -0.635070
vn -0.689765 0.041152 -0.722863
vn -0.692307 0.043227 -0.720308
vn -0.600323 0.044862 -0.798498
vn -0.609724 0.040256 -0.791591
vn -0.547410 0.030329 -0.836315
vn -0.531892 0.035116 -0.846084
vn -0.465820 0.022467 -0.884594
vn -0.480015 0.019709 -0.877039
vn -0.380960 0.017469 -0.924427
vn -0.377052 0.015913 -0.926055
vn -0.274408 0.019847 -0.961409
vn -0.267838 0.026019 -0.963113
vn -0.160482 0.038262 -0.986297
vn -0.168126 0.030940 -0.985280
vn -0.759131 -0.004843 0.650920
vn -0.815331 0.019249 0.578675
vn -0.664986 -0.025714 0.746413
vn -0.674969 -0.054015 0.735866
vn -0.775344 -0.048857 0.629647
vn -0.833119 -0.033790 0.552061
vn -0.863748 0.038766 0.502430
vn -0.878915 -0.012135 0.476825
vn -0.930939 0.010446 0.365024
vn -0.922491 0.048288 0.382987
vn -0.968287 0.046675 0.245444
vn -0.970750 0.028249 0.238426
vn -0.991569 0.037815 0.123941
vn -0.991865 0.038271 0.121403
vn -0.999592 0.028398 0.003230
vn -0.999175 0.038814 0.011952
vn -0.993358 0.034553 -0.109754
vn -0.992683 0.020409 -0.119014
vn -0.971545 0.015902 -0.236320
vn -0.973010 0.028913 -0.228943
vn -0.942225 0.023361 -0.334167
vn -0.940110 0.014293 -0.340571
vn -0.896965 0.014762 -0.441856
vn -0.899452 0.018285 -0.436637
vn -0.839392 0.014520 -0.543333
vn -0.837607 0.017866 -0.545981
vn -0.766341 0.022796 -0.642029
vn -0.767726 0.012362 -0.640659
vn -0.694669 0.011120 -0.719244
vn -0.690809 0.025370 -0.722592
vn -0.619488 0.022337 -0.784689
vn -0.626217 0.010255 -0.779581
vn -0.566926 0.010231 -0.823705
vn -0.560370 0.015786 -0.828092
vn -0.489987 0.011759 -0.871651
vn -0.493971 0.012837 -0.869383
vn -0.380634 0.018659 -0.924538
vn -0.380892 0.016061 -0.924480
vn -0.259536 0.027510 -0.965342
vn -0.256139 0.025032 -0.966316
vn -0.153136 0.031112 -0.987715
vn -0.155494 0.038128 -0.987101
vn -0.842914 -0.069698 0.533516
vn -0.895352 -0.053747 0.442104
vn -0.848798 -0.052847 0.526069
vn -0.912740 -0.040683 0.406510
vn -0.958319 -0.018878 0.285076
vn -0.944983 -0.025876 0.326095
vn -0.775101 -0.067891 0.628179
vn -0.667617 -0.053874 0.742553
vn -0.650285 -0.027242 0.759202
vn -0.763610 -0.045131 0.644099
vn -0.978490 0.003021 0.206272
vn -0.984582 -0.002323 0.174910
vn -0.995985 0.006909 0.089254
vn -0.993924 0.024096 0.107399
vn -0.999382 0.033321 0.011212
vn -0.999914 0.011994 0.005363
vn -0.994768 0.014301 -0.101154
vn -0.994134 0.033400 -0.102872
vn -0.975246 0.029067 -0.219202
vn -0.977038 0.014187 -0.212593
vn -0.950098 0.011367 -0.311746
vn -0.946217 0.022660 -0.322737
vn -0.905143 0.015287 -0.424833
vn -0.911417 0.006251 -0.411437
vn -0.853330 0.001197 -0.521370
vn -0.845888 0.008346 -0.533295
vn -0.773663 0.003237 -0.633589
vn -0.780160 -0.001521 -0.625578
vn -0.701791 -0.000786 -0.712382
vn -0.698749 0.001519 -0.715365
vn -0.627647 0.004116 -0.778487
vn -0.625582 0.003999 -0.780148
vn -0.558274 0.013110 -0.829553
vn -0.565606 0.010266 -0.824611
vn -0.492076 0.018770 -0.870350
vn -0.483325 0.026453 -0.875041
vn -0.381405 0.040542 -0.923518
vn -0.383084 0.026237 -0.923341
vn -0.853110 -0.001997 0.521727
vn -0.926395 0.004256 0.376530
vn -0.851869 0.069960 0.519062
vn -0.928864 0.064880 0.364696
vn -0.964285 0.059351 0.258131
vn -0.965181 0.013765 0.261220
vn -0.750603 0.005307 0.660732
vn -0.634333 0.017825 0.772854
vn -0.625318 0.076721 0.776590
vn -0.741974 0.074027 0.666329
vn -0.985488 0.013331 0.169223
vn -0.982341 0.052108 0.179696
vn -0.993933 0.042567 0.101420
vn -0.996073 0.006906 0.088261
vn -0.999990 0.003129 0.003182
vn -0.999400 0.031800 0.013701
vn -0.995378 0.021545 -0.093586
vn -0.994760 0.002815 -0.102199
vn -0.977659 0.003200 -0.210175
vn -0.979449 0.012760 -0.201290
vn -0.956523 0.004618 -0.291620
vn -0.952782 0.001783 -0.303649
vn -0.916650 -0.001760 -0.399687
vn -0.922327 -0.002669 -0.386401
vn -0.864279 -0.006408 -0.502972
vn -0.859091 -0.004419 -0.511804
vn -0.784263 -0.003688 -0.620418
vn -0.786548 -0.004855 -0.617510
vn -0.701449 0.001806 -0.712717
vn -0.703004 0.000366 -0.711186
vn -0.622164 0.007416 -0.782852
vn -0.616139 0.012548 -0.787537
vn -0.537265 0.025393 -0.843031
vn -0.548082 0.018263 -0.836225
vn -0.845203 0.116888 0.521506
vn -0.919950 0.103322 0.378174
vn -0.843095 0.088397 0.530450
vn -0.911503 0.077294 0.403966
vn -0.955784 0.064075 0.287005
vn -0.958853 0.087418 0.270111
vn -0.741722 0.117626 0.660313
vn -0.625543 0.112332 0.772061
vn -0.633780 0.082882 0.769060
vn -0.750826 0.088334 0.654566
vn -0.978916 0.079166 0.188300
vn -0.979558 0.058028 0.192609
vn -0.989923 0.054002 0.130902
vn -0.990421 0.072296 0.117639
vn -0.997524 0.058667 0.038779
vn -0.996839 0.044415 0.065873
vn -0.998753 0.030868 -0.039230
vn -0.996843 0.040687 -0.068179
vn -0.983606 0.023828 -0.178751
vn -0.987970 0.018000 -0.153592
vn -0.968293 0.007342 -0.249708
vn -0.962562 0.009645 -0.270890
vn -0.929403 -0.000972 -0.369066
vn -0.935644 -0.000381 -0.352944
vn -0.875740 -0.004063 -0.482766
vn -0.870323 -0.006102 -0.492443
vn -0.788802 -0.004912 -0.614628
vn -0.790988 -0.003334 -0.611823
vn -0.693865 0.001994 -0.720102
vn -0.697633 0.002740 -0.716450
vn 0.770822 -0.018680 -0.636776
vn 0.764958 0.032744 -0.643247
vn 0.855649 0.036213 -0.516289
vn 0.854527 -0.020179 -0.519014
vn 0.762848 0.058189 -0.643954
vn 0.857015 0.065976 -0.511051
vn 0.919422 0.072349 -0.386560
vn 0.921035 0.039564 -0.387466
vn 0.921934 -0.016585 -0.386992
vn 0.671435 -0.004127 -0.741052
vn 0.655728 0.036316 -0.754123
vn 0.563064 0.013637 -0.826301
vn 0.549750 0.042329 -0.834256
vn 0.543019 0.055165 -0.837907
vn 0.647366 0.055061 -0.760188
vn 0.778107 -0.054261 -0.625784
vn 0.691416 -0.034583 -0.721628
vn 0.783905 -0.019987 -0.620559
vn 0.704210 -0.013960 -0.709855
vn 0.600177 -0.000847 -0.799867
vn 0.582915 -0.009671 -0.812475
vn 0.852315 -0.058722 -0.519722
vn 0.920713 -0.055452 -0.386279
vn 0.922786 -0.025197 -0.384489
vn 0.853766 -0.022517 -0.520169
vn 0.912917 0.170388 -0.370878
vn 0.906975 0.212777 -0.363486
vn 0.942127 0.212414 -0.259377
vn 0.949144 0.171870 -0.263793
vn 0.911720 0.192141 -0.363109
vn 0.946816 0.191267 -0.258759
vn 0.969612 0.190603 -0.153374
vn 0.964985 0.211623 -0.154983
vn 0.972952 0.169854 -0.156571
vn 0.857341 0.165390 -0.487456
vn 0.854024 0.211207 -0.475431
vn 0.765925 0.155060 -0.623951
vn 0.770825 0.201910 -0.604203
vn 0.785562 0.184197 -0.590731
vn 0.860645 0.191463 -0.471839
vn 0.918315 0.108339 -0.380735
vn 0.859386 0.100348 -0.501385
vn 0.764319 0.090106 -0.638512
vn 0.957211 0.110611 -0.267416
vn 0.982488 0.105870 -0.153324
vn 0.987890 0.061864 -0.142292
vn 0.961618 0.071296 -0.264965
vn 0.965830 0.035142 -0.256783
vn 0.991640 0.023480 -0.126882
vn 0.992977 -0.024055 -0.115835
vn 0.968539 -0.018616 -0.248164
vn 0.968668 -0.054190 -0.242377
vn 0.992129 -0.051189 -0.114279
vn 0.992671 -0.020643 -0.119071
vn 0.970599 -0.026370 -0.239253
vn 0.980667 0.190601 -0.044308
vn 0.976444 0.210548 -0.047197
vn 0.979049 0.191073 0.070383
vn 0.975656 0.208946 0.066610
vn 0.985125 0.157821 0.067977
vn 0.985247 0.164668 -0.046616
vn 0.979340 0.134151 -0.151314
vn 0.990233 0.133708 -0.039497
vn 0.986565 0.071299 -0.146988
vn 0.997006 0.070220 -0.032389
vn 0.993528 0.070609 0.088975
vn 0.987834 0.134493 0.078076
vn 0.956474 0.135141 -0.258638
vn 0.921544 0.135658 -0.363804
vn 0.929943 0.072607 -0.360465
vn 0.964059 0.072592 -0.255578
vn 0.994752 0.094977 -0.038055
vn 0.993700 0.081123 0.077332
vn 0.995006 0.025501 0.096501
vn 0.998748 0.045681 -0.020397
vn 0.999972 0.007393 0.000751
vn 0.992455 -0.013259 0.121892
vn 0.988920 -0.037153 0.143723
vn 0.999497 -0.028393 0.014125
vn 0.999017 -0.042232 0.013505
vn 0.987305 -0.036717 0.154531
vn 0.987915 0.001723 0.154989
vn 0.999953 -0.008615 0.004428
vn 0.990640 -0.070596 0.116825
vn 0.994775 0.001404 0.102079
vn 0.999727 0.002325 -0.023250
vn 0.997650 -0.067268 -0.013040
vn 0.990072 0.005095 -0.140467
vn 0.989205 -0.060896 -0.133284
vn 0.965589 -0.068763 0.250817
vn 0.972982 0.003852 0.230849
vn 0.922357 -0.060489 0.381573
vn 0.934123 0.010546 0.356794
vn 0.938660 0.078671 0.335751
vn 0.974213 0.073388 0.213360
vn 0.970424 0.136584 0.199053
vn 0.937122 0.138842 0.320195
vn 0.930554 0.186878 0.314876
vn 0.962990 0.190833 0.190352
vn 0.960299 0.205327 0.188857
vn 0.926316 0.195522 0.322041
vn 0.931497 0.137072 0.336934
vn 0.969583 0.149734 0.193621
vn 0.976753 0.067314 0.203523
vn 0.934695 0.053581 0.351389
vn 0.932392 -0.007414 0.361373
vn 0.975515 0.005638 0.219859
vn 0.969662 -0.035569 0.241850
vn 0.929038 -0.047831 0.366879
vn 0.924787 -0.067539 0.374443
vn 0.962652 -0.053540 0.265397
vn 0.957450 -0.043297 0.285333
vn 0.919028 -0.057943 0.389910
vn 0.912927 -0.005958 0.408080
vn 0.955046 0.003729 0.296436
vn 0.863621 -0.046089 0.502031
vn 0.879699 0.021122 0.475062
vn 0.794661 -0.027960 0.606409
vn 0.812895 0.033786 0.581429
vn 0.822518 0.092977 0.561087
vn 0.887519 0.085667 0.452736
vn 0.887992 0.139735 0.438115
vn 0.824043 0.138399 0.549363
vn 0.816497 0.160070 0.554716
vn 0.881322 0.176594 0.438276
vn 0.872696 0.176257 0.455340
vn 0.802356 0.148645 0.578040
vn 0.790081 0.092844 0.605931
vn 0.869418 0.117378 0.479932
vn 0.866237 0.039826 0.498044
vn 0.781425 0.026968 0.623416
vn 0.778372 -0.008208 0.627750
vn 0.864364 -0.010049 0.502767
vn 0.867809 -0.042739 0.495057
vn 0.782207 -0.030494 0.622273
vn 0.787630 -0.061211 0.613101
vn 0.870569 -0.069524 0.487110
vn 0.867202 -0.072061 0.492715
vn 0.790155 -0.074956 0.608306
vn 0.791175 -0.038646 0.610367
vn 0.859649 -0.025807 0.510233
vn 0.720067 -0.009471 0.693840
vn 0.737601 0.046080 0.673663
vn 0.642914 0.006567 0.765910
vn 0.657044 0.055854 0.751780
vn 0.663073 0.101410 0.741653
vn 0.746722 0.098834 0.657752
vn 0.747513 0.134196 0.650550
vn 0.660729 0.126327 0.739918
vn 0.648538 0.114787 0.752478
vn 0.738105 0.138806 0.660253
vn 0.718510 0.115794 0.685810
vn 0.625119 0.081186 0.776296
vn 0.598626 0.038145 0.800120
vn 0.698255 0.066279 0.712775
vn 0.684621 0.014675 0.728751
vn 0.578309 0.000062 0.815818
vn 0.567101 -0.014665 0.823518
vn 0.678300 -0.009342 0.734725
vn 0.677918 -0.023285 0.734769
vn 0.564629 -0.020618 0.825087
vn 0.569454 -0.036066 0.821232
vn 0.682775 -0.048648 0.729007
vn 0.692335 -0.061761 0.718928
vn 0.579376 -0.042214 0.813966
vn 0.591672 -0.014561 0.806048
vn 0.704783 -0.031586 0.708719
vn 0.567285 0.018569 0.823312
vn 0.576780 0.061982 0.814545
vn 0.578335 0.099659 0.809689
vn 0.571203 0.114521 0.812781
vn 0.555540 0.090119 0.826592
vn 0.530458 0.048299 0.846334
vn 0.501970 0.009643 0.864831
vn 0.478478 -0.017663 0.877922
vn 0.464889 -0.021982 0.885096
vn 0.461943 -0.018440 0.886718
vn 0.465677 -0.026610 0.884555
vn 0.471612 -0.028219 0.881355
vn 0.479617 -0.000093 0.877478
vn -0.294016 0.081398 0.952328
vn -0.274577 0.109067 0.955360
vn -0.354991 0.086810 0.930830
vn -0.348341 0.118227 0.929882
vn -0.338419 0.078146 0.937745
vn -0.250888 0.065959 0.965766
vn -0.227194 0.007348 0.973822
vn -0.323071 0.019648 0.946171
vn -0.309086 -0.007635 0.951003
vn -0.210154 -0.014495 0.977561
vn -0.204480 -0.015905 0.978741
vn -0.304711 -0.017299 0.952288
vn -0.391413 0.085722 0.916214
vn -0.396265 0.117978 0.910525
vn -0.442346 0.081705 0.893115
vn -0.446846 0.112826 0.887468
vn -0.453626 0.080976 0.887506
vn -0.400922 0.082512 0.912389
vn -0.398660 0.027365 0.916691
vn -0.457232 0.028989 0.888875
vn -0.460374 -0.004324 0.887715
vn -0.393530 -0.003232 0.919306
vn -0.393309 -0.019825 0.919193
vn -0.467866 -0.025889 0.883420
vn -0.477547 -0.042254 0.877590
vn -0.400426 -0.033212 0.915727
vn -0.411171 -0.035846 0.910853
vn -0.482827 -0.041148 0.874749
vn -0.474234 -0.007246 0.880369
vn -0.413966 -0.018243 0.910109
vn -0.399652 0.001176 0.916667
vn -0.447694 0.028390 0.893736
vn -0.417140 0.027250 0.908434
vn -0.374045 -0.000688 0.927410
vn -0.348291 0.008529 0.937348
vn -0.398154 0.027120 0.916918
vn -0.393701 0.075025 0.916172
vn -0.329192 0.068821 0.941752
vn -0.519432 0.080051 0.850754
vn -0.518012 0.110045 0.848265
vn -0.521274 0.078666 0.849756
vn -0.527376 0.025988 0.849235
vn -0.537490 -0.012296 0.843180
vn -0.551910 -0.037753 0.833049
vn -0.562786 -0.050213 0.825076
vn -0.561049 -0.038009 0.826910
vn -0.542937 0.013080 0.839671
vn -0.512312 0.060272 0.856682
vn -0.487216 0.051153 0.871782
vn -0.480984 0.033051 0.876106
vn -0.493168 0.065155 0.867491
vn -0.599056 0.010561 -0.800638
vn -0.607170 0.015346 -0.794424
vn -0.523431 0.017762 -0.851883
vn -0.528252 0.027928 -0.848628
vn -0.454299 0.039589 -0.889969
vn -0.468604 0.034101 -0.882750
vn -0.355326 0.054961 -0.933125
vn -0.369582 0.053097 -0.927680
vn -0.447562 0.037606 -0.893462
vn -0.448955 0.021047 -0.893306
vn -0.354870 0.021498 -0.934669
vn -0.350034 0.045382 -0.935637
vn -0.258796 0.070846 -0.963331
vn -0.265426 0.051082 -0.962777
vn -0.247930 0.069520 -0.966280
vn -0.139346 0.080698 -0.986950
vn -0.144533 0.084758 -0.985863
vn -0.149823 0.060340 -0.986870
vn -0.261270 0.029486 -0.964815
vn -0.151956 0.033724 -0.987812
vn -0.058496 0.042947 -0.997363
vn -0.056633 0.047203 -0.997279
vn -0.058506 0.038832 -0.997532
vn 0.040488 0.048486 -0.998003
vn 0.041183 0.043798 -0.998191
vn 0.045991 0.051892 -0.997593
vn -0.060811 0.043557 -0.997199
vn 0.045584 0.054054 -0.997497
vn 0.155334 0.005495 -0.987847
vn 0.155201 0.033754 -0.987306
vn 0.151624 0.030714 -0.987961
vn 0.250939 0.031191 -0.967500
vn 0.254144 0.008627 -0.967128
vn 0.251188 0.039429 -0.967135
vn -0.251768 0.020184 -0.967577
vn -0.244837 0.051754 -0.968182
vn -0.148459 0.017473 -0.988764
vn -0.140062 0.056107 -0.988552
vn -0.045441 0.014108 -0.998867
vn -0.036958 0.057951 -0.997635
vn 0.055606 0.011787 -0.998383
vn 0.062550 0.057484 -0.996385
vn 0.068855 0.088622 -0.993683
vn -0.032653 0.086884 -0.995683
vn -0.032538 0.094163 -0.995025
vn 0.071614 0.099917 -0.992415
vn 0.066106 0.085691 -0.994126
vn -0.038233 0.072129 -0.996662
vn -0.049505 0.045527 -0.997736
vn 0.051947 0.063110 -0.996654
vn 0.146894 0.010797 -0.989093
vn 0.153282 0.054564 -0.986675
vn 0.222000 0.008732 -0.975008
vn 0.231035 0.048370 -0.971742
vn 0.241804 0.082254 -0.966833
vn 0.161363 0.086988 -0.983054
vn 0.165782 0.103152 -0.980753
vn 0.248304 0.103879 -0.963096
vn 0.247923 0.107216 -0.962829
vn 0.161835 0.098241 -0.981916
vn 0.149800 0.081027 -0.985391
vn 0.241781 0.095300 -0.965640
vn 0.235066 0.069567 -0.969487
vn 0.139618 0.058931 -0.988450
vn 0.139355 0.044480 -0.989243
vn 0.232196 0.047996 -0.971484
vn 0.234566 0.053248 -0.970641
vn 0.144149 0.053539 -0.988107
vn 0.147867 0.059708 -0.987203
vn 0.242233 0.058659 -0.968443
vn 0.295172 0.004069 -0.955436
vn 0.306475 0.038903 -0.951083
vn 0.380129 -0.001520 -0.924932
vn 0.389803 0.027847 -0.920477
vn 0.401263 0.066632 -0.913536
vn 0.319041 0.074990 -0.944769
vn 0.326538 0.102532 -0.939606
vn 0.406943 0.100949 -0.907858
vn 0.404961 0.117477 -0.906756
vn 0.328028 0.112365 -0.937962
vn 0.325316 0.105140 -0.939742
vn 0.397689 0.114766 -0.910314
vn 0.389835 0.090648 -0.916412
vn 0.320370 0.080087 -0.943901
vn 0.315212 0.055072 -0.947422
vn 0.384714 0.062811 -0.920896
vn 0.384279 0.052389 -0.921729
vn 0.315153 0.052379 -0.947594
vn 0.323995 0.052109 -0.944623
vn 0.389421 0.045811 -0.919920
vn 0.396781 0.026406 -0.917534
vn 0.334689 0.029361 -0.941871
vn 0.338187 0.013771 -0.940978
vn 0.402605 0.014987 -0.915251
vn 0.409713 0.037733 -0.911434
vn 0.336701 0.043672 -0.940598
vn 0.483833 -0.006440 -0.875137
vn 0.489894 0.017696 -0.871602
vn 0.609711 -0.012610 -0.792523
vn 0.612802 0.010444 -0.790168
vn 0.612410 0.057053 -0.788479
vn 0.496881 0.059655 -0.865766
vn 0.497360 0.101956 -0.861532
vn 0.604640 0.108104 -0.789129
vn 0.587006 0.144862 -0.796517
vn 0.488271 0.127544 -0.863321
vn 0.472754 0.129938 -0.871562
vn 0.563517 0.152863 -0.811838
vn 0.546277 0.118903 -0.829122
vn 0.460054 0.102930 -0.881904
vn 0.455393 0.069045 -0.887609
vn 0.540756 0.074549 -0.837870
vn 0.455927 0.053993 -0.888378
vn 0.458662 0.044081 -0.887517
vn 0.464965 0.022877 -0.885034
vn 0.476541 0.007717 -0.879119
vn 0.492493 0.019414 -0.870100
vn 0.730035 -0.021569 -0.683069
vn 0.730821 0.007324 -0.682530
vn 0.823546 -0.031283 -0.566386
vn 0.822184 0.007600 -0.569172
vn 0.814503 0.065705 -0.576427
vn 0.724676 0.060000 -0.686473
vn 0.711450 0.118820 -0.692618
vn 0.802019 0.129042 -0.583193
vn 0.690178 0.166609 -0.704199
vn 0.665764 0.180104 -0.724100
vn 0.650262 0.137947 -0.747081
vn 0.645287 0.081071 -0.759626
vn 0.890822 -0.039450 -0.452636
vn 0.888813 0.009015 -0.458181
vn 0.936510 -0.046382 -0.347559
vn 0.935340 0.009546 -0.353621
vn 0.881942 0.070347 -0.466080
vn 0.871974 0.134360 -0.470754
vn 0.968367 -0.053489 -0.243728
vn 0.968273 0.008057 -0.249767
vn 0.329165 -0.058948 0.942431
vn 0.324292 -0.083317 0.942281
vn 0.230889 -0.078721 0.969790
vn 0.231428 -0.057593 0.971146
vn 0.312419 -0.072772 0.947153
vn 0.223583 -0.059409 0.972873
vn 0.122140 -0.050296 0.991238
vn 0.121753 -0.078738 0.989433
vn 0.115467 -0.059200 0.991546
vn 0.410502 -0.062661 0.909704
vn 0.402458 -0.090972 0.910907
vn 0.476745 -0.069169 0.876316
vn 0.465884 -0.100282 0.879145
vn 0.455217 -0.100664 0.884672
vn 0.389267 -0.087720 0.916938
vn 0.291714 -0.042327 0.955569
vn 0.205636 -0.023186 0.978354
vn 0.271549 -0.003750 0.962417
vn 0.187626 0.009219 0.982197
vn 0.099389 0.018216 0.994882
vn 0.111024 -0.007561 0.993789
vn 0.370922 -0.061682 0.926613
vn 0.445459 -0.076729 0.892008
vn 0.436325 -0.031445 0.899239
vn 0.353587 -0.018205 0.935224
vn 0.261970 0.028686 0.964650
vn 0.181640 0.030484 0.982892
vn 0.264192 0.038587 0.963698
vn 0.188347 0.031689 0.981591
vn 0.110614 0.022132 0.993617
vn 0.099709 0.028048 0.994621
vn 0.342780 0.023209 0.939129
vn 0.426018 0.013699 0.904611
vn 0.414661 0.034595 0.909318
vn 0.339306 0.040605 0.939799
vn 0.274168 0.036038 0.961006
vn 0.202015 0.025132 0.979060
vn 0.287226 0.032249 0.957320
vn 0.217074 0.025117 0.975832
vn 0.137579 0.019387 0.990301
vn 0.124567 0.013907 0.992114
vn 0.341694 0.042561 0.938847
vn 0.405063 0.040341 0.913399
vn 0.403566 0.040452 0.914056
vn 0.349147 0.038059 0.936295
vn 0.298868 0.014121 0.954190
vn 0.229209 0.016377 0.973239
vn 0.307441 -0.031452 0.951047
vn 0.238842 -0.018636 0.970880
vn 0.159134 -0.002404 0.987254
vn 0.148120 0.021271 0.988741
vn 0.359868 0.014311 0.932893
vn 0.413653 0.018540 0.910246
vn 0.429985 -0.041266 0.901892
vn 0.370823 -0.040260 0.927831
vn -0.003485 -0.084477 0.996419
vn -0.017371 -0.064479 0.997768
vn 0.006623 -0.047585 0.998845
vn -0.126983 -0.053114 0.990482
vn -0.147875 -0.095615 0.984373
vn -0.167894 -0.072768 0.983116
vn 0.006220 0.001893 0.999979
vn 0.003848 0.021885 0.999753
vn -0.102582 0.020353 0.994516
vn -0.112042 0.002238 0.993701
vn 0.009516 0.022218 0.999708
vn 0.020425 0.012904 0.999708
vn -0.093181 0.009213 0.995607
vn -0.095830 0.017123 0.995250
vn 0.029704 0.006303 0.999539
vn 0.038145 0.017251 0.999123
vn -0.092118 0.018084 0.995584
vn -0.095067 0.005896 0.995453
vn 0.048136 0.029259 0.998412
vn 0.061906 0.019837 0.997885
vn -0.051192 0.043027 0.997762
vn -0.076975 0.035891 0.996387
vn -0.222808 0.018333 0.974690
vn -0.221827 0.013145 0.974998
vn -0.326471 0.016359 0.945066
vn -0.324944 0.024238 0.945423
vn -0.311889 0.023442 0.949829
vn -0.210309 0.013936 0.977536
vn -0.201160 0.031799 0.979042
vn -0.161194 0.051124 0.985598
vn -0.257946 0.041445 0.965270
vn -0.302594 0.016604 0.952975
vn -0.793356 0.050433 0.606666
vn -0.797143 -0.037253 0.602641
vn -0.731417 -0.056973 0.679546
vn -0.722950 0.044947 0.689436
vn -0.799451 -0.051605 0.598511
vn -0.738940 -0.049190 0.671973
vn -0.641856 -0.043305 0.765602
vn -0.618284 -0.073592 0.782502
vn -0.600898 0.027433 0.798855
vn -0.848310 0.057066 0.526416
vn -0.853187 -0.017961 0.521296
vn -0.908204 0.061153 0.414036
vn -0.918678 0.001786 0.395003
vn -0.921022 -0.039755 0.387476
vn -0.854857 -0.049881 0.516460
vn -0.958550 0.050656 0.280384
vn -0.968255 0.015248 0.249501
vn -0.989240 0.034906 0.142076
vn -0.992723 0.023393 0.118124
vn -0.993512 -0.009200 0.113355
vn -0.970174 -0.024527 0.241166
vn -0.999552 0.025307 0.016001
vn -0.999509 0.031342 0.000023
vn -0.996181 0.013898 -0.086197
vn -0.993423 0.035040 -0.109007
vn -0.992588 0.013640 -0.120763
vn -0.999982 0.004441 -0.004046
vn -0.983271 -0.005534 -0.182067
vn -0.976756 0.030256 -0.212206
vn -0.958460 -0.024103 -0.284205
vn -0.950271 0.019914 -0.310786
vn -0.942811 0.012156 -0.333107
vn -0.972606 0.015852 -0.231918
vn -0.922207 -0.035195 -0.385092
vn -0.912982 0.007292 -0.407934
vn -0.876056 -0.045519 -0.480056
vn -0.862793 -0.009157 -0.505475
vn -0.845887 -0.006547 -0.533322
vn -0.901762 0.004710 -0.432207
vn -0.813072 -0.061362 -0.578920
vn -0.796212 -0.028894 -0.604328
vn -0.719476 -0.077223 -0.690211
vn -0.707947 -0.043047 -0.704952
vn -0.694420 -0.028879 -0.718991
vn -0.776041 -0.020145 -0.630361
vn -0.616243 -0.082598 -0.783213
vn -0.616892 -0.044877 -0.785767
vn -0.542268 -0.077137 -0.836658
vn -0.549032 -0.038182 -0.834929
vn -0.553413 -0.020518 -0.832654
vn -0.615131 -0.027846 -0.787933
vn -0.478648 -0.069308 -0.875267
vn -0.484006 -0.028794 -0.874591
vn -0.396795 -0.064172 -0.915662
vn -0.396137 -0.022836 -0.917908
vn -0.387182 -0.011458 -0.921932
vn -0.486094 -0.012737 -0.873814
vn -0.300564 -0.061591 -0.951771
vn -0.293779 -0.025758 -0.955526
vn -0.197480 -0.060556 -0.978435
vn -0.188087 -0.035952 -0.981494
vn -0.167457 -0.033258 -0.985318
vn -0.274409 -0.020339 -0.961398
vn -0.814782 -0.021076 0.579385
vn -0.758704 0.003156 0.651427
vn -0.833119 0.033790 0.552061
vn -0.775344 0.048857 0.629647
vn -0.674969 0.054015 0.735866
vn -0.664721 0.023514 0.746722
vn -0.863391 -0.040566 0.502902
vn -0.922342 -0.049099 0.383242
vn -0.930940 -0.010446 0.365024
vn -0.878914 0.012135 0.476825
vn -0.968189 -0.046292 0.245900
vn -0.991829 -0.037224 0.122022
vn -0.991569 -0.037815 0.123941
vn -0.970750 -0.028249 0.238426
vn -0.999629 -0.026960 0.003849
vn -0.992789 -0.018583 -0.118425
vn -0.993358 -0.034553 -0.109754
vn -0.999175 -0.038813 0.011952
vn -0.971730 -0.013785 -0.235691
vn -0.940375 -0.012061 -0.339925
vn -0.942224 -0.023361 -0.334167
vn -0.973010 -0.028913 -0.228943
vn -0.897276 -0.012404 -0.441296
vn -0.837964 -0.015243 -0.545513
vn -0.839392 -0.014520 -0.543333
vn -0.899453 -0.018285 -0.436636
vn -0.766778 -0.019900 -0.641603
vn -0.691314 -0.022288 -0.722210
vn -0.694712 -0.011078 -0.719203
vn -0.767736 -0.012356 -0.640648
vn -0.620195 -0.019345 -0.784209
vn -0.561380 -0.013225 -0.827452
vn -0.568254 -0.008906 -0.822805
vn -0.626591 -0.009951 -0.779285
vn -0.491534 -0.008873 -0.870813
vn -0.383980 -0.010347 -0.923284
vn -0.395551 -0.002467 -0.918441
vn -0.499167 -0.007730 -0.866472
vn -0.264415 -0.016281 -0.964272
vn -0.161176 -0.020063 -0.986722
vn -0.179005 0.030614 -0.983372
vn -0.280127 0.011457 -0.959895
vn -0.895352 0.053747 0.442104
vn -0.842914 0.069698 0.533516
vn -0.944983 0.025876 0.326095
vn -0.958319 0.018878 0.285076
vn -0.912740 0.040683 0.406510
vn -0.848798 0.052848 0.526069
vn -0.775101 0.067891 0.628179
vn -0.763610 0.045131 0.644099
vn -0.650285 0.027242 0.759202
vn -0.667617 0.053874 0.742553
vn -0.978490 -0.003021 0.206272
vn -0.993924 -0.024096 0.107399
vn -0.995985 -0.006909 0.089254
vn -0.984582 0.002323 0.174910
vn -0.999382 -0.033321 0.011213
vn -0.994134 -0.033401 -0.102872
vn -0.994768 -0.014301 -0.101154
vn -0.999914 -0.011994 0.005363
vn -0.975246 -0.029067 -0.219202
vn -0.946217 -0.022661 -0.322738
vn -0.950098 -0.011367 -0.311746
vn -0.977038 -0.014187 -0.212593
vn -0.905143 -0.015287 -0.424832
vn -0.845890 -0.008343 -0.533292
vn -0.853341 -0.001184 -0.521352
vn -0.911419 -0.006249 -0.411432
vn -0.773724 -0.003184 -0.633515
vn -0.699009 -0.001240 -0.715112
vn -0.702855 0.001690 -0.711331
vn -0.780409 0.001698 -0.625267
vn -0.629145 -0.002847 -0.777283
vn -0.570453 -0.005917 -0.821309
vn -0.572032 -0.002308 -0.820228
vn -0.630269 -0.000462 -0.776377
vn -0.507747 -0.006117 -0.861485
vn -0.423857 0.005520 -0.905712
vn -0.454178 0.007430 -0.890880
vn -0.517316 -0.001069 -0.855794
vn -0.926395 -0.004256 0.376530
vn -0.853110 0.001997 0.521727
vn -0.965181 -0.013765 0.261220
vn -0.964285 -0.059352 0.258131
vn -0.928864 -0.064879 0.364696
vn -0.851869 -0.069960 0.519062
vn -0.750603 -0.005307 0.660732
vn -0.741974 -0.074027 0.666330
vn -0.625318 -0.076721 0.776590
vn -0.634333 -0.017825 0.772854
vn -0.985488 -0.013331 0.169223
vn -0.996073 -0.006906 0.088261
vn -0.993933 -0.042568 0.101420
vn -0.982341 -0.052108 0.179696
vn -0.999990 -0.003129 0.003182
vn -0.994760 -0.002814 -0.102199
vn -0.995378 -0.021545 -0.093585
vn -0.999400 -0.031800 0.013701
vn -0.977659 -0.003200 -0.210175
vn -0.952782 -0.001784 -0.303649
vn -0.956523 -0.004618 -0.291619
vn -0.979448 -0.012761 -0.201290
vn -0.916655 0.001763 -0.399675
vn -0.859118 0.004436 -0.511759
vn -0.864315 0.006412 -0.502910
vn -0.922334 0.002670 -0.386384
vn -0.784836 0.003925 -0.619691
vn -0.705461 0.000817 -0.708748
vn -0.704824 -0.001418 -0.709381
vn -0.787332 0.004944 -0.616509
vn -0.631973 -0.002942 -0.774985
vn -0.575570 -0.005105 -0.817736
vn -0.573344 -0.021579 -0.819030
vn -0.629224 -0.011123 -0.777145
vn -0.919951 -0.103322 0.378174
vn -0.845204 -0.116888 0.521506
vn -0.958853 -0.087418 0.270111
vn -0.955784 -0.064075 0.287005
vn -0.911503 -0.077294 0.403966
vn -0.843095 -0.088397 0.530450
vn -0.741721 -0.117626 0.660313
vn -0.750826 -0.088334 0.654567
vn -0.633780 -0.082882 0.769060
vn -0.625543 -0.112332 0.772061
vn -0.978916 -0.079166 0.188300
vn -0.990421 -0.072296 0.117639
vn -0.989923 -0.054002 0.130903
vn -0.979558 -0.058028 0.192609
vn -0.997524 -0.058667 0.038779
vn -0.996843 -0.040688 -0.068179
vn -0.998753 -0.030868 -0.039230
vn -0.996839 -0.044415 0.065873
vn -0.983606 -0.023829 -0.178752
vn -0.962562 -0.009645 -0.270890
vn -0.968293 -0.007342 -0.249709
vn -0.987970 -0.017999 -0.153592
vn -0.929408 0.000971 -0.369052
vn -0.870352 0.006091 -0.492392
vn -0.875753 0.004049 -0.482742
vn -0.935647 0.000379 -0.352937
vn -0.789469 0.004801 -0.613771
vn -0.700534 -0.003373 -0.713611
vn -0.695373 -0.002978 -0.718643
vn -0.791332 0.003149 -0.611378
vn 0.778159 -0.115438 -0.617367
vn 0.847492 -0.099952 -0.521313
vn 0.837212 -0.099728 -0.537709
vn 0.772591 -0.109278 -0.625429
vn 0.903275 -0.074322 -0.422575
vn 0.892826 -0.085777 -0.442158
vn 0.889291 -0.073385 -0.451415
vn 0.833579 -0.080848 -0.546452
vn 0.770953 -0.086759 -0.630955
vn 0.697026 -0.112239 -0.708207
vn 0.696050 -0.117745 -0.708273
vn 0.699700 -0.089687 -0.708785
vn 0.615468 -0.087248 -0.783318
vn 0.604910 -0.107249 -0.789039
vn 0.597189 -0.110057 -0.794514
vn 0.887946 -0.035728 -0.458559
vn 0.936314 -0.026959 -0.350127
vn 0.937231 -0.020183 -0.348124
vn 0.887467 -0.033155 -0.459677
vn 0.973298 -0.018375 -0.228807
vn 0.975447 -0.006719 -0.220130
vn 0.978191 -0.021155 -0.206629
vn 0.939143 -0.037276 -0.341497
vn 0.888302 -0.051082 -0.456409
vn 0.829680 -0.043129 -0.556571
vn 0.830932 -0.043076 -0.554704
vn 0.829992 -0.060872 -0.554444
vn 0.769539 -0.066266 -0.635152
vn 0.769083 -0.048332 -0.637318
vn 0.769333 -0.047587 -0.637073
vn 0.832189 -0.057267 -0.551527
vn 0.888448 -0.052067 -0.456015
vn 0.770073 -0.061530 -0.634982
vn 0.935856 -0.046466 -0.349306
vn 0.936035 -0.065160 -0.345821
vn 0.971968 -0.055721 -0.228416
vn 0.972093 -0.040515 -0.231073
vn 0.938533 -0.070107 -0.337995
vn 0.946233 -0.045928 -0.320210
vn 0.977821 -0.020070 -0.208481
vn 0.973567 -0.053571 -0.222029
vn 0.997113 0.003820 -0.075833
vn 0.998583 -0.006337 -0.052835
vn 0.995543 -0.012092 -0.093526
vn 0.998353 -0.009076 0.056643
vn 0.996708 0.010162 0.080433
vn 0.993988 0.003842 0.109426
vn 0.998596 -0.045011 -0.027925
vn 0.980698 -0.056587 -0.187159
vn 0.989796 -0.035859 0.137908
vn 0.980147 -0.119943 0.157877
vn 0.992782 -0.119793 -0.005748
vn 0.979789 -0.115317 -0.163451
vn 0.943060 -0.066611 -0.325886
vn 0.947656 -0.104985 -0.301538
vn 0.902487 -0.089613 -0.421291
vn 0.893183 -0.072838 -0.443756
vn 0.994323 -0.034771 -0.100568
vn 0.994087 -0.044189 -0.099189
vn 0.998588 -0.030242 0.043675
vn 0.998533 -0.030460 0.044757
vn 0.995007 -0.035044 -0.093455
vn 0.996440 0.001467 -0.084299
vn 0.998367 0.019119 0.053828
vn 0.998724 -0.012699 0.048882
vn 0.971123 -0.187438 0.147608
vn 0.983997 -0.178160 0.003079
vn 0.983068 -0.183200 0.003921
vn 0.968480 -0.191793 0.158941
vn 0.978342 -0.159812 -0.131555
vn 0.975851 -0.164406 -0.143823
vn 0.930270 -0.191938 0.312662
vn 0.937060 -0.187673 0.294446
vn 0.940797 -0.117300 0.318028
vn 0.877083 -0.113491 0.466738
vn 0.869397 -0.185104 0.458132
vn 0.882141 -0.179090 0.435609
vn 0.953266 -0.030183 0.300620
vn 0.962691 0.008555 0.270468
vn 0.909705 0.005358 0.415221
vn 0.893083 -0.029859 0.448900
vn 0.971127 0.011787 0.238271
vn 0.977303 -0.009705 0.211626
vn 0.934713 -0.013000 0.355167
vn 0.924768 0.006814 0.380471
vn 0.979992 -0.028480 0.196990
vn 0.981122 -0.016175 0.192713
vn 0.940926 -0.006013 0.338558
vn 0.938527 -0.026834 0.344161
vn 0.981125 0.010114 0.193109
vn 0.981249 0.030950 0.190244
vn 0.951028 0.030461 0.307601
vn 0.944734 0.023265 0.327013
vn 0.793287 -0.172325 0.583952
vn 0.812296 -0.162277 0.560216
vn 0.797391 -0.110535 0.593253
vn 0.716523 -0.109856 0.688859
vn 0.715399 -0.155881 0.681106
vn 0.738294 -0.140000 0.659789
vn 0.817409 -0.036910 0.574874
vn 0.841540 -0.005947 0.540162
vn 0.766559 -0.021496 0.641814
vn 0.739099 -0.050764 0.671681
vn 0.861799 -0.002863 0.507242
vn 0.873029 -0.015507 0.487422
vn 0.793768 -0.014670 0.608044
vn 0.785946 -0.011900 0.618181
vn 0.875424 -0.022342 0.482840
vn 0.877939 -0.000387 0.478773
vn 0.792740 0.005452 0.609536
vn 0.792706 -0.014572 0.609430
vn 0.887983 0.022861 0.459308
vn 0.904871 0.015536 0.425403
vn 0.827018 -0.005488 0.562148
vn 0.803810 0.018835 0.594588
vn 0.643455 -0.138740 0.752806
vn 0.666465 -0.116394 0.736394
vn 0.642287 -0.111176 0.758358
vn 0.576121 -0.111811 0.809680
vn 0.579968 -0.123320 0.805251
vn 0.599333 -0.095425 0.794792
vn 0.663460 -0.067306 0.745179
vn 0.688377 -0.035275 0.724495
vn 0.604366 -0.042275 0.795584
vn 0.589131 -0.079919 0.804076
vn 0.701299 -0.014899 0.712712
vn 0.701385 -0.008692 0.712729
vn 0.598819 0.003580 0.800876
vn 0.607717 -0.009920 0.794092
vn 0.694539 -0.003745 0.719445
vn 0.690404 0.015134 0.723266
vn 0.576619 0.027199 0.816560
vn 0.584658 0.010991 0.811205
vn 0.698651 0.019807 0.715189
vn 0.721357 -0.022994 0.692182
vn 0.606432 -0.032596 0.794467
vn 0.584711 0.023670 0.810896
vn 0.522374 -0.110755 0.845493
vn 0.536788 -0.079663 0.839948
vn 0.515533 -0.108810 0.849933
vn 0.517152 -0.083410 0.851819
vn 0.519425 -0.040490 0.853556
vn 0.513375 0.001183 0.858164
vn 0.498568 0.020255 0.866614
vn 0.481059 0.028014 0.876240
vn 0.472632 0.037018 0.880482
vn 0.481976 0.023777 0.875862
vn 0.502610 -0.037202 0.863712
vn -0.275523 -0.109134 0.955079
vn -0.294573 -0.081583 0.952140
vn -0.251912 -0.065892 0.965504
vn -0.338419 -0.078146 0.937745
vn -0.348341 -0.118227 0.929882
vn -0.354991 -0.086810 0.930831
vn -0.227918 -0.007171 0.973654
vn -0.210448 0.014632 0.977495
vn -0.309086 0.007635 0.951003
vn -0.323071 -0.019648 0.946171
vn -0.204534 0.015941 0.978730
vn -0.304711 0.017299 0.952288
vn -0.396265 -0.117978 0.910525
vn -0.391413 -0.085722 0.916214
vn -0.400922 -0.082512 0.912389
vn -0.453626 -0.080976 0.887506
vn -0.446846 -0.112826 0.887468
vn -0.442346 -0.081706 0.893115
vn -0.398660 -0.027365 0.916691
vn -0.393530 0.003232 0.919306
vn -0.460374 0.004324 0.887715
vn -0.457232 -0.028989 0.888875
vn -0.393309 0.019825 0.919193
vn -0.400426 0.033212 0.915727
vn -0.477547 0.042254 0.877590
vn -0.467866 0.025889 0.883420
vn -0.410416 0.034415 0.911249
vn -0.407352 0.010718 0.913208
vn -0.467509 -0.004225 0.883978
vn -0.482064 0.038993 0.875268
vn -0.379448 -0.006162 0.925193
vn -0.336758 0.022469 0.941323
vn -0.391552 0.004803 0.920143
vn -0.428987 -0.037946 0.902513
vn -0.518012 -0.110045 0.848265
vn -0.519432 -0.080052 0.850754
vn -0.521274 -0.078666 0.849756
vn -0.527375 -0.025988 0.849235
vn -0.537490 0.012296 0.843181
vn -0.551910 0.037753 0.833049
vn -0.562786 0.050213 0.825076
vn -0.560554 0.035406 0.827360
vn -0.537173 -0.026778 0.843047
vn -0.496346 -0.067792 0.865474
vn -0.467555 0.005905 0.883944
vn -0.618336 -0.017807 -0.785712
vn -0.604879 -0.014316 -0.796189
vn -0.558780 -0.035794 -0.828543
vn -0.539290 -0.029290 -0.841610
vn -0.525199 -0.005887 -0.850959
vn -0.522435 -0.033648 -0.852015
vn -0.468935 -0.007712 -0.883199
vn -0.460672 -0.051506 -0.886075
vn -0.503019 -0.057915 -0.862333
vn -0.430401 -0.087559 -0.898381
vn -0.394553 -0.072648 -0.915997
vn -0.477208 -0.048222 -0.877466
vn -0.371989 0.023378 -0.927943
vn -0.391684 -0.013462 -0.920002
vn -0.260295 0.037872 -0.964786
vn -0.276925 -0.024315 -0.960584
vn -0.264737 -0.106943 -0.958372
vn -0.378575 -0.077250 -0.922341
vn -0.325003 0.033179 -0.945131
vn -0.219487 0.064547 -0.973478
vn -0.063929 -0.043012 -0.997027
vn -0.063409 -0.018383 -0.997818
vn 0.038909 -0.048661 -0.998057
vn 0.039296 -0.015228 -0.999112
vn 0.035146 0.050231 -0.998119
vn -0.078719 0.046157 -0.995828
vn -0.081490 -0.048525 -0.995492
vn -0.091298 -0.060974 -0.993955
vn 0.017111 -0.062349 -0.997908
vn 0.024815 -0.059915 -0.997895
vn -0.340272 -0.124580 -0.932038
vn -0.297949 -0.101348 -0.949187
vn -0.230249 -0.162766 -0.959423
vn -0.192257 -0.129493 -0.972764
vn -0.097078 -0.192065 -0.976569
vn -0.075315 -0.149685 -0.985861
vn -0.117250 -0.133915 -0.984032
vn 0.068091 -0.152974 -0.985882
vn 0.064018 -0.200788 -0.977541
vn 0.055009 -0.152288 -0.986804
vn -0.126857 -0.040620 -0.991089
vn -0.121639 0.040569 -0.991745
vn 0.046368 0.024759 -0.998618
vn 0.060127 -0.065111 -0.996065
vn -0.101847 0.083170 -0.991317
vn 0.037079 0.080607 -0.996056
vn 0.205510 -0.182190 -0.961547
vn 0.170182 -0.133257 -0.976361
vn 0.231164 -0.157261 -0.960121
vn 0.320634 -0.147233 -0.935690
vn 0.286245 -0.147371 -0.946755
vn 0.245603 -0.103606 -0.963818
vn 0.227887 -0.092188 -0.969314
vn 0.203720 -0.005723 -0.979012
vn 0.314283 -0.035689 -0.948658
vn 0.328279 -0.110446 -0.938101
vn 0.174408 0.058421 -0.982939
vn 0.152108 0.040302 -0.987542
vn 0.263043 0.021484 -0.964545
vn 0.288708 0.028989 -0.956978
vn 0.143650 -0.015809 -0.989502
vn 0.140119 -0.051965 -0.988770
vn 0.239486 -0.054952 -0.969344
vn 0.247617 -0.021974 -0.968609
vn 0.129281 -0.067665 -0.989297
vn 0.124855 -0.063555 -0.990137
vn 0.225812 -0.065791 -0.971947
vn 0.229726 -0.071812 -0.970603
vn 0.348509 -0.109618 -0.930873
vn 0.312371 -0.074757 -0.947014
vn 0.383794 -0.127967 -0.914509
vn 0.458352 -0.104388 -0.882619
vn 0.427618 -0.074804 -0.900859
vn 0.397662 -0.049576 -0.916192
vn 0.401610 -0.115511 -0.908497
vn 0.402240 -0.055576 -0.913846
vn 0.486075 -0.065907 -0.871428
vn 0.478636 -0.110255 -0.871063
vn 0.387887 0.002956 -0.921702
vn 0.366477 0.000630 -0.930427
vn 0.461047 -0.018441 -0.887184
vn 0.478178 -0.017454 -0.878089
vn 0.348863 -0.032664 -0.936604
vn 0.336742 -0.059728 -0.939701
vn 0.430832 -0.067902 -0.899874
vn 0.444924 -0.044942 -0.894440
vn 0.325240 -0.075348 -0.942625
vn 0.318554 -0.072102 -0.945158
vn 0.404023 -0.083125 -0.910964
vn 0.415132 -0.082777 -0.905988
vn 0.518855 -0.046513 -0.853596
vn 0.498489 -0.029415 -0.866397
vn 0.540346 -0.081530 -0.837484
vn 0.624165 -0.064271 -0.778644
vn 0.615347 -0.029054 -0.787721
vn 0.608987 -0.019420 -0.792942
vn 0.556813 -0.099811 -0.824620
vn 0.565209 -0.070201 -0.821955
vn 0.637596 -0.070798 -0.767111
vn 0.632245 -0.088878 -0.769654
vn 0.560976 -0.033112 -0.827169
vn 0.548600 -0.033857 -0.835399
vn 0.629009 -0.043989 -0.776152
vn 0.635774 -0.043578 -0.770644
vn 0.536421 -0.055697 -0.842111
vn 0.523408 -0.078633 -0.848446
vn 0.622709 -0.062367 -0.779964
vn 0.506381 -0.095291 -0.857028
vn 0.493847 -0.096947 -0.864128
vn 0.709350 -0.026091 -0.704373
vn 0.715658 -0.024212 -0.698032
vn 0.705903 -0.056256 -0.706071
vn 0.781854 -0.059419 -0.620623
vn 0.794432 -0.039398 -0.606074
vn 0.807862 -0.043080 -0.587795
vn 0.704650 -0.080806 -0.704939
vn 0.705415 -0.069257 -0.705403
vn 0.772988 -0.076852 -0.629748
vn 0.704782 -0.048515 -0.707763
vn 0.702560 -0.048263 -0.709986
vn 0.701154 -0.063857 -0.710145
vn 0.862578 -0.067034 -0.501463
vn 0.877561 -0.071367 -0.474125
vn 0.846909 -0.072461 -0.526778
vn 0.913982 -0.102153 -0.392686
vn 0.925383 -0.103476 -0.364636
vn 0.835216 -0.075566 -0.544705
vn 0.951752 -0.136387 -0.274895
vn 0.958237 -0.134118 -0.252575
vn 0.416453 -0.014479 0.909042
vn 0.333355 -0.010771 0.942740
vn 0.486869 -0.020121 0.873243
vn 0.552988 -0.029901 0.832653
vn 0.622629 -0.044973 0.781224
vn 0.695243 -0.064946 0.715835
vn 0.768545 -0.087611 0.633769
vn 0.839817 -0.109450 0.531721
vn 0.903760 -0.126380 0.408958
vn 0.952472 -0.135530 0.272815
vn 0.981728 -0.136439 0.132647
vn 0.991491 -0.130132 -0.003305
vn 0.984601 -0.118491 -0.128532
vn 0.964671 -0.103583 -0.242240
vn 0.933195 -0.086681 -0.348761
vn 0.887221 -0.068204 -0.456275
vn 0.818353 -0.048574 -0.572660
vn 0.723739 -0.030481 -0.689400
vn 0.607374 -0.019861 -0.794167
vn 0.485900 -0.019863 -0.873789
vn 0.381003 -0.026018 -0.924208
vn 0.294215 -0.033001 -0.955169
vn 0.223478 -0.041112 -0.973842
vn 0.149487 -0.050945 -0.987450
vn 0.051501 -0.057542 -0.997014
vn -0.058149 -0.055330 -0.996773
vn -0.164838 -0.045891 -0.985253
vn -0.268003 -0.033892 -0.962822
vn -0.368376 -0.022099 -0.929414
vn -0.457801 -0.012240 -0.888970
vn -0.525873 -0.005380 -0.850546
vn -0.597019 -0.001772 -0.802226
vn -0.692590 -0.000471 -0.721331
vn -0.792044 -0.000092 -0.610464
vn -0.878034 -0.000005 -0.478598
vn -0.938223 -0.000001 -0.346031
vn -0.970667 0.000000 -0.240428
vn -0.989816 0.000000 -0.142351
vn -0.999656 -0.000000 -0.026225
vn -0.996958 0.000000 0.077941
vn -0.990642 -0.000000 0.136489
vn -0.980948 -0.000000 0.194271
vn -0.955367 0.000000 0.295423
vn -0.908699 0.000000 0.417453
vn -0.844071 -0.000000 0.536232
vn -0.757231 -0.000000 0.653148
vn -0.639313 -0.000000 0.768946
vn -0.521399 0.000000 0.853313
vn -0.441380 -0.000000 0.897320
vn -0.389925 0.000000 0.920847
vn -0.358027 0.000000 0.933711
vn -0.302480 -0.000115 0.953156
vn -0.175968 -0.000605 0.984396
vn -0.022363 -0.001833 0.999748
vn 0.114723 -0.004119 0.993389
vn 0.234213 -0.007321 0.972158
vn 0.025088 -0.999071 -0.035035
vn 0.018660 -0.999229 -0.034531
vn 0.021350 -0.998886 -0.042089
vn 0.026130 -0.998899 -0.038952
vn 0.013074 -0.999320 -0.034470
vn 0.014864 -0.998918 -0.044057
vn 0.016354 -0.998549 -0.051304
vn 0.022320 -0.998547 -0.049054
vn 0.027745 -0.998573 -0.045631
vn 0.030250 -0.998942 -0.034628
vn 0.031043 -0.999011 -0.031821
vn 0.033246 -0.998556 -0.042191
vn 0.038525 -0.998553 -0.037520
vn 0.034762 -0.998979 -0.028853
vn 0.035216 -0.999084 -0.024295
vn 0.023305 -0.998160 -0.055982
vn 0.030316 -0.998143 -0.052830
vn 0.017727 -0.998167 -0.057869
vn 0.019466 -0.997770 -0.063843
vn 0.025331 -0.997743 -0.062182
vn 0.033298 -0.997720 -0.058702
vn 0.037570 -0.998053 -0.049793
vn 0.040803 -0.997682 -0.054460
vn 0.044875 -0.997701 -0.050794
vn 0.042572 -0.998033 -0.046013
vn 0.027521 -0.997542 -0.064437
vn 0.035040 -0.997569 -0.060235
vn 0.021204 -0.997561 -0.066509
vn 0.022183 -0.997654 -0.064759
vn 0.027920 -0.997695 -0.061851
vn 0.033516 -0.997821 -0.056829
vn 0.041193 -0.997650 -0.054744
vn 0.037618 -0.998014 -0.050523
vn 0.040533 -0.998147 -0.045390
vn 0.044531 -0.997723 -0.050659
vn 0.024420 -0.998564 -0.047691
vn 0.030394 -0.998380 -0.048093
vn 0.019227 -0.998756 -0.046006
vn 0.011231 -0.999936 0.001123
vn 0.019088 -0.999715 -0.014325
vn 0.030924 -0.999066 -0.030171
vn 0.036399 -0.998249 -0.046623
vn 0.044988 -0.998105 -0.041982
vn 0.061269 -0.996957 -0.048195
vn 0.043163 -0.998095 -0.044093
vn 0.009597 -0.999260 -0.037254
vn 0.009334 -0.998963 -0.044574
vn 0.008748 -0.999129 -0.040797
vn 0.007560 -0.998967 -0.044798
vn 0.007687 -0.998733 -0.049726
vn 0.010931 -0.998637 -0.051036
vn 0.012862 -0.998253 -0.057669
vn 0.008525 -0.998378 -0.056288
vn 0.009403 -0.997878 -0.064436
vn 0.014526 -0.997815 -0.064447
vn 0.015813 -0.997565 -0.067932
vn 0.010462 -0.997565 -0.068957
vn 0.011838 -0.997674 -0.067137
vn 0.016813 -0.997650 -0.066427
vn 0.015223 -0.998882 -0.044747
vn 0.011869 -0.998917 -0.044986
vn 0.007132 -0.999912 0.011181
vn 0.008244 -0.999908 0.010740
vn 0.006693 -0.999114 -0.041561
vn 0.005673 -0.998930 -0.045897
vn 0.000597 -0.999310 -0.037138
vn -0.000487 -0.998916 -0.046552
vn -0.003260 -0.998729 -0.050293
vn 0.004031 -0.998768 -0.049463
vn 0.002805 -0.998477 -0.055108
vn -0.006725 -0.998471 -0.054870
vn -0.010098 -0.997896 -0.064047
vn 0.001922 -0.997935 -0.064204
vn 0.002530 -0.997562 -0.069739
vn -0.010400 -0.997473 -0.070281
vn -0.007877 -0.997595 -0.068859
vn 0.004549 -0.997688 -0.067805
vn 0.006443 -0.998836 -0.047803
vn -0.004235 -0.998590 -0.052911
vn -0.001893 -0.999926 -0.012048
vn 0.004863 -0.999985 0.002721
vn -0.004753 -0.999542 -0.029887
vn -0.008613 -0.998922 -0.045612
vn -0.007652 -0.999629 -0.026122
vn -0.016782 -0.998902 -0.043738
vn -0.020961 -0.998508 -0.050431
vn -0.012480 -0.998610 -0.051212
vn -0.017009 -0.998315 -0.055473
vn -0.024157 -0.998182 -0.055213
vn -0.028796 -0.997570 -0.063436
vn -0.021822 -0.997726 -0.063776
vn -0.023269 -0.997297 -0.069694
vn -0.031463 -0.997136 -0.068770
vn -0.029882 -0.997275 -0.067450
vn -0.020893 -0.997413 -0.068778
vn -0.015985 -0.998261 -0.056735
vn -0.023074 -0.998147 -0.056302
vn -0.008192 -0.999615 -0.026521
vn -0.009272 -0.999640 -0.025176
vn -0.028974 -0.998220 -0.052137
vn -0.003623 -0.999864 -0.016066
vn -0.039282 -0.997082 -0.065456
vn -0.052781 -0.996765 -0.060608
vn -0.037757 -0.998250 -0.045519
vn -0.004728 -0.999984 -0.003109
vn 0.014619 -0.998880 0.044997
vn 0.015937 -0.998707 0.048273
vn 0.019996 -0.998698 0.046928
vn 0.018248 -0.998885 0.043535
vn 0.016173 -0.998641 0.049540
vn 0.020416 -0.998627 0.048242
vn 0.022702 -0.998664 0.046430
vn 0.022929 -0.998661 0.046382
vn 0.021240 -0.998863 0.042687
vn 0.009532 -0.998893 0.046061
vn 0.010172 -0.998707 0.049806
vn 0.002734 -0.998940 0.045949
vn 0.002320 -0.998716 0.050602
vn 0.001273 -0.998716 0.050640
vn 0.009914 -0.998674 0.050510
vn 0.010720 -0.999289 0.036144
vn 0.007160 -0.999296 0.036834
vn 0.003571 -0.999784 0.020487
vn 0.001765 -0.999762 0.021755
vn 0.000112 -0.999717 0.023801
vn 0.002448 -0.999322 0.036742
vn 0.013646 -0.999281 0.035378
vn 0.016779 -0.999244 0.035075
vn 0.010182 -0.999681 0.023100
vn 0.006318 -0.999758 0.021087
vn 0.000776 -0.999920 0.012643
vn -0.002129 -0.999902 0.013840
vn 0.009005 -0.999663 0.024335
vn 0.000250 -0.999739 0.022865
vn -0.005736 -0.999541 0.029748
vn -0.003240 -0.999829 0.018194
vn 0.005667 -0.999876 0.014686
vn 0.011075 -0.999765 0.018632
vn 0.026433 -0.999116 0.032681
vn 0.019046 -0.999410 0.028565
vn 0.037359 -0.999175 0.015928
vn -0.026195 -0.999561 -0.013823
vn -0.018310 -0.999815 -0.005859
vn 0.053383 -0.998426 0.017218
vn -0.061508 -0.997766 -0.026083
vn -0.057629 -0.998246 -0.013586
vn -0.049429 -0.998737 -0.008987
vn -0.008198 -0.999954 -0.004989
vn 0.067426 -0.997658 0.011466
vn 0.023363 -0.999650 0.012427
vn -0.032063 -0.999228 -0.022688
vn 0.008938 -0.999909 0.010157
vn -0.039058 -0.998799 -0.029584
vn -0.063799 -0.996973 -0.044432
vn -0.061858 -0.997384 -0.037390
vn -0.000462 -0.999941 -0.010877
vn 0.071974 -0.997407 -0.000058
vn -0.042332 -0.999022 -0.012814
vn -0.039379 -0.998977 -0.022244
vn 0.000565 -0.999788 -0.020597
vn 0.064762 -0.997822 -0.012539
vn -0.006363 -0.999697 -0.023799
vn 0.048699 -0.998635 -0.018884
vn -0.040557 -0.998857 -0.025282
vn -0.041772 -0.999065 -0.011121
vn -0.015218 -0.999810 -0.012158
vn 0.032354 -0.999369 -0.014664
vn -0.017979 -0.999819 0.006297
vn 0.024442 -0.999689 -0.004858
vn -0.037801 -0.999219 0.011529
vn -0.025383 -0.999128 0.033142
vn -0.012062 -0.999651 0.023489
vn 0.024946 -0.999673 0.005566
vn -0.001875 -0.999551 0.029897
vn 0.029232 -0.999549 0.006870
vn -0.009922 -0.999051 0.042407
vn -0.004685 -0.999441 0.033109
vn 0.004615 -0.999812 0.018858
vn 0.032538 -0.999430 -0.009001
vn 0.007762 -0.999962 0.003890
vn 0.035375 -0.999033 -0.026119
vn -0.008701 -0.999721 0.021979
vn -0.011946 -0.999728 0.020028
vn 0.009353 -0.999956 -0.001174
vn 0.036821 -0.998964 -0.026734
vn 0.004587 -0.999987 0.002145
vn 0.028473 -0.999496 -0.014047
vn -0.014534 -0.999667 0.021320
vn -0.018842 -0.999604 0.020878
vn -0.006333 -0.999953 0.007390
vn 0.009287 -0.999948 0.004139
vn -0.013502 -0.999809 0.014157
vn -0.007869 -0.999575 0.028065
vn -0.019697 -0.999591 0.020714
vn -0.012058 -0.999664 0.022955
vn -0.009910 -0.999687 0.022993
vn -0.012449 -0.998547 0.052425
vn -0.003599 -0.999569 0.029141
vn -0.010293 -0.997817 0.065239
vn -0.003465 -0.999679 0.025092
vn -0.001210 -0.999671 0.025631
vn -0.002680 -0.999570 0.029197
vn -0.010255 -0.998058 0.061448
vn -0.003625 -0.999695 0.024439
vn -0.009834 -0.998896 0.045936
vn -0.001217 -0.999681 0.025244
vn -0.076815 -0.996671 -0.027321
vn -0.075004 -0.997109 -0.012137
vn -0.079871 -0.996549 -0.022594
vn -0.081081 -0.996670 -0.008604
vn -0.079091 -0.996834 -0.008149
vn -0.068467 -0.997620 -0.008140
vn -0.074502 -0.996369 -0.041202
vn -0.074303 -0.996092 -0.047752
vn -0.075447 -0.996123 -0.045245
vn -0.076910 -0.996311 -0.038065
vn -0.063661 -0.997883 -0.013305
vn -0.077916 -0.996849 -0.014868
vn -0.076409 -0.996854 -0.021065
vn -0.061312 -0.997872 -0.022180
vn -0.058675 -0.997993 -0.023803
vn -0.070679 -0.997317 -0.019078
vn -0.059245 -0.998241 -0.002397
vn -0.053154 -0.998550 -0.008536
vn -0.042509 -0.998976 0.015482
vn -0.043004 -0.998842 0.021557
vn -0.024208 -0.998611 0.046799
vn -0.024673 -0.998903 0.039804
vn -0.007780 -0.998708 0.050223
vn -0.012908 -0.998174 0.059011
vn -0.021550 -0.998678 0.046669
vn -0.008975 -0.999194 0.039120
vn -0.022751 -0.999296 0.029847
vn -0.036987 -0.998726 0.034323
vn -0.038740 -0.998482 0.039147
vn -0.029459 -0.998970 0.034517
vn -0.028414 -0.998829 0.039146
vn -0.032651 -0.998411 0.045927
vn -0.030462 -0.998517 0.045116
vn -0.028030 -0.998914 0.037223
vn -0.025580 -0.999063 0.034898
vn -0.027208 -0.998715 0.042762
vn -0.016278 -0.998948 0.042870
vn -0.015514 -0.999260 0.035188
vn -0.005259 -0.999370 0.035114
vn -0.005738 -0.999055 0.043076
vn -0.003301 -0.999069 0.043024
vn -0.002254 -0.999400 0.034572
vn -0.001358 -0.999368 0.035513
vn -0.002553 -0.999010 0.044408
vn -0.072998 -0.997241 -0.013477
vn -0.074837 -0.997186 -0.004521
vn -0.061327 -0.998117 -0.000926
vn -0.056862 -0.998377 0.003139
vn -0.054442 -0.998496 -0.006472
vn -0.076454 -0.997034 -0.008785
vn -0.071927 -0.997007 -0.028341
vn -0.069300 -0.996854 -0.038462
vn -0.060686 -0.997713 -0.029769
vn -0.064449 -0.997814 -0.014626
vn -0.078703 -0.996760 -0.016603
vn -0.057040 -0.998219 -0.017492
vn -0.060022 -0.998040 -0.017737
vn -0.078719 -0.996713 -0.019172
vn -0.071745 -0.997343 -0.012674
vn -0.055390 -0.998438 -0.007318
vn -0.042499 -0.999021 0.012319
vn -0.056961 -0.998360 0.005737
vn -0.038265 -0.998869 0.028225
vn -0.027116 -0.999099 0.032652
vn -0.017559 -0.998668 0.048511
vn -0.022995 -0.998470 0.050293
vn -0.020504 -0.997829 0.062579
vn -0.020050 -0.998187 0.056751
vn -0.032355 -0.998246 0.049579
vn -0.033408 -0.998057 0.052588
vn -0.044129 -0.998293 0.038252
vn -0.039926 -0.998487 0.037810
vn -0.036006 -0.998690 0.036366
vn -0.039521 -0.998473 0.038597
vn -0.031469 -0.998512 0.044543
vn -0.030475 -0.998680 0.041359
vn -0.027571 -0.998638 0.044296
vn -0.029273 -0.998516 0.045921
vn -0.025739 -0.998662 0.044849
vn -0.022267 -0.998801 0.043606
vn -0.013026 -0.998993 0.042925
vn -0.015385 -0.998853 0.045343
vn -0.006053 -0.998885 0.046824
vn -0.006100 -0.999005 0.044177
vn -0.005844 -0.998902 0.046492
vn -0.004504 -0.998828 0.048199
vn -0.003855 -0.998751 0.049810
vn -0.005430 -0.998780 0.049083
vn -0.050120 -0.998641 0.014290
vn -0.037714 -0.999171 0.015350
vn -0.044103 -0.998656 0.027233
vn -0.030650 -0.999174 0.026695
vn -0.011494 -0.999917 0.005758
vn -0.026226 -0.999656 -0.000849
vn -0.056168 -0.998421 0.001001
vn -0.051714 -0.998498 -0.018076
vn -0.040345 -0.999181 -0.003245
vn -0.047053 -0.998777 0.015202
vn -0.024436 -0.999537 -0.018117
vn 0.001527 -0.999862 -0.016535
vn 0.006895 -0.999845 -0.016220
vn -0.028047 -0.999451 -0.017660
vn -0.025724 -0.999659 -0.004540
vn 0.013442 -0.999905 -0.003064
vn 0.021709 -0.999694 0.011842
vn -0.016795 -0.999754 0.014477
vn -0.007820 -0.999469 0.031639
vn 0.025214 -0.999419 0.022921
vn 0.017215 -0.999486 0.027039
vn -0.005530 -0.999117 0.041646
vn -0.012585 -0.998871 0.045813
vn -0.002415 -0.999531 0.030534
vn -0.024009 -0.999121 0.034365
vn -0.025187 -0.998816 0.041608
vn -0.033360 -0.998841 0.034701
vn -0.036418 -0.998669 0.036520
vn -0.039144 -0.998465 0.039179
vn -0.033706 -0.998844 0.034271
vn -0.031183 -0.998748 0.039116
vn -0.035836 -0.998416 0.043375
vn -0.025791 -0.998580 0.046605
vn -0.025892 -0.998738 0.043047
vn -0.017593 -0.998959 0.042087
vn -0.013933 -0.998896 0.044858
vn -0.006616 -0.999185 0.039819
vn -0.009651 -0.999184 0.039232
vn -0.005686 -0.999240 0.038575
vn -0.004247 -0.999368 0.035299
vn -0.005862 -0.999498 0.031151
vn -0.006973 -0.999180 0.039877
vn -0.007284 -0.999100 0.041781
vn -0.007197 -0.999620 0.026622
vn -0.004196 -0.999725 0.023067
vn -0.001154 -0.999066 0.043198
vn 0.007095 -0.999011 0.043903
vn 0.000101 -0.999741 0.022769
vn 0.003248 -0.999630 0.026999
vn 0.013155 -0.998919 0.044595
vn -0.040917 -0.998603 -0.033435
vn -0.030091 -0.999336 -0.020550
vn -0.049313 -0.998014 -0.039187
vn -0.037496 -0.998368 -0.043067
vn -0.032115 -0.998702 -0.039532
vn -0.021314 -0.999376 -0.028176
vn 0.017867 -0.998846 0.044575
vn 0.008518 -0.999437 0.032450
vn 0.015436 -0.999362 0.032204
vn 0.020714 -0.998918 0.041650
vn 0.017484 -0.999557 0.024078
vn 0.020746 -0.999191 0.034466
vn 0.013007 -0.999825 0.013476
vn 0.019729 -0.999494 0.024960
vn 0.027183 -0.999020 0.034947
vn 0.024443 -0.998799 0.042457
vn 0.026588 -0.998630 0.045064
vn 0.031431 -0.998698 0.040178
vn 0.030182 -0.998781 0.039052
vn 0.025162 -0.998805 0.041895
vn 0.020837 -0.999171 0.034967
vn 0.025707 -0.999096 0.033859
vn 0.019536 -0.999466 0.026197
vn 0.014811 -0.999574 0.025166
vn 0.016337 -0.999621 0.022175
vn 0.021168 -0.999483 0.024212
vn 0.036619 -0.998742 0.034269
vn 0.031622 -0.998898 0.034674
vn 0.006555 -0.999953 0.007143
vn 0.018634 -0.999664 0.017996
vn 0.001662 -0.999972 0.007319
vn 0.017446 -0.999720 0.015990
vn 0.028989 -0.999328 0.022443
vn 0.028904 -0.999216 0.027055
vn 0.034601 -0.998858 0.032952
vn 0.035998 -0.998995 0.026705
vn 0.038125 -0.998884 0.027864
vn 0.034513 -0.998828 0.033926
vn 0.030692 -0.999053 0.030846
vn 0.035685 -0.999029 0.025826
vn 0.028891 -0.999356 0.021307
vn 0.024183 -0.999393 0.025086
vn 0.025837 -0.999380 0.023932
vn 0.030361 -0.999326 0.020640
vn 0.046382 -0.998542 0.027630
vn 0.041963 -0.998602 0.032137
vn 0.000890 -0.999955 0.009487
vn 0.017898 -0.999727 0.015051
vn 0.003916 -0.999958 0.008236
vn 0.020428 -0.999730 0.011032
vn 0.033833 -0.999344 0.012885
vn 0.030329 -0.999362 0.018883
vn 0.038704 -0.999032 0.020915
vn 0.043395 -0.998970 0.013262
vn 0.047630 -0.998791 0.012196
vn 0.042459 -0.998879 0.020938
vn 0.040744 -0.998990 0.018943
vn 0.045672 -0.998906 0.010012
vn 0.037421 -0.999274 0.007099
vn 0.033365 -0.999326 0.015294
vn 0.033973 -0.999313 0.014809
vn 0.036668 -0.999305 0.006651
vn 0.049438 -0.998715 0.011113
vn 0.048590 -0.998608 0.020520
vn 0.007149 -0.999969 0.003434
vn 0.022648 -0.999734 0.004473
vn 0.009017 -0.999954 -0.003279
vn 0.022015 -0.999753 -0.003123
vn 0.037602 -0.999290 -0.002453
vn 0.037177 -0.999295 0.005217
vn 0.047895 -0.998841 0.004792
vn 0.049957 -0.998748 -0.002608
vn 0.055191 -0.998469 -0.003695
vn 0.052263 -0.998628 0.003286
vn 0.049879 -0.998755 0.001131
vn 0.053043 -0.998578 -0.005349
vn 0.043859 -0.999014 -0.006886
vn 0.040949 -0.999161 -0.001185
vn 0.039147 -0.999231 -0.002082
vn 0.042636 -0.999053 -0.008654
vn 0.056450 -0.998335 -0.011839
vn 0.050908 -0.998703 -0.000204
vn 0.011789 -0.999911 -0.006254
vn 0.019659 -0.999781 -0.007185
vn 0.019293 -0.999813 -0.001192
vn 0.022113 -0.999744 -0.004840
vn 0.034763 -0.999344 -0.010126
vn 0.035200 -0.999349 -0.007935
vn 0.049133 -0.998753 -0.008833
vn 0.047548 -0.998768 -0.014219
vn 0.054834 -0.998365 -0.016170
vn 0.055986 -0.998384 -0.009780
vn 0.054915 -0.998434 -0.010669
vn 0.054820 -0.998364 -0.016257
vn 0.046797 -0.998796 -0.014744
vn 0.045995 -0.998882 -0.010930
vn 0.047007 -0.998810 -0.012978
vn 0.050562 -0.998589 -0.016250
vn 0.077481 -0.996678 -0.025104
vn 0.066600 -0.997573 -0.020306
vn 0.028521 -0.999592 0.001875
vn 0.030645 -0.999521 -0.004440
vn 0.030972 -0.999512 -0.003966
vn 0.036862 -0.999262 -0.010834
vn 0.042343 -0.998948 -0.017609
vn 0.038598 -0.999173 -0.012798
vn 0.047257 -0.998702 -0.018982
vn 0.047717 -0.998604 -0.022648
vn 0.052267 -0.998294 -0.026011
vn 0.053072 -0.998349 -0.021974
vn 0.053338 -0.998335 -0.021976
vn 0.052577 -0.998252 -0.026987
vn 0.046715 -0.998583 -0.025478
vn 0.046465 -0.998728 -0.019604
vn 0.053091 -0.998349 -0.021903
vn 0.055219 -0.997994 -0.030977
vn 0.090677 -0.994747 -0.047503
vn 0.086467 -0.995704 -0.033139
vn 0.029164 -0.999527 -0.009755
vn 0.037750 -0.999143 -0.016981
vn 0.031482 -0.999437 -0.011582
vn 0.037920 -0.999087 -0.019688
vn 0.042525 -0.998758 -0.025965
vn 0.042992 -0.998833 -0.022026
vn 0.047259 -0.998535 -0.026373
vn 0.045994 -0.998420 -0.032276
vn 0.049573 -0.998036 -0.038287
vn 0.051605 -0.998195 -0.030728
vn 0.052523 -0.998086 -0.032635
vn 0.050854 -0.997896 -0.040213
vn 0.047167 -0.998206 -0.036886
vn 0.047731 -0.998372 -0.031244
vn 0.056748 -0.997662 -0.038084
vn 0.055859 -0.997578 -0.041456
vn 0.088173 -0.994388 -0.058458
vn 0.091347 -0.994142 -0.057775
vn 0.035552 -0.999241 -0.015948
vn 0.037785 -0.999019 -0.023089
vn 0.041704 -0.998638 -0.031348
vn 0.044814 -0.998203 -0.039770
vn 0.047045 -0.997837 -0.045913
vn 0.047478 -0.997776 -0.046795
vn 0.044050 -0.998167 -0.041504
vn 0.050648 -0.997814 -0.042440
vn 0.077424 -0.995582 -0.053128
vn -0.013011 -0.999532 -0.027676
vn -0.024861 -0.998822 -0.041680
vn -0.028659 -0.998488 -0.046912
vn -0.031528 -0.998160 -0.051789
vn -0.044402 -0.997932 -0.046472
vn -0.054468 -0.996966 -0.055608
vn -0.037725 -0.997400 -0.061407
vn -0.041410 -0.996858 -0.067522
vn -0.058080 -0.996354 -0.062495
vn -0.059652 -0.997304 -0.042726
vn -0.069962 -0.996338 -0.049149
vn -0.071688 -0.995958 -0.054114
vn -0.063119 -0.996638 -0.052244
vn -0.043131 -0.998376 -0.037220
vn -0.003129 -0.999976 0.006134
vn -0.046551 0.995182 -0.086291
vn -0.032590 0.995881 -0.084606
vn -0.035558 0.994375 -0.099773
vn -0.046955 0.994476 -0.093874
vn -0.019905 0.996270 -0.083959
vn -0.020620 0.994501 -0.102676
vn -0.021624 0.992781 -0.117979
vn -0.035444 0.992768 -0.114695
vn -0.048402 0.992898 -0.108678
vn -0.057240 0.994709 -0.085311
vn -0.060248 0.994987 -0.079817
vn -0.061522 0.992816 -0.102625
vn -0.074509 0.992800 -0.093794
vn -0.068843 0.994903 -0.073678
vn -0.071499 0.995412 -0.063586
vn -0.035725 0.990738 -0.131001
vn -0.052356 0.990626 -0.126172
vn -0.022673 0.990746 -0.133823
vn -0.023361 0.988297 -0.150741
vn -0.037422 0.988252 -0.148178
vn -0.056786 0.988070 -0.143154
vn -0.069230 0.990161 -0.121611
vn -0.074711 0.987851 -0.136271
vn -0.084192 0.988161 -0.128256
vn -0.081130 0.990126 -0.114321
vn -0.037715 0.987056 -0.155880
vn -0.056384 0.987146 -0.149547
vn -0.022561 0.986999 -0.159137
vn -0.019639 0.987901 -0.153837
vn -0.033520 0.988316 -0.148688
vn -0.047982 0.989018 -0.139789
vn -0.072239 0.987576 -0.139556
vn -0.059866 0.990058 -0.127281
vn -0.068068 0.990921 -0.115942
vn -0.080340 0.988281 -0.129790
vn -0.024869 0.991783 -0.125495
vn -0.034844 0.992341 -0.118509
vn -0.014975 0.991480 -0.129397
vn -0.007989 0.997158 -0.074910
vn -0.013079 0.996938 -0.077091
vn -0.020808 0.996472 -0.081310
vn -0.044436 0.993115 -0.108385
vn -0.031361 0.996024 -0.083382
vn -0.044259 0.995739 -0.080906
vn -0.054746 0.993660 -0.098201
vn -0.358890 -0.033357 -0.932784
vn -0.291157 -0.022687 -0.956406
vn -0.297150 -0.019710 -0.954627
vn -0.363949 -0.026302 -0.931048
vn -0.189112 -0.013320 -0.981865
vn -0.191448 -0.013592 -0.981409
vn -0.192226 -0.017356 -0.981197
vn -0.299062 -0.021244 -0.953997
vn -0.366568 -0.024422 -0.930071
vn -0.415456 -0.030993 -0.909085
vn -0.414253 -0.038297 -0.909356
vn -0.416333 -0.026448 -0.908827
vn -0.467386 -0.022930 -0.883756
vn -0.472889 -0.028017 -0.880676
vn -0.477611 -0.035701 -0.877846
vn -0.299116 -0.023645 -0.953924
vn -0.366900 -0.023945 -0.929952
vn -0.192296 -0.021903 -0.981093
vn -0.191124 -0.025105 -0.981245
vn -0.297397 -0.023835 -0.954456
vn -0.365257 -0.021241 -0.930664
vn -0.415796 -0.023123 -0.909164
vn -0.414489 -0.019111 -0.909854
vn -0.462033 -0.019109 -0.886657
vn -0.463198 -0.020232 -0.886024
vn -0.293730 -0.020732 -0.955664
vn -0.362134 -0.015929 -0.931990
vn -0.188494 -0.024750 -0.981762
vn -0.184579 -0.018742 -0.982639
vn -0.288690 -0.013201 -0.957332
vn -0.358184 -0.007481 -0.933621
vn -0.413294 -0.013138 -0.910503
vn -0.411852 -0.003921 -0.911242
vn -0.465816 -0.003486 -0.884875
vn -0.463970 -0.014935 -0.885725
vn -0.283219 -0.006090 -0.959036
vn -0.354185 -0.000536 -0.935175
vn -0.179884 -0.012177 -0.983613
vn -0.174881 -0.009858 -0.984540
vn -0.278127 -0.004019 -0.960536
vn -0.350979 0.000406 -0.936383
vn -0.409896 0.003019 -0.912127
vn -0.408542 0.002278 -0.912737
vn -0.463757 0.002782 -0.885958
vn -0.465041 0.005548 -0.885272
vn -0.274361 -0.002283 -0.961624
vn -0.349352 -0.000203 -0.936992
vn -0.170086 -0.006751 -0.985406
vn -0.166305 0.002619 -0.986071
vn -0.273332 0.004148 -0.961911
vn -0.349970 0.002284 -0.936758
vn -0.408830 -0.000764 -0.912610
vn -0.410409 -0.000530 -0.911901
vn -0.466747 -0.003775 -0.884383
vn -0.464557 -0.003275 -0.885537
vn -0.275096 0.009134 -0.961373
vn -0.352449 0.005107 -0.935817
vn -0.163773 0.009327 -0.986454
vn -0.161385 0.002406 -0.986889
vn -0.276549 0.005095 -0.960986
vn -0.354372 0.004913 -0.935092
vn -0.412228 0.001677 -0.911079
vn -0.413189 0.004384 -0.910635
vn -0.468768 0.004737 -0.883309
vn -0.468465 -0.000469 -0.883482
vn -0.274682 -0.003393 -0.961529
vn -0.353673 0.002413 -0.935366
vn -0.158109 -0.010487 -0.987366
vn -0.154598 -0.020420 -0.987767
vn -0.270066 -0.011182 -0.962777
vn -0.351050 -0.001930 -0.936355
vn -0.413001 0.005400 -0.910715
vn -0.412884 0.001503 -0.910783
vn -0.469536 -0.001704 -0.882911
vn -0.468275 0.006751 -0.883557
vn -0.010739 0.995843 -0.090448
vn -0.008075 0.994696 -0.102541
vn -0.007026 0.995046 -0.099165
vn -0.003879 0.994705 -0.102696
vn -0.002923 0.993690 -0.112125
vn -0.009723 0.993214 -0.115894
vn -0.011857 0.991124 -0.132414
vn -0.002464 0.991711 -0.128465
vn 0.000310 0.988538 -0.150973
vn -0.011758 0.988371 -0.151609
vn -0.009335 0.986752 -0.161969
vn 0.004081 0.986453 -0.163993
vn 0.005632 0.987270 -0.158953
vn -0.006637 0.987549 -0.157174
vn -0.005472 0.991234 -0.132008
vn 0.003967 0.990940 -0.134249
vn 0.002372 0.996220 -0.086837
vn -0.003855 0.996905 -0.078519
vn -0.059580 -0.010909 -0.998164
vn -0.058030 -0.009067 -0.998274
vn 0.091528 -0.010537 -0.995747
vn 0.091652 -0.005202 -0.995777
vn 0.091485 -0.008043 -0.995774
vn -0.057797 -0.012792 -0.998246
vn -0.057807 -0.018892 -0.998149
vn 0.091461 -0.015365 -0.995690
vn 0.092896 -0.023902 -0.995389
vn -0.056988 -0.024605 -0.998072
vn -0.055119 -0.026818 -0.998120
vn 0.096389 -0.029086 -0.994919
vn 0.101367 -0.026810 -0.994488
vn -0.052133 -0.022678 -0.998383
vn -0.048381 -0.017225 -0.998680
vn 0.106315 -0.021899 -0.994091
vn 0.109864 -0.018755 -0.993770
vn -0.044304 -0.015165 -0.998903
vn -0.039959 -0.012077 -0.999128
vn 0.111858 -0.015165 -0.993608
vn 0.114078 -0.008760 -0.993433
vn -0.034848 -0.003139 -0.999388
vn -0.028879 0.003135 -0.999578
vn 0.117767 -0.004564 -0.993031
vn 0.120986 -0.008729 -0.992616
vn -0.023438 -0.003631 -0.999719
vn -0.020194 -0.015585 -0.999675
vn 0.121380 -0.016046 -0.992476
vn 0.119316 -0.020316 -0.992648
vn -0.019674 -0.023451 -0.999531
vn -0.001912 0.994843 -0.101410
vn 0.000807 0.994489 -0.104839
vn 0.010389 0.995565 -0.093504
vn 0.014826 0.994318 -0.105414
vn 0.021442 0.993669 -0.110283
vn 0.005088 0.993861 -0.110523
vn 0.009828 0.992208 -0.124201
vn 0.030516 0.992269 -0.120300
vn 0.042586 0.989023 -0.141490
vn 0.016940 0.988857 -0.147901
vn 0.022393 0.986447 -0.162545
vn 0.049953 0.986625 -0.155162
vn 0.048757 0.987483 -0.150003
vn 0.022421 0.987284 -0.157378
vn 0.018391 0.990689 -0.134895
vn 0.042389 0.990529 -0.130596
vn 0.034521 0.994382 -0.100066
vn 0.014570 0.995278 -0.095971
vn 0.248884 -0.005056 -0.968520
vn 0.245919 -0.000556 -0.969290
vn 0.398578 0.005176 -0.917120
vn 0.394616 0.004231 -0.918836
vn 0.394027 -0.000924 -0.919098
vn 0.245094 -0.003703 -0.969492
vn 0.245240 -0.012152 -0.969386
vn 0.394532 -0.009760 -0.918830
vn 0.394256 -0.021925 -0.918739
vn 0.246894 -0.023911 -0.968747
vn 0.250525 -0.032376 -0.967569
vn 0.392505 -0.031210 -0.919220
vn 0.390445 -0.032082 -0.920067
vn 0.255426 -0.031676 -0.966310
vn 0.259943 -0.026321 -0.965265
vn 0.389423 -0.027644 -0.920644
vn 0.389540 -0.020495 -0.920782
vn 0.262433 -0.020263 -0.964738
vn 0.262394 -0.014459 -0.964853
vn 0.390030 -0.013209 -0.920707
vn 0.389947 -0.008658 -0.920797
vn 0.261538 -0.010049 -0.965141
vn 0.261410 -0.007827 -0.965196
vn 0.388764 -0.006316 -0.921316
vn 0.386976 -0.005703 -0.922072
vn 0.260877 -0.008929 -0.965331
vn 0.258555 -0.011680 -0.965926
vn 0.385300 -0.006372 -0.922769
vn 0.383762 -0.007943 -0.923398
vn 0.255361 -0.014161 -0.966742
vn 0.023410 0.996579 -0.079262
vn 0.033421 0.994209 -0.102135
vn 0.033760 0.997261 -0.065810
vn 0.052079 0.994080 -0.095356
vn 0.060565 0.992575 -0.105482
vn 0.042068 0.993079 -0.109654
vn 0.053371 0.991581 -0.117975
vn 0.069368 0.990901 -0.115336
vn 0.084070 0.987687 -0.131932
vn 0.068113 0.988500 -0.135014
vn 0.076831 0.986368 -0.145516
vn 0.094733 0.985579 -0.140210
vn 0.093976 0.986722 -0.132471
vn 0.075294 0.987307 -0.139845
vn 0.067084 0.990193 -0.122545
vn 0.084228 0.989802 -0.114880
vn 0.068221 0.993454 -0.091625
vn 0.054657 0.993742 -0.097417
vn 0.531510 0.015409 -0.846912
vn 0.528549 0.007768 -0.848868
vn 0.639451 0.018123 -0.768618
vn 0.640233 0.008790 -0.768130
vn 0.639243 0.002123 -0.769002
vn 0.528086 0.000207 -0.849191
vn 0.527937 -0.007461 -0.849251
vn 0.636608 -0.002945 -0.771182
vn 0.632945 -0.007502 -0.774160
vn 0.525354 -0.015543 -0.850742
vn 0.519301 -0.021830 -0.854312
vn 0.629048 -0.011210 -0.777286
vn 0.624529 -0.013746 -0.780881
vn 0.511835 -0.024293 -0.858740
vn 0.506006 -0.023507 -0.862210
vn 0.619365 -0.015546 -0.784949
vn 0.615602 -0.017035 -0.787873
vn 0.503705 -0.019859 -0.863647
vn 0.504698 -0.014350 -0.863177
vn 0.614816 -0.015729 -0.788514
vn 0.615857 -0.008705 -0.787810
vn 0.506174 -0.007967 -0.862395
vn 0.505750 -0.003014 -0.862675
vn 0.616735 -0.001197 -0.787170
vn 0.616768 0.000446 -0.787145
vn 0.504548 -0.002329 -0.863380
vn 0.504293 -0.003422 -0.863526
vn 0.615948 0.000092 -0.787787
vn 0.614272 0.003006 -0.789089
vn 0.504255 -0.003160 -0.863549
vn 0.099226 0.989541 -0.104708
vn 0.078842 0.993468 -0.082495
vn 0.112910 0.985913 -0.123399
vn 0.136073 0.985305 -0.103244
vn 0.115469 0.989532 -0.086559
vn 0.089321 0.993731 -0.067230
vn 0.725848 0.009693 -0.687787
vn 0.729055 0.007140 -0.684418
vn 0.793795 0.000252 -0.608185
vn 0.794291 0.005339 -0.607514
vn 0.793446 0.010818 -0.608544
vn 0.727810 0.006605 -0.685747
vn 0.723898 0.004764 -0.689890
vn 0.791644 0.011516 -0.610874
vn 0.789720 0.003307 -0.613459
vn 0.720447 -0.001227 -0.693509
vn 0.719445 -0.006593 -0.694518
vn 0.788255 -0.004534 -0.615333
vn 0.787180 -0.003892 -0.616711
vn 0.718814 -0.007128 -0.695166
vn 0.716154 -0.007351 -0.697903
vn 0.786111 -0.002210 -0.618081
vn 0.784811 -0.006616 -0.619700
vn 0.712627 -0.011612 -0.701447
vn 0.710386 -0.014428 -0.703665
vn 0.783276 -0.011059 -0.621575
vn 0.782145 -0.008869 -0.623033
vn 0.710189 -0.009665 -0.703945
vn 0.711328 -0.001956 -0.702858
vn 0.781795 -0.002358 -0.623531
vn 0.781459 0.005832 -0.623929
vn 0.711833 0.003130 -0.702342
vn 0.710252 0.007103 -0.703911
vn 0.780469 0.013864 -0.625041
vn 0.779484 0.019728 -0.626112
vn 0.707403 0.012437 -0.706701
vn 0.843868 0.007216 -0.536502
vn 0.841808 0.000258 -0.539777
vn 0.885380 0.009759 -0.464765
vn 0.884750 0.004942 -0.466040
vn 0.884335 0.000631 -0.466852
vn 0.839926 -0.001088 -0.542699
vn 0.844404 0.013510 -0.535536
vn 0.844183 0.011857 -0.535924
vn 0.885419 0.011792 -0.464645
vn 0.885422 0.012921 -0.464609
vn 0.839818 -0.001282 -0.542866
vn 0.884835 -0.002616 -0.465897
vn 0.885399 -0.004228 -0.464813
vn 0.840336 -0.004581 -0.542047
vn 0.839757 -0.007253 -0.542913
vn 0.884888 -0.003421 -0.465791
vn 0.883157 0.000923 -0.469076
vn 0.838117 -0.005095 -0.545467
vn 0.836276 0.000684 -0.548309
vn 0.880807 0.006969 -0.473424
vn 0.878986 0.012527 -0.476682
vn 0.834962 0.008788 -0.550237
vn 0.834686 0.016465 -0.550480
vn 0.878606 0.016449 -0.477263
vn 0.879481 0.017100 -0.475627
vn 0.835594 0.020221 -0.548976
vn 0.915085 0.017297 -0.402890
vn 0.914460 0.016788 -0.404328
vn 0.944268 0.022524 -0.328406
vn 0.943652 0.018292 -0.330434
vn 0.943807 0.013307 -0.330228
vn 0.914807 0.014856 -0.403618
vn 0.916895 0.014726 -0.398857
vn 0.919049 0.007594 -0.394070
vn 0.947074 0.013351 -0.320739
vn 0.945589 0.022022 -0.324618
vn -0.045085 0.994417 0.095410
vn -0.048896 0.993560 0.102217
vn -0.057485 0.993516 0.098089
vn -0.052699 0.994442 0.091153
vn -0.049763 0.993235 0.104923
vn -0.058769 0.993165 0.100847
vn -0.063318 0.993345 0.096213
vn -0.063805 0.993331 0.096039
vn -0.059077 0.994330 0.088422
vn -0.034135 0.994481 0.099213
vn -0.036586 0.993560 0.107240
vn -0.019064 0.994713 0.100911
vn -0.019450 0.993605 0.111226
vn -0.017145 0.993605 0.111603
vn -0.036210 0.993398 0.108853
vn -0.034007 0.996447 0.077056
vn -0.026315 0.996480 0.079598
vn -0.013752 0.998916 0.044478
vn -0.010100 0.998806 0.047800
vn -0.007010 0.998580 0.052802
vn -0.015847 0.996609 0.080741
vn -0.040274 0.996405 0.074528
vn -0.047124 0.996221 0.072958
vn -0.029162 0.998403 0.048379
vn -0.020021 0.998785 0.045022
vn 0.001117 0.999811 0.019425
vn 0.004666 0.999765 0.021173
vn 0.003475 0.999944 0.009967
vn 0.011198 0.999937 0.000299
vn 0.013205 0.999839 -0.012123
vn 0.003998 0.999689 0.024618
vn -0.006611 0.999753 0.021237
vn -0.017264 0.999492 0.026776
vn -0.015033 0.999773 0.015084
vn -0.004874 0.999903 0.013081
vn -0.504691 0.002502 0.863297
vn -0.500982 0.007769 0.865423
vn -0.396607 -0.001297 0.917988
vn -0.403453 -0.007338 0.914971
vn -0.499951 0.003104 0.866048
vn -0.391193 -0.003096 0.920303
vn -0.272957 -0.013364 0.961933
vn -0.280356 -0.015495 0.959771
vn -0.288093 -0.017470 0.957443
vn -0.600693 0.008630 0.799433
vn -0.600813 0.009079 0.799338
vn -0.700604 0.010132 0.713479
vn -0.702323 0.006021 0.711833
vn -0.704712 0.003912 0.709483
vn -0.603331 0.004286 0.797480
vn -0.499768 -0.004284 0.866149
vn -0.388641 -0.008082 0.921354
vn -0.499769 -0.007558 0.866126
vn -0.387293 -0.011181 0.921889
vn -0.269010 -0.014401 0.963030
vn -0.269451 -0.012733 0.962930
vn -0.604572 -0.001679 0.796549
vn -0.704806 0.002124 0.709397
vn -0.703218 -0.001585 0.710973
vn -0.605186 -0.005581 0.796065
vn -0.499980 -0.007052 0.866008
vn -0.385890 -0.010031 0.922490
vn -0.501111 -0.002835 0.865378
vn -0.386461 -0.002370 0.922303
vn -0.270695 -0.002104 0.962663
vn -0.269631 -0.012561 0.962882
vn -0.606233 -0.006074 0.795264
vn -0.701102 -0.002983 0.713055
vn -0.699252 0.001606 0.714873
vn -0.607080 -0.001882 0.794639
vn -0.606767 0.004923 0.794865
vn -0.503010 0.002657 0.864276
vn -0.698140 0.008917 0.715905
vn -0.698075 0.016059 0.715845
vn -0.605392 0.012589 0.795828
vn -0.503136 0.007194 0.864177
vn -0.389911 0.004244 0.920843
vn -0.391801 0.002583 0.920046
vn -0.271706 -0.001479 0.962379
vn -0.271802 0.005308 0.962338
vn -0.603775 0.015915 0.796996
vn -0.499883 0.008139 0.866055
vn -0.698898 0.018856 0.714973
vn -0.699460 0.012490 0.714563
vn -0.602692 0.009004 0.797923
vn -0.495504 0.002397 0.868602
vn -0.388295 -0.002970 0.921531
vn -0.381969 -0.008086 0.924140
vn -0.266288 -0.017612 0.963733
vn -0.269525 -0.012516 0.962912
vn -0.602169 0.002479 0.798365
vn -0.492742 -0.001782 0.870174
vn -0.698624 0.006769 0.715457
vn -0.697003 0.013377 0.716943
vn -0.601591 0.009076 0.798753
vn -0.491736 0.005614 0.870726
vn -0.377212 -0.008276 0.926090
vn -0.375288 0.002188 0.926906
vn -0.262172 -0.001517 0.965020
vn -0.263640 -0.014884 0.964506
vn -0.600464 0.013910 0.799531
vn -0.491275 0.010478 0.870942
vn -0.695959 0.017089 0.717878
vn -0.696444 -0.001922 0.717608
vn -0.599147 -0.002398 0.800636
vn -0.490398 -0.005873 0.871479
vn -0.375263 0.008771 0.926877
vn -0.375592 -0.008174 0.926749
vn -0.263559 -0.007064 0.964617
vn -0.261972 0.007788 0.965044
vn -0.787707 0.010324 0.615964
vn -0.788350 0.004357 0.615211
vn -0.847160 0.011712 0.531209
vn -0.847045 0.006799 0.531477
vn -0.845943 0.010428 0.533171
vn -0.788736 0.005741 0.614706
vn -0.787327 0.008599 0.616476
vn -0.844197 0.015703 0.535803
vn -0.842053 0.016303 0.539149
vn -0.784148 0.007128 0.620534
vn -0.779883 0.005586 0.625900
vn -0.839632 0.014830 0.542954
vn -0.837768 0.013409 0.545861
vn -0.776394 0.007597 0.630202
vn -0.775298 0.011493 0.631491
vn -0.837233 0.012960 0.546693
vn -0.837857 0.014432 0.545698
vn -0.776445 0.015817 0.629987
vn -0.778486 0.018008 0.627404
vn -0.838909 0.016382 0.544026
vn -0.839357 0.017309 0.543305
vn -0.779414 0.015169 0.626325
vn -0.778073 0.013011 0.628039
vn -0.838664 0.018634 0.544330
vn -0.837673 0.021995 0.545729
vn -0.776002 0.018281 0.630465
vn -0.775438 0.017771 0.631173
vn -0.837427 0.017371 0.546273
vn -0.837680 -0.009393 0.546080
vn -0.777008 -0.006228 0.629460
vn -0.887015 0.021439 0.461243
vn -0.886392 0.021340 0.462443
vn -0.888504 0.017372 0.458540
vn -0.923705 0.025223 0.382272
vn -0.922773 0.025595 0.384494
vn -0.922999 0.022257 0.384159
vn -0.886381 0.019081 0.462563
vn -0.924062 0.018148 0.381812
vn -0.925235 0.015752 0.379068
vn -0.886602 0.016275 0.462247
vn -0.886753 0.014354 0.462020
vn -0.925928 0.015028 0.377401
vn -0.926109 0.016082 0.376914
vn -0.886773 0.014776 0.461970
vn -0.886750 0.016569 0.461952
vn -0.926042 0.018038 0.376989
vn -0.925951 0.020007 0.377112
vn -0.886715 0.018792 0.461935
vn -0.886675 0.021197 0.461908
vn -0.925972 0.021868 0.376959
vn -0.926114 0.023431 0.376515
vn -0.886681 0.023442 0.461788
vn -0.886804 0.017439 0.461817
vn -0.926716 0.016031 0.375421
vn -0.928124 -0.013004 0.372044
vn -0.886684 -0.008585 0.462297
vn -0.960473 0.019328 0.277701
vn -0.960487 0.021384 0.277502
vn -0.960299 0.016612 0.278479
vn -0.988152 0.015726 0.152674
vn -0.988386 0.019627 0.150694
vn -0.988480 0.022619 0.149653
vn -0.960440 0.022732 0.277556
vn -0.988479 0.024098 0.149426
vn -0.988547 0.023270 0.149110
vn -0.960490 0.023255 0.277342
vn -0.961200 0.012057 0.275588
vn -0.988972 0.008439 0.147863
vn -0.988635 -0.037614 0.145558
vn -0.962601 -0.026871 0.269587
vn 0.985719 0.010160 -0.168093
vn 0.985522 0.021764 -0.168144
vn 0.997442 0.022118 -0.067976
vn 0.997587 0.011132 -0.068531
vn 0.985294 0.028091 -0.168541
vn 0.997261 0.025934 -0.069265
vn 0.997975 0.024705 0.058620
vn 0.998090 0.024034 0.056905
vn 0.998403 0.013436 0.054877
vn 0.967453 0.011370 -0.252795
vn 0.967306 0.020425 -0.252788
vn 0.967589 0.026868 -0.251096
vn 0.981625 0.027592 0.188814
vn 0.982255 0.013903 0.187032
vn 0.980975 0.027027 0.192245
vn 0.950004 0.028560 0.310928
vn 0.950050 0.027430 0.310891
vn 0.950095 0.010598 0.311782
vn 0.903950 0.019556 0.427190
vn 0.902439 0.003297 0.430805
vn 0.905712 0.024423 0.423191
vn 0.845078 0.014994 0.534432
vn 0.841975 0.006926 0.539473
vn 0.839213 -0.007597 0.543751
vn 0.766206 -0.004321 0.642580
vn 0.763947 -0.018197 0.645022
vn 0.769061 0.004207 0.639162
vn 0.679032 -0.002624 0.734104
vn 0.678708 -0.010088 0.734339
vn 0.678829 -0.022890 0.733940
vn 0.985146 0.028378 -0.169357
vn 0.997077 0.026282 -0.071744
vn 0.985536 0.021341 -0.168116
vn 0.997140 0.025499 -0.071141
vn 0.997817 0.028268 0.059690
vn 0.997973 0.024019 0.058938
vn 0.968172 0.027050 -0.248818
vn 0.969007 0.017551 -0.246410
vn 0.980484 0.024209 0.195102
vn 0.980212 0.028035 0.195956
vn 0.949656 0.025695 0.312238
vn 0.949703 0.025267 0.312130
vn 0.906628 0.023937 0.421251
vn 0.907337 0.022046 0.419826
vn 0.849969 0.016560 0.526572
vn 0.847737 0.018101 0.530109
vn 0.772466 0.008748 0.634996
vn 0.775673 0.009484 0.631064
vn 0.681120 0.003303 0.732164
vn 0.679758 0.001565 0.733435
vn 0.584068 -0.002820 0.811700
vn 0.586174 -0.009839 0.810126
vn 0.496036 -0.000734 0.868302
vn 0.497243 -0.006830 0.867585
vn 0.499581 -0.013405 0.866164
vn 0.588435 -0.020182 0.808293
vn 0.581853 0.000687 0.813294
vn 0.581171 -0.000120 0.813781
vn 0.496949 -0.002984 0.867775
vn 0.495695 0.001570 0.868495
vn 0.986515 0.012372 -0.163200
vn 0.997662 0.021884 -0.064735
vn 0.987570 0.005771 -0.157075
vn 0.998328 0.013847 -0.056117
vn 0.997362 0.022406 0.069041
vn 0.997563 0.029871 0.063052
vn 0.969763 0.006564 -0.243960
vn 0.948022 0.003516 -0.318184
vn 0.948506 -0.001837 -0.316754
vn 0.970391 0.000724 -0.241538
vn 0.980220 0.031372 0.195407
vn 0.979985 0.028252 0.197055
vn 0.950865 0.029644 0.308183
vn 0.950350 0.027733 0.309945
vn 0.908747 0.021880 0.416773
vn 0.910430 0.026079 0.412840
vn 0.854618 0.019267 0.518900
vn 0.852141 0.015499 0.523084
vn 0.778254 0.009625 0.627876
vn 0.780918 0.011943 0.624519
vn 0.685839 0.005787 0.727731
vn 0.683317 0.004243 0.730109
vn 0.583123 -0.001145 0.812383
vn 0.585837 0.001009 0.810428
vn 0.504058 -0.004063 0.863660
vn 0.500118 -0.006931 0.865929
vn 0.988294 0.003680 -0.152519
vn 0.998718 0.008342 -0.049930
vn 0.988799 0.008399 -0.149018
vn 0.998837 0.011904 -0.046731
vn 0.996732 0.013972 0.079558
vn 0.997024 0.014495 0.075722
vn 0.971026 -0.000243 -0.238976
vn 0.948864 -0.002878 -0.315674
vn 0.949192 0.000561 -0.314698
vn 0.971806 0.003782 -0.235751
vn 0.979031 0.022025 0.202519
vn 0.978266 0.015529 0.206772
vn 0.949646 0.017930 0.312811
vn 0.950431 0.027633 0.309706
vn 0.911573 0.027925 0.410188
vn 0.911428 0.021081 0.410919
vn 0.858682 0.021878 0.512041
vn 0.857254 0.022918 0.514383
vn 0.784246 0.015098 0.620267
vn 0.787333 0.017893 0.616269
vn 0.691138 0.011045 0.722638
vn 0.688325 0.008006 0.725358
vn 0.587536 0.003811 0.809189
vn 0.589268 0.005036 0.807922
vn 0.509886 0.000959 0.860241
vn 0.507435 0.000195 0.861690
vn 0.429842 -0.010839 0.902839
vn 0.424891 -0.013065 0.905150
vn 0.349583 -0.018087 0.936731
vn 0.345156 -0.018340 0.938366
vn 0.341365 -0.013785 0.939830
vn 0.420533 -0.007952 0.907242
vn 0.435457 -0.006009 0.900190
vn 0.439676 -0.002748 0.898152
vn 0.361652 -0.007958 0.932279
vn 0.355751 -0.014327 0.934471
vn 0.989264 0.016587 -0.145197
vn 0.998777 0.019831 -0.045301
vn 0.989641 0.025039 -0.141365
vn 0.998603 0.027613 -0.045059
vn 0.996763 0.026769 0.075813
vn 0.996728 0.018661 0.078646
vn 0.972798 0.010786 -0.231403
vn 0.949558 0.006488 -0.313525
vn 0.950224 0.013026 -0.311296
vn 0.973933 0.018907 -0.226047
vn 0.978562 0.014279 0.205459
vn 0.979076 0.024425 0.202026
vn 0.948765 0.023087 0.315139
vn 0.949089 0.012247 0.314770
vn 0.909652 0.016056 0.415060
vn 0.907893 0.023965 0.418516
vn 0.856891 0.024852 0.514898
vn 0.857973 0.020870 0.513271
vn 0.789169 0.020478 0.613835
vn 0.790262 0.022996 0.612338
vn 0.697054 0.018170 0.716788
vn 0.694338 0.014561 0.719501
vn 0.592140 0.007151 0.805803
vn 0.594808 0.012726 0.803767
vn 0.512142 0.009499 0.858848
vn 0.511447 0.002540 0.859311
vn 0.440821 0.001335 0.897594
vn 0.440156 0.008816 0.897878
vn 0.365967 0.008509 0.930589
vn 0.364981 -0.000012 0.931015
vn 0.919786 0.010682 -0.392276
vn 0.920046 0.013666 -0.391571
vn 0.951261 0.017282 -0.307903
vn 0.920735 0.013392 -0.389957
vn 0.952096 0.015670 -0.305399
vn 0.920076 0.005873 -0.391696
vn 0.920647 0.000323 -0.390395
vn 0.975038 0.022970 -0.220849
vn 0.975672 0.016667 -0.218604
vn 0.990290 0.016494 -0.138033
vn 0.989960 0.027529 -0.138641
vn 0.998537 0.029045 -0.045608
vn 0.998795 0.016623 -0.046173
vn 0.997047 0.018054 0.074642
vn 0.996772 0.029873 0.074522
vn 0.979069 0.031750 0.201035
vn 0.979303 0.019890 0.201421
vn 0.949558 0.020017 0.312952
vn 0.948737 0.032500 0.314392
vn 0.908041 0.030148 0.417795
vn 0.909616 0.017920 0.415064
vn 0.858098 0.016736 0.513213
vn 0.857360 0.026331 0.514043
vn 0.791120 0.023288 0.611218
vn 0.790419 0.018805 0.612278
vn 0.698074 0.020547 0.715731
vn 0.698383 0.020651 0.715427
vn 0.595994 0.017963 0.802788
vn 0.596818 0.018496 0.802163
vn 0.513598 0.014508 0.857908
vn 0.512460 0.015823 0.858565
vn 0.439986 0.014073 0.897894
vn 0.441479 0.010377 0.897212
vn 0.369359 0.004757 0.929275
vn 0.366536 0.012285 0.930323
vn 0.280071 0.006379 0.959958
vn 0.276859 -0.004030 0.960902
vn 0.172184 0.001985 0.985063
vn 0.168862 -0.008004 0.985607
vn 0.167344 -0.017466 0.985744
vn 0.272147 -0.014335 0.962149
vn 0.282480 0.009505 0.959226
vn 0.287378 -0.003894 0.957809
vn 0.184506 -0.014651 0.982722
vn 0.177327 0.003543 0.984146
vn 0.922124 0.018067 -0.386472
vn 0.952127 0.021225 -0.304966
vn 0.886854 0.011326 -0.461912
vn 0.891878 0.016814 -0.451963
vn 0.925783 0.035829 -0.376354
vn 0.951746 0.047229 -0.303231
vn 0.974904 0.016895 -0.221985
vn 0.972188 0.042049 -0.230395
vn 0.988146 0.025663 -0.151360
vn 0.989901 0.009216 -0.141459
vn 0.998839 0.004346 -0.047979
vn 0.998433 0.008854 -0.055262
vn 0.997954 -0.007350 0.063515
vn 0.997354 0.001571 0.072686
vn 0.980065 -0.002480 0.198661
vn 0.981768 -0.025488 0.188365
vn 0.950770 -0.035821 0.307819
vn 0.950463 -0.005819 0.310783
vn 0.909817 -0.004260 0.414988
vn 0.906505 -0.027043 0.421329
vn 0.849462 -0.004903 0.527628
vn 0.855997 0.003467 0.516970
vn 0.786683 0.013872 0.617201
vn 0.780913 0.013524 0.624493
vn 0.700721 0.011477 0.713343
vn 0.697572 0.017449 0.716302
vn 0.600851 0.009140 0.799309
vn 0.612832 -0.013998 0.790089
vn 0.526489 -0.042815 0.849104
vn 0.517725 -0.003097 0.855541
vn 0.444681 -0.011589 0.895614
vn 0.446567 -0.056419 0.892970
vn 0.377431 -0.058815 0.924168
vn 0.375053 -0.019383 0.926801
vn 0.295530 -0.030495 0.954847
vn 0.298625 -0.058886 0.952552
vn 0.188664 -0.053924 0.980560
vn 0.191175 -0.040404 0.980724
vn 0.068342 -0.042784 0.996744
vn 0.075030 -0.043446 0.996234
vn -0.047267 -0.032368 0.998358
vn -0.040823 -0.039462 0.998387
vn -0.039136 -0.028105 0.998839
vn 0.071899 -0.024270 0.997117
vn 0.078799 0.996511 -0.027521
vn 0.100926 0.994476 -0.028848
vn 0.093132 0.995583 -0.011893
vn 0.082152 0.996532 -0.013262
vn 0.136717 0.990150 -0.030177
vn 0.126555 0.991929 -0.007843
vn 0.110274 0.993893 -0.004082
vn 0.082466 0.996540 -0.010319
vn 0.088468 0.996018 -0.011059
vn 0.078948 0.995966 -0.042661
vn 0.107730 0.993002 -0.048388
vn 0.086498 0.995149 -0.046868
vn 0.117892 0.991365 -0.057427
vn 0.147653 0.986821 -0.066199
vn 0.141143 0.988490 -0.054457
vn 0.074661 0.997001 -0.020383
vn 0.101573 0.994707 -0.015501
vn 0.097143 0.995141 -0.016078
vn 0.093439 0.994897 -0.038073
vn 0.076976 0.996365 -0.036477
vn 0.120678 0.992468 -0.021064
vn 0.089016 0.995336 -0.037190
vn 0.138903 0.990221 -0.012971
vn 0.096893 0.994302 -0.044446
vn 0.095662 0.995332 -0.012784
vn 0.096969 0.995275 -0.004951
vn 0.144847 0.989266 0.019283
vn 0.089868 0.995127 0.040583
vn 0.133842 0.989189 0.059935
vn 0.080485 0.996096 0.036266
vn 0.046814 0.995646 0.080603
vn 0.065309 0.994689 0.079556
vn 0.108408 0.989638 0.094155
vn 0.034815 0.995029 0.093299
vn 0.079557 0.991159 0.106185
vn 0.009952 0.995264 0.096699
vn 0.001000 0.997202 0.074746
vn 0.019052 0.997309 0.070797
vn 0.063406 0.994253 0.086258
vn 0.013332 0.999138 0.039326
vn 0.052373 0.996934 0.058131
vn 0.013074 0.998600 0.051263
vn 0.020828 0.998637 0.047855
vn 0.005779 0.999688 0.024319
vn 0.031467 0.998642 0.041531
vn 0.006309 0.999743 0.021774
vn 0.014605 0.999531 0.026930
vn 0.026199 0.998332 0.051444
vn 0.035876 0.998019 0.051675
vn 0.020071 0.999580 0.020894
vn 0.017401 0.999801 0.009750
vn 0.027688 0.999393 0.021161
vn 0.022104 0.999756 -0.000401
vn 0.037822 0.997954 0.051554
vn 0.020244 0.998315 0.054374
vn 0.013525 0.999586 0.025393
vn 0.008984 0.999955 -0.002971
vn -0.003244 0.999559 0.029523
vn -0.005116 0.999955 -0.007941
vn 0.000563 0.998392 0.056680
vn -0.004597 0.998350 0.057232
vn -0.004421 0.999522 0.030605
vn -0.002612 0.999883 -0.015063
vn 0.000837 0.999591 0.028587
vn 0.007436 0.999813 -0.017832
vn -0.004470 0.998400 0.056375
vn 0.172311 0.984552 -0.031071
vn 0.165900 0.986140 -0.002327
vn 0.179544 0.983464 -0.023702
vn 0.179752 0.983699 0.005021
vn 0.175869 0.984404 0.004327
vn 0.152273 0.988337 0.001913
vn 0.169931 0.983568 -0.060976
vn 0.170150 0.982714 -0.072959
vn 0.173383 0.982229 -0.071872
vn 0.175668 0.982769 -0.057494
vn 0.143914 0.989526 -0.011272
vn 0.175174 0.984479 -0.010743
vn 0.173616 0.984502 -0.024784
vn 0.141345 0.989456 -0.031592
vn 0.136097 0.990044 -0.035922
vn 0.160804 0.986740 -0.022062
vn 0.131469 0.991254 0.011454
vn 0.119890 0.992780 -0.003820
vn 0.089719 0.994889 0.046320
vn 0.089098 0.994221 0.059881
vn 0.040352 0.993076 0.110330
vn 0.043333 0.994526 0.095083
vn 0.002999 0.993562 0.113249
vn 0.011846 0.990924 0.133898
vn 0.034386 0.993423 0.109220
vn 0.008791 0.995976 0.089183
vn 0.041941 0.996480 0.072586
vn 0.072042 0.993659 0.086326
vn 0.074509 0.992451 0.097412
vn 0.055424 0.994861 0.084739
vn 0.051768 0.994165 0.094633
vn 0.059124 0.992100 0.110647
vn 0.054542 0.992622 0.108286
vn 0.051479 0.994584 0.090297
vn 0.046747 0.995325 0.084517
vn 0.048055 0.993598 0.102246
vn 0.023882 0.994752 0.099487
vn 0.024398 0.996303 0.082376
vn 0.001694 0.996847 0.079333
vn 0.000497 0.995285 0.096996
vn -0.004884 0.995351 0.096192
vn -0.004814 0.996997 0.077285
vn -0.007066 0.996841 0.079111
vn -0.006931 0.995061 0.099025
vn 0.163517 0.986505 -0.008343
vn 0.165562 0.986134 0.011338
vn 0.135522 0.990657 0.015252
vn 0.124667 0.991932 0.022992
vn 0.122134 0.992513 0.001098
vn 0.170411 0.985371 0.002200
vn 0.164696 0.985491 -0.041017
vn 0.161183 0.984884 -0.063436
vn 0.142020 0.988678 -0.048436
vn 0.146106 0.989169 -0.014052
vn 0.177352 0.984043 -0.014328
vn 0.130844 0.991148 -0.022506
vn 0.137458 0.990258 -0.022237
vn 0.178091 0.983811 -0.019976
vn 0.161415 0.986857 -0.007691
vn 0.124705 0.992194 -0.000587
vn 0.091263 0.995053 0.039255
vn 0.124338 0.991823 0.028757
vn 0.076988 0.994332 0.073331
vn 0.051758 0.995436 0.080175
vn 0.025772 0.993283 0.112801
vn 0.036844 0.992358 0.117764
vn 0.027555 0.989214 0.143864
vn 0.028174 0.990918 0.131486
vn 0.057043 0.991300 0.118622
vn 0.058696 0.990367 0.125409
vn 0.086539 0.991536 0.096785
vn 0.077328 0.992522 0.094453
vn 0.069283 0.993500 0.090321
vn 0.076371 0.992413 0.096354
vn 0.056927 0.992598 0.107279
vn 0.055672 0.993433 0.099958
vn 0.048414 0.993221 0.105681
vn 0.051687 0.992617 0.109723
vn 0.044208 0.993338 0.106423
vn 0.036905 0.994023 0.102744
vn 0.016670 0.994978 0.098700
vn 0.021196 0.994282 0.104663
vn 0.000135 0.994440 0.105308
vn 0.000988 0.995035 0.099516
vn -0.000236 0.994522 0.104526
vn -0.003683 0.994156 0.107890
vn -0.005573 0.993778 0.111238
vn -0.001885 0.993921 0.110085
vn 0.107317 0.993176 0.045657
vn 0.079262 0.995852 0.044687
vn 0.092271 0.993066 0.072846
vn 0.060504 0.995854 0.067934
vn 0.023308 0.999599 0.016086
vn 0.058341 0.998281 0.005579
vn 0.124951 0.992009 0.017499
vn 0.120238 0.992396 -0.026311
vn 0.092289 0.995732 0.001158
vn 0.104662 0.993470 0.045418
vn 0.059141 0.997694 -0.033311
vn 0.000568 0.999301 -0.037390
vn -0.010000 0.999180 -0.039224
vn 0.067224 0.997240 -0.031516
vn 0.059527 0.998221 -0.003227
vn -0.023523 0.999646 -0.012469
vn -0.037930 0.999084 0.019808
vn 0.036434 0.998657 0.036822
vn 0.013852 0.997182 0.073733
vn -0.039834 0.998023 0.048619
vn -0.018356 0.997472 0.068657
vn 0.006589 0.995217 0.097463
vn 0.019748 0.993746 0.109909
vn 0.022467 0.995778 0.089005
vn 0.062448 0.992540 0.104711
vn 0.047162 0.993518 0.103435
vn 0.065957 0.993846 0.088991
vn 0.080798 0.990803 0.108543
vn 0.079512 0.990943 0.108217
vn 0.065820 0.994032 0.086993
vn 0.058195 0.993665 0.096140
vn 0.067829 0.991528 0.110776
vn 0.043854 0.992728 0.112109
vn 0.045133 0.993674 0.102839
vn 0.027015 0.994795 0.098256
vn 0.018027 0.994425 0.103892
vn 0.003260 0.995902 0.090375
vn 0.010245 0.995918 0.089684
vn 0.001644 0.996201 0.087070
vn -0.000697 0.996831 0.079548
vn 0.004058 0.997493 0.070650
vn 0.004124 0.995912 0.090235
vn 0.004299 0.995521 0.094449
vn 0.008353 0.998115 0.060804
vn 0.002809 0.998645 0.051964
vn -0.009642 0.995353 0.095815
vn -0.028076 0.995078 0.095038
vn -0.006541 0.998727 0.050021
vn -0.014622 0.998188 0.058373
vn -0.041672 0.994617 0.094867
vn 0.100150 0.992988 -0.062811
vn 0.069503 0.996897 -0.036971
vn 0.119777 0.990151 -0.072482
vn 0.094958 0.991889 -0.084495
vn 0.083061 0.993449 -0.078482
vn 0.054851 0.997123 -0.052310
vn -0.052108 0.994252 0.093534
vn -0.027771 0.997227 0.069045
vn -0.043234 0.996820 0.066936
vn -0.057649 0.994596 0.086341
vn -0.046060 0.997715 0.049429
vn -0.055837 0.995936 0.070664
vn -0.035647 0.998908 0.030189
vn -0.051466 0.997396 0.050516
vn -0.070075 0.995107 0.069652
vn -0.066082 0.994016 0.086983
vn -0.071515 0.993180 0.092082
vn -0.080858 0.993515 0.079933
vn -0.077804 0.993926 0.077827
vn -0.067514 0.994045 0.085540
vn -0.056069 0.995860 0.071547
vn -0.066520 0.995486 0.067693
vn -0.050759 0.997327 0.052554
vn -0.040006 0.997865 0.051629
vn -0.029854 0.998985 0.033740
vn -0.041933 0.998332 0.039675
vn -0.046936 0.998365 0.032632
vn -0.030169 0.999306 0.021862
vn -0.025070 0.999476 0.020483
vn -0.048303 0.998186 0.035926
vn -0.018540 0.999617 0.020574
vn -0.046019 0.998443 0.031533
vn -0.070618 0.996639 0.041517
vn -0.071704 0.996083 0.051739
vn -0.085875 0.994306 0.063099
vn -0.087245 0.994986 0.048907
vn -0.092241 0.994437 0.050852
vn -0.085948 0.994159 0.065274
vn -0.076693 0.995272 0.059597
vn -0.086317 0.995156 0.047061
vn -0.070087 0.996777 0.039035
vn -0.060732 0.996963 0.048754
vn -0.052311 0.997814 0.040377
vn -0.060599 0.997597 0.033583
vn -0.068930 0.997010 0.034921
vn -0.061003 0.997393 0.038557
vn -0.890952 0.013895 0.453885
vn -0.890290 0.013227 0.455201
vn -0.927450 0.020209 0.373402
vn -0.925470 0.022718 0.378139
vn -0.015194 0.999654 0.021490
vn -0.046258 0.998522 0.028517
vn -0.015728 0.999743 0.016304
vn -0.049558 0.998599 0.018581
vn -0.078646 0.996722 0.018958
vn -0.072587 0.996808 0.033250
vn -0.091606 0.995168 0.035330
vn -0.099796 0.994862 0.017059
vn -0.108792 0.993973 0.013491
vn -0.099865 0.994410 0.034298
vn -0.095629 0.994954 0.030344
vn -0.104098 0.994525 0.009151
vn -0.085498 0.996328 0.004628
vn -0.078521 0.996619 0.024203
vn -0.066096 0.997603 0.020507
vn -0.069217 0.997599 0.002102
vn -0.065079 0.997874 0.003429
vn -0.069086 0.997352 0.022717
vn -0.957304 0.031890 0.287318
vn -0.955852 0.032027 0.292097
vn -0.980651 0.038108 0.192020
vn -0.981820 0.032917 0.186940
vn -0.983051 0.031406 0.180620
vn -0.955326 0.031416 0.293879
vn -0.955361 0.028183 0.294093
vn -0.983985 0.027879 0.176056
vn -0.984997 0.017124 0.171720
vn -0.956146 0.020694 0.292159
vn -0.957522 0.014018 0.288020
vn -0.986093 0.007776 0.166011
vn -0.987081 0.007447 0.160050
vn -0.958917 0.012576 0.283408
vn -0.959848 0.014098 0.280165
vn -0.987757 0.011503 0.155578
vn -0.019009 0.999805 0.005437
vn -0.052221 0.998629 0.003515
vn -0.021717 0.999712 -0.010254
vn -0.048791 0.998721 -0.013247
vn -0.082626 0.996451 -0.016098
vn -0.083864 0.996477 0.001016
vn -0.107300 0.994222 -0.002958
vn -0.109726 0.993763 -0.019906
vn -0.120864 0.992385 -0.023764
vn -0.116440 0.993169 -0.007521
vn -0.110736 0.993783 -0.011574
vn -0.115556 0.992941 -0.026756
vn -0.094448 0.995140 -0.027867
vn -0.090525 0.995790 -0.014421
vn -0.070473 0.997392 -0.015589
vn -0.070751 0.997124 -0.027153
vn -0.053522 0.998298 -0.023154
vn -0.060021 0.998096 -0.014235
vn -0.996754 0.032114 0.073825
vn -0.997814 0.022395 0.062176
vn -0.996167 0.027909 -0.082900
vn -0.996388 0.014210 -0.083723
vn -0.996122 0.016885 -0.086344
vn -0.998415 0.023694 0.051049
vn -0.998771 0.023802 0.043481
vn -0.995783 0.019061 -0.089735
vn -0.995540 0.005452 -0.094186
vn -0.999224 0.011627 0.037641
vn -0.999511 0.000262 0.031273
vn -0.994978 -0.007338 -0.099823
vn -0.994431 -0.004496 -0.105296
vn -0.999686 0.001341 0.025031
vn -0.999763 0.007885 0.020308
vn -0.994002 0.004469 -0.109268
vn -0.993623 0.010581 -0.112255
vn -0.999768 0.013414 0.016836
vn -0.999738 0.018226 0.013874
vn -0.993213 0.015424 -0.115279
vn -0.992769 0.020621 -0.118259
vn -0.999677 0.022570 0.011693
vn -0.999632 0.024962 0.010619
vn -0.992427 0.024632 -0.120340
vn -0.992405 0.025512 -0.120337
vn -0.999672 0.023545 0.010135
vn -0.999914 0.008320 0.010161
vn -0.992898 0.012557 -0.118303
vn -0.992751 -0.029511 -0.116512
vn -0.999293 -0.035527 0.012295
vn -0.026407 0.999484 -0.018269
vn -0.042160 0.998874 -0.021747
vn -0.042992 0.999038 -0.008611
vn -0.047836 0.998708 -0.017140
vn -0.074182 0.996721 -0.032305
vn -0.075770 0.996744 -0.027572
vn -0.106197 0.993781 -0.033500
vn -0.101322 0.993833 -0.045059
vn -0.117080 0.991756 -0.052085
vn -0.121014 0.991933 -0.037751
vn -0.118069 0.992211 -0.039705
vn -0.116346 0.991791 -0.053047
vn -0.097673 0.994069 -0.047812
vn -0.097493 0.994496 -0.038375
vn -0.070824 0.996887 -0.034655
vn -0.070952 0.996676 -0.040036
vn -0.040424 0.998730 -0.030077
vn -0.045528 0.998603 -0.026808
vn -0.967807 0.036261 -0.249068
vn -0.970712 0.019674 -0.239438
vn -0.915280 0.044691 -0.400332
vn -0.918049 0.028708 -0.395426
vn -0.919890 0.024338 -0.391420
vn -0.972278 0.018777 -0.233074
vn -0.972747 0.017440 -0.231211
vn -0.921035 0.019133 -0.389010
vn -0.922248 0.001549 -0.386595
vn -0.972570 0.000945 -0.232608
vn -0.971813 -0.013029 -0.235391
vn -0.923620 -0.012501 -0.383107
vn -0.924765 -0.008886 -0.380436
vn -0.971128 -0.008714 -0.238399
vn -0.970552 0.002124 -0.240882
vn -0.924915 0.001101 -0.380173
vn -0.924354 0.006831 -0.381475
vn -0.969985 0.008303 -0.243024
vn -0.969315 0.012422 -0.245509
vn -0.923555 0.010084 -0.383334
vn -0.922228 0.012585 -0.386442
vn -0.968433 0.017155 -0.248684
vn -0.967527 0.022796 -0.251736
vn -0.920225 0.018140 -0.390970
vn -0.918417 0.031258 -0.394378
vn -0.967268 0.029581 -0.252026
vn -0.968204 0.020100 -0.249354
vn -0.918385 0.026923 -0.394770
vn -0.918890 -0.027952 -0.393521
vn -0.968056 -0.029169 -0.249031
vn -0.063516 0.997974 -0.003736
vn -0.066621 0.997607 -0.018482
vn -0.067084 0.997597 -0.017314
vn -0.078447 0.996327 -0.034322
vn -0.088716 0.994752 -0.050961
vn -0.081865 0.995869 -0.039290
vn -0.099383 0.993500 -0.055498
vn -0.099300 0.993008 -0.063833
vn -0.108532 0.991377 -0.073431
vn -0.111820 0.991638 -0.064427
vn -0.111163 0.991678 -0.064942
vn -0.106665 0.991399 -0.075837
vn -0.089545 0.993589 -0.069017
vn -0.094137 0.993927 -0.056979
vn -0.070274 0.996415 -0.047095
vn -0.067826 0.995867 -0.060408
vn -0.043922 0.997671 -0.052190
vn -0.041460 0.998428 -0.037720
vn -0.846571 0.040296 -0.530749
vn -0.845282 0.029012 -0.533533
vn -0.774773 0.025652 -0.631719
vn -0.770574 0.022796 -0.636943
vn -0.768299 0.022723 -0.639688
vn -0.844752 0.025901 -0.534531
vn -0.845194 0.021506 -0.534027
vn -0.766091 0.019476 -0.642437
vn -0.763760 0.008092 -0.645450
vn -0.847326 0.007162 -0.531025
vn -0.850883 -0.005015 -0.525331
vn -0.761945 -0.001491 -0.647640
vn -0.761426 -0.000501 -0.648252
vn -0.854127 -0.004328 -0.520046
vn -0.855414 0.001659 -0.517942
vn -0.762090 0.004041 -0.647458
vn -0.762303 0.005555 -0.647197
vn -0.855129 0.005962 -0.518382
vn -0.854106 0.007976 -0.520038
vn -0.760583 0.004305 -0.649226
vn -0.757438 0.000350 -0.652907
vn -0.852073 0.006837 -0.523378
vn -0.848713 0.009959 -0.528760
vn -0.754000 0.001713 -0.656872
vn -0.750204 0.018235 -0.660955
vn -0.844695 0.026320 -0.534600
vn -0.842378 0.028713 -0.538121
vn -0.746857 0.025366 -0.664501
vn -0.746372 -0.009469 -0.665462
vn -0.843670 -0.018853 -0.536531
vn -0.061160 0.997693 -0.029466
vn -0.078564 0.995747 -0.048116
vn -0.065885 0.997262 -0.033583
vn -0.078196 0.995470 -0.054076
vn -0.086689 0.993811 -0.069458
vn -0.088862 0.994181 -0.060894
vn -0.097282 0.992648 -0.072015
vn -0.092723 0.992093 -0.084578
vn -0.098234 0.990120 -0.100058
vn -0.105321 0.990878 -0.084077
vn -0.103227 0.990614 -0.089602
vn -0.096313 0.989661 -0.106275
vn -0.083003 0.991699 -0.098204
vn -0.086663 0.992671 -0.084223
vn -0.066494 0.994903 -0.075812
vn -0.067153 0.994053 -0.085728
vn -0.051145 0.996049 -0.072604
vn -0.046087 0.996739 -0.066241
vn -0.701233 0.007441 -0.712893
vn -0.695186 0.014746 -0.718678
vn -0.624274 -0.010630 -0.781133
vn -0.615769 0.002656 -0.787922
vn -0.607611 0.004045 -0.794224
vn -0.691020 0.015715 -0.722665
vn -0.685443 0.009846 -0.728060
vn -0.599953 -0.003223 -0.800029
vn -0.593164 -0.015478 -0.804933
vn -0.677519 -0.002558 -0.735501
vn -0.668869 -0.009967 -0.743313
vn -0.588159 -0.019973 -0.808499
vn -0.585527 -0.005273 -0.810636
vn -0.663237 -0.002106 -0.748406
vn -0.662405 0.007338 -0.749110
vn -0.584670 0.009128 -0.811220
vn -0.584213 0.004548 -0.811588
vn -0.662813 0.005245 -0.748766
vn -0.660612 -0.001384 -0.750726
vn -0.582954 -0.005779 -0.812485
vn -0.581775 -0.008107 -0.813310
vn -0.657208 -0.005342 -0.753690
vn -0.655138 -0.002543 -0.755505
vn -0.581555 -0.003129 -0.813501
vn -0.580779 0.008658 -0.814016
vn -0.653256 0.012210 -0.757039
vn -0.650195 0.018967 -0.759531
vn -0.578530 0.012527 -0.815565
vn -0.576911 -0.011969 -0.816719
vn -0.647233 -0.009166 -0.762237
vn -0.074307 0.996246 -0.044424
vn -0.077079 0.995119 -0.061614
vn -0.083310 0.993219 -0.081089
vn -0.087794 0.991027 -0.100788
vn -0.090102 0.989088 -0.116564
vn -0.087026 0.988932 -0.120170
vn -0.075941 0.991271 -0.107770
vn -0.063925 0.993778 -0.091212
vn -0.052834 0.995701 -0.076075
vn -0.548243 -0.025941 -0.835916
vn -0.539094 -0.014352 -0.842124
vn -0.528746 -0.011040 -0.848708
vn -0.521230 -0.013830 -0.853304
vn -0.518582 -0.020077 -0.854792
vn -0.520472 -0.020092 -0.853643
vn -0.522932 -0.005149 -0.852359
vn -0.522520 0.008066 -0.852589
vn -0.521090 0.003527 -0.853495
vn -0.521270 -0.005946 -0.853371
vn -0.522787 -0.007022 -0.852435
vn -0.524077 -0.002105 -0.851669
vn -0.523856 0.006219 -0.851784
vn -0.522604 0.008528 -0.852533
vn -0.523591 -0.008544 -0.851927
vn 0.411871 -0.004631 0.911231
vn 0.413260 -0.005950 0.910594
vn 0.413023 -0.001782 0.910719
vn 0.332287 -0.005940 0.943160
vn 0.329801 -0.004185 0.944041
vn 0.330417 0.001151 0.943835
vn 0.247846 -0.004558 0.968789
vn 0.248134 0.007644 0.968696
vn 0.250279 -0.010496 0.968117
vn 0.162710 -0.012973 0.986589
vn 0.162036 -0.003692 0.986778
vn 0.162418 0.012090 0.986648
vn 0.067935 -0.000482 0.997690
vn 0.067671 0.012151 0.997634
vn 0.066932 -0.012151 0.997684
vn -0.039432 -0.009056 0.999181
vn -0.038456 0.003431 0.999254
vn -0.040485 0.006852 0.999157
vn -0.150415 0.006197 0.988604
vn -0.153147 -0.001264 0.988203
vn -0.150885 -0.005321 0.988537
vn 0.416282 -0.001708 0.909234
vn 0.336751 -0.008153 0.941558
vn 0.254167 -0.014158 0.967057
vn 0.257702 -0.018094 0.966055
vn 0.167466 -0.020397 0.985667
vn 0.165008 -0.018178 0.986125
vn 0.067629 -0.020061 0.997509
vn 0.069355 -0.021369 0.997363
vn -0.037790 -0.021902 0.999046
vn -0.039366 -0.020216 0.999020
vn -0.151308 -0.018813 0.988308
vn -0.150719 -0.021683 0.988339
vn 0.260021 -0.021383 0.965366
vn 0.262569 -0.023290 0.964632
vn 0.168110 -0.024000 0.985476
vn 0.168482 -0.021748 0.985465
vn 0.069856 -0.020130 0.997354
vn 0.067440 -0.019596 0.997531
vn -0.038438 -0.012737 0.999180
vn -0.036559 -0.018342 0.999163
vn -0.149935 -0.016888 0.988552
vn -0.151008 -0.006415 0.988512
vn 0.266858 -0.021703 0.963491
vn 0.167364 -0.023716 0.985610
vn 0.062189 -0.018170 0.997899
vn 0.056995 -0.014292 0.998272
vn -0.049644 -0.008220 0.998733
vn -0.044181 -0.008320 0.998989
vn -0.154637 0.000833 0.987971
vn -0.157447 -0.003779 0.987520
vn 0.055144 -0.009132 0.998437
vn 0.057976 -0.003819 0.998311
vn -0.047022 -0.009660 0.998847
vn -0.050514 -0.009628 0.998677
vn -0.156312 -0.011654 0.987639
vn -0.152911 -0.013843 0.988143
vn 0.064632 -0.005736 0.997893
vn -0.042046 -0.013623 0.999023
vn -0.150880 -0.015691 0.988428
vn -0.152833 -0.023509 0.987972
vn -0.159000 -0.029565 0.986836
vn -0.165728 -0.025262 0.985848
vn 0.044548 0.997352 -0.057489
vn 0.069118 0.993842 -0.086602
vn 0.076570 0.992478 -0.095526
vn 0.084279 0.990816 -0.105740
vn 0.109704 0.989930 -0.089459
vn 0.132788 0.985709 -0.103662
vn 0.101893 0.986990 -0.124372
vn 0.115223 0.984386 -0.133069
vn 0.145004 0.983109 -0.111670
vn 0.141054 0.987106 -0.075664
vn 0.161947 0.983395 -0.081904
vn 0.166674 0.982282 -0.085690
vn 0.149982 0.985494 -0.079411
vn 0.123649 0.990045 -0.067243
vn 0.093197 0.994278 -0.052210
vn 0.848395 0.002410 -0.529359
vn 0.844967 0.006446 -0.534779
vn 0.921095 -0.003578 -0.389321
vn 0.921132 -0.003426 -0.389235
vn 0.920523 0.000347 -0.390688
vn -0.347122 -0.042403 -0.936861
vn -0.344331 0.036588 -0.938135
vn -0.264628 0.051833 -0.962957
vn -0.271226 -0.027791 -0.962115
vn -0.334164 0.275317 -0.901407
vn -0.254051 0.291102 -0.922343
vn -0.167392 0.301059 -0.938799
vn -0.176677 0.064632 -0.982145
vn -0.180335 -0.014933 -0.983492
vn -0.131515 0.937592 -0.321909
vn -0.057650 0.991062 -0.120301
vn -0.036982 0.993898 -0.103919
vn -0.094379 0.944899 -0.313463
vn -0.016717 0.999515 -0.026268
vn -0.006161 0.999961 -0.006322
vn 0.002995 0.999996 0.000136
vn -0.013824 0.995119 -0.097713
vn -0.053215 0.947301 -0.315894
vn -0.516158 -0.005116 0.856478
vn -0.519626 0.064471 0.851958
vn -0.612310 0.076768 0.786882
vn -0.610295 0.006302 0.792149
vn -0.498160 0.311568 0.809174
vn -0.582283 0.320653 0.747079
vn -0.671927 0.327004 0.664517
vn -0.705629 0.085342 0.703423
vn -0.705336 0.013977 0.708735
vn -0.175029 0.947518 0.267534
vn -0.072218 0.992069 0.102876
vn -0.078513 0.991192 0.106651
vn -0.199495 0.944391 0.261396
vn -0.005937 0.999979 0.002745
vn -0.007029 0.999875 0.014160
vn -0.017142 0.999835 0.006071
vn -0.099070 0.991376 0.085782
vn -0.239100 0.944287 0.226172
vn 0.059885 0.998047 -0.017768
vn 0.159153 0.986229 -0.044984
vn 0.145001 0.987290 -0.065062
vn 0.047633 0.998346 -0.032189
vn 0.347323 0.932319 -0.100734
vn 0.333874 0.933714 -0.129254
vn 0.327976 0.931085 -0.159726
vn 0.140799 0.987012 -0.077348
vn 0.050365 0.998091 -0.035746
vn 0.889237 0.372783 -0.265125
vn 0.945903 0.155429 -0.284796
vn 0.935191 0.133193 -0.328142
vn 0.882015 0.356882 -0.307709
vn 0.953026 0.080677 -0.291945
vn 0.937926 0.058028 -0.341948
vn 0.908101 0.024005 -0.418062
vn 0.908816 0.100437 -0.404927
vn 0.863191 0.328979 -0.382981
vn 0.193284 0.107828 0.975200
vn 0.278650 0.099244 0.955251
vn 0.091839 0.109342 0.989752
vn 0.086594 0.134148 0.987171
vn 0.192529 0.131206 0.972480
vn 0.288440 0.120826 0.949844
vn 0.354215 0.077564 0.931942
vn 0.373392 0.095754 0.922718
vn 0.431679 0.065982 0.899611
vn 0.415854 0.051537 0.907970
vn -0.016576 0.111569 0.993618
vn -0.116403 0.116765 0.986315
vn -0.119759 0.145361 0.982104
vn -0.022415 0.138229 0.990147
vn -0.202228 0.123386 0.971535
vn -0.263363 0.129602 0.955952
vn -0.261552 0.158324 0.952116
vn -0.202736 0.153202 0.967175
vn -0.867229 0.043610 0.495996
vn -0.791172 0.061713 0.608472
vn -0.781610 0.055325 0.621309
vn -0.861543 0.039513 0.506145
vn -0.680606 0.091805 0.726875
vn -0.661103 0.079844 0.746035
vn -0.919828 0.021405 0.391737
vn -0.925888 0.026043 0.376898
vn -0.956817 -0.004098 0.290663
vn -0.962346 0.000173 0.271827
vn -0.979902 -0.027324 0.197599
vn -0.982576 -0.025346 0.184128
vn -0.995993 -0.033113 0.083077
vn -0.995919 -0.031798 0.084468
vn -0.998980 -0.015277 -0.042504
vn -0.999566 -0.007312 -0.028547
vn -0.989332 0.014191 -0.144984
vn -0.991254 0.033899 -0.127537
vn -0.973793 0.042487 -0.223431
vn -0.975616 0.072463 -0.207176
vn -0.955778 0.064280 -0.286978
vn -0.956230 0.098521 -0.275531
vn -0.929887 0.081220 -0.358766
vn -0.930059 0.113841 -0.349328
vn -0.881633 0.103638 -0.460416
vn -0.884970 0.134399 -0.445831
vn -0.802816 0.135422 -0.580644
vn -0.809614 0.168243 -0.562334
vn -0.695442 0.166907 -0.698929
vn -0.702357 0.204057 -0.681950
vn -0.588472 0.188134 -0.786325
vn -0.591932 0.229189 -0.772715
vn -0.509718 0.193062 -0.838400
vn -0.502692 0.235056 -0.831895
vn -0.438581 0.176068 -0.881275
vn -0.419314 0.213390 -0.882406
vn -0.353117 0.141442 -0.924826
vn -0.329278 0.169698 -0.928859
vn -0.259414 0.103360 -0.960219
vn -0.239927 0.123129 -0.962951
vn -0.161660 0.076781 -0.983855
vn -0.154240 0.091989 -0.983742
vn -0.059175 0.069075 -0.995855
vn -0.063883 0.084607 -0.994365
vn 0.046177 0.074911 -0.996120
vn 0.036820 0.093873 -0.994903
vn 0.148315 0.085209 -0.985262
vn 0.138831 0.107950 -0.984415
vn 0.244283 0.093973 -0.965140
vn 0.237453 0.118614 -0.964130
vn 0.604175 0.027524 -0.796376
vn 0.605450 0.019640 -0.795641
vn 0.698894 0.023362 -0.714843
vn 0.684508 0.038114 -0.728008
vn 0.779421 0.035834 -0.625475
vn 0.769291 0.058045 -0.636257
vn 0.524881 0.048478 -0.849794
vn 0.509379 0.040511 -0.859588
vn 0.435478 0.088231 -0.895865
vn 0.421432 0.073213 -0.903900
vn 0.852951 0.037717 -0.520627
vn 0.923295 0.029829 -0.382932
vn 0.922102 0.052346 -0.383389
vn 0.850301 0.061838 -0.522651
vn 0.970368 0.026176 -0.240209
vn 0.991418 0.033093 -0.126474
vn 0.989297 0.056573 -0.134503
vn 0.968362 0.048470 -0.244798
vn 0.999012 0.044044 -0.005968
vn 0.987602 0.053756 0.147485
vn 0.987491 0.076739 0.137738
vn 0.997624 0.067372 -0.014426
vn 0.953624 0.061572 0.294634
vn 0.906030 0.057731 0.419258
vn 0.901544 0.084743 0.424309
vn 0.954221 0.086721 0.286255
vn 0.848347 0.035320 0.528261
vn 0.788476 0.014445 0.614895
vn 0.783556 0.036440 0.620252
vn 0.837563 0.060683 0.542961
vn 0.713974 0.012811 0.700055
vn 0.601767 0.022152 0.798364
vn 0.608513 0.037250 0.792669
vn 0.718905 0.031358 0.694401
vn 0.488650 0.033393 0.871841
vn 0.496707 0.046510 0.866671
vn -0.320492 0.134639 0.937634
vn -0.400009 0.131175 0.907075
vn -0.411974 0.153823 0.898118
vn -0.320714 0.160454 0.933487
vn -0.515006 0.110649 0.850015
vn -0.538453 0.128900 0.832739
vn 0.335703 0.093064 -0.937359
vn 0.337212 0.115350 -0.934335
vn 0.020114 -0.999182 -0.035072
vn 0.008229 -0.999622 -0.026253
vn 0.013481 -0.999527 -0.027660
vn 0.022864 -0.999166 -0.033824
vn 0.011849 -0.999725 -0.020260
vn 0.011746 -0.999631 -0.024488
vn 0.034065 -0.998888 -0.032595
vn 0.036721 -0.998788 -0.032772
vn 0.039637 -0.998976 -0.021807
vn 0.044991 -0.998825 -0.018010
vn 0.018343 -0.999478 -0.026600
vn 0.012981 -0.999462 -0.030113
vn 0.014063 -0.999251 -0.036053
vn 0.011259 -0.999227 -0.037676
vn 0.000791 -0.999396 -0.034745
vn 0.005007 -0.999295 -0.037217
vn -0.011754 -0.999753 -0.018887
vn -0.003189 -0.999670 -0.025478
vn -0.005011 -0.999930 -0.010685
vn -0.011637 -0.999932 -0.000725
vn 0.003980 -0.999985 0.003813
vn 0.001546 -0.999984 -0.005477
vn -0.018136 -0.999825 -0.004528
vn -0.026661 -0.999580 0.011364
vn -0.007605 -0.999870 -0.014233
vn 0.000814 -0.999958 -0.009092
vn -0.013867 -0.999897 0.003788
vn -0.020608 -0.999628 0.017859
vn -0.035947 -0.999039 0.025085
vn -0.029658 -0.999194 0.027056
vn -0.038248 -0.998563 0.037535
vn -0.040203 -0.998576 0.035074
vn -0.031053 -0.998893 0.035323
vn -0.032575 -0.998596 0.041784
vn -0.007473 -0.999646 0.025544
vn -0.007190 -0.999864 0.014812
vn 0.019624 -0.999773 -0.008347
vn 0.026090 -0.999651 0.004213
vn 0.053616 -0.998561 0.000765
vn 0.039401 -0.999177 -0.009592
vn 0.054058 -0.998538 -0.000294
vn 0.072605 -0.997347 0.005149
vn 0.082922 -0.996531 0.007068
vn 0.063773 -0.997935 0.007644
vn 0.063018 -0.997960 0.010253
vn 0.079364 -0.996843 0.002413
vn 0.051911 -0.998598 -0.010322
vn 0.043575 -0.999031 0.006277
vn 0.006436 -0.999938 0.009109
vn 0.003408 -0.999934 -0.010946
vn -0.038526 -0.999168 0.013387
vn -0.029411 -0.999255 0.024981
vn -0.047107 -0.998043 0.041126
vn -0.055373 -0.997630 0.040844
vn -0.054432 -0.997006 0.054926
vn -0.049293 -0.997551 0.049614
vn -0.041611 -0.997730 0.052938
vn -0.042748 -0.997341 0.059019
vn -0.024145 -0.998016 0.058150
vn -0.025998 -0.998232 0.053450
vn -0.011120 -0.998688 0.049984
vn -0.008028 -0.998537 0.053474
vn 0.000575 -0.998968 0.045428
vn -0.003312 -0.999069 0.043017
vn -0.000398 -0.999418 0.034102
vn 0.004856 -0.999396 0.034411
vn 0.006725 -0.999789 0.019403
vn -0.000603 -0.999744 0.022612
vn -0.002798 -0.999953 0.009265
vn 0.004509 -0.999988 0.001725
vn -0.002191 -0.999930 -0.011637
vn -0.005003 -0.999987 -0.000929
vn -0.007701 -0.999968 -0.002341
vn -0.011533 -0.999848 -0.013047
vn -0.019606 -0.999808 -0.000160
vn -0.010058 -0.999925 0.006978
vn 0.002278 -0.999792 0.020262
vn 0.015133 -0.999858 0.007442
vn 0.014800 -0.999796 0.013778
vn 0.007769 -0.999703 0.023085
vn 0.008495 -0.999936 -0.007515
vn 0.008077 -0.999967 0.001278
vn -0.005041 -0.999790 0.019861
vn -0.015819 -0.999732 0.016911
vn -0.008491 -0.999863 -0.014179
vn -0.005051 -0.999972 -0.005448
vn -0.023734 -0.999670 -0.009809
vn -0.015930 -0.999868 -0.003313
vn -0.029756 -0.999557 -0.000314
vn -0.019357 -0.999809 0.002731
vn -0.026215 -0.999646 0.004539
vn -0.015608 -0.999865 0.005122
vn -0.018683 -0.999815 0.004528
vn -0.009705 -0.999948 0.003115
vn -0.007082 -0.999969 0.003328
vn -0.002073 -0.999997 -0.001019
vn 0.010567 -0.999942 0.002333
vn 0.010118 -0.999944 -0.003251
vn 0.027034 -0.999631 0.002846
vn 0.023991 -0.999712 0.000499
vn 0.029630 -0.999556 0.003087
vn 0.029723 -0.999551 0.003881
vn 0.019293 -0.999814 0.000670
vn 0.023759 -0.999718 0.000768
vn 0.011767 -0.999930 0.001306
vn 0.017857 -0.999839 -0.001579
vn 0.022173 -0.999738 0.005654
vn 0.024483 -0.999699 -0.001260
vn 0.039746 -0.999210 -0.000516
vn 0.036140 -0.999314 -0.008052
vn 0.013927 -0.999881 -0.006639
vn 0.002964 -0.999925 -0.011847
vn -0.036178 0.995733 -0.084891
vn -0.012737 0.997836 -0.064509
vn -0.023748 0.997252 -0.070182
vn -0.042911 0.995498 -0.084514
vn -0.021569 0.998316 -0.053860
vn -0.019985 0.997784 -0.063464
vn -0.066911 0.994337 -0.082569
vn -0.072062 0.993909 -0.083378
vn -0.082158 0.994873 -0.058978
vn -0.095226 0.994030 -0.053253
vn -0.005579 0.999612 -0.027287
vn -0.013933 0.998963 -0.043354
vn -0.001020 0.999774 -0.021241
vn -0.025948 0.997903 -0.059296
vn -0.028511 0.998457 -0.047644
vn -0.037802 0.997478 -0.060080
vn -0.038401 0.997037 -0.066648
vn -0.281169 -0.026338 -0.959297
vn -0.352683 -0.039908 -0.934891
vn -0.184694 -0.014434 -0.982690
vn -0.413929 -0.044121 -0.909239
vn -0.414183 -0.046301 -0.909015
vn -0.480138 -0.041730 -0.876200
vn -0.481174 -0.043972 -0.875521
vn -0.264989 -0.017756 -0.964088
vn -0.348158 -0.006819 -0.937411
vn -0.152206 -0.027600 -0.987963
vn -0.151159 -0.030918 -0.988026
vn -0.260990 -0.020785 -0.965118
vn -0.345823 -0.009082 -0.938256
vn -0.413840 -0.004534 -0.910338
vn -0.415239 -0.007276 -0.909683
vn -0.479465 -0.020071 -0.877331
vn -0.473973 -0.014388 -0.880422
vn -0.034303 0.996654 -0.074184
vn -0.020512 0.996636 -0.079348
vn -0.019516 0.994828 -0.099683
vn -0.012810 0.994966 -0.099387
vn 0.002036 0.999564 -0.029445
vn 0.007229 0.998902 -0.046284
vn 0.016108 0.999408 -0.030399
vn 0.009780 0.999897 -0.010554
vn -0.063956 -0.015497 -0.997832
vn -0.061744 -0.014213 -0.997991
vn 0.092278 -0.020030 -0.995532
vn 0.091878 -0.017364 -0.995619
vn -0.021427 -0.028199 -0.999373
vn 0.116473 -0.022473 -0.992940
vn 0.114007 -0.023517 -0.993202
vn -0.024048 -0.030446 -0.999247
vn 0.007911 0.995364 -0.095857
vn 0.000677 0.995126 -0.098608
vn 0.025646 0.997800 -0.061131
vn 0.013292 0.997113 -0.074764
vn 0.017523 0.997789 -0.064106
vn 0.032130 0.996590 -0.076007
vn 0.035165 0.997200 -0.065997
vn 0.025060 0.998389 -0.050909
vn 0.260375 -0.013726 -0.965410
vn 0.254552 -0.011252 -0.966994
vn 0.413787 0.003824 -0.910366
vn 0.406060 0.004222 -0.913837
vn 0.253010 -0.016177 -0.967329
vn 0.382443 -0.009801 -0.923927
vn 0.381477 -0.010669 -0.924317
vn 0.251837 -0.017107 -0.967618
vn 0.016961 0.999010 -0.041138
vn 0.024524 0.999596 -0.014352
vn 0.001771 0.999755 0.022062
vn 0.009002 0.999868 -0.013526
vn 0.046098 0.995832 -0.078706
vn 0.055795 0.995613 -0.075112
vn 0.051160 0.996268 -0.069523
vn 0.044115 0.996453 -0.071660
vn 0.542358 0.023338 -0.839823
vn 0.536851 0.021066 -0.843414
vn 0.635084 0.029074 -0.771896
vn 0.637301 0.025961 -0.770178
vn 0.503485 -0.002252 -0.864001
vn 0.612243 0.007314 -0.790636
vn 0.610444 0.009258 -0.792005
vn 0.502261 -0.001879 -0.864714
vn 0.062926 0.995739 -0.067413
vn 0.068810 0.996138 -0.054533
vn 0.059993 0.996860 -0.051679
vn 0.056488 0.996422 -0.062859
vn 0.712204 0.013492 -0.701843
vn 0.719120 0.012389 -0.694775
vn 0.791137 -0.004571 -0.611621
vn 0.792415 -0.003178 -0.609974
vn 0.704992 0.017897 -0.708990
vn 0.779368 0.023769 -0.626116
vn 0.779850 0.025705 -0.625438
vn 0.703512 0.020408 -0.710391
vn 0.837361 0.021448 -0.546229
vn 0.880860 0.015913 -0.473109
vn 0.882085 0.015409 -0.470838
vn 0.839173 0.022124 -0.543415
vn 0.915486 0.012398 -0.402159
vn 0.944512 0.008596 -0.328364
vn 0.945309 0.006435 -0.326113
vn 0.916068 0.011265 -0.400866
vn -0.001167 0.999979 0.006434
vn 0.009891 0.999696 -0.022575
vn 0.002803 0.999249 -0.038640
vn 0.016226 0.996456 -0.082533
vn 0.018338 0.998181 -0.057436
vn -0.006842 0.999888 0.013309
vn -0.016016 0.999829 0.009286
vn -0.510582 -0.003210 0.859823
vn -0.408995 -0.012868 0.912446
vn -0.412605 -0.014704 0.910791
vn -0.292695 -0.018574 0.956026
vn -0.294773 -0.018963 0.955379
vn -0.604949 0.006907 0.796234
vn -0.702351 0.013061 0.711711
vn -0.597928 -0.025801 0.801134
vn -0.488577 -0.029681 0.872016
vn -0.698252 -0.028185 0.715297
vn -0.700825 -0.039586 0.712234
vn -0.597451 -0.036024 0.801096
vn -0.486992 -0.040206 0.872480
vn -0.375040 -0.034050 0.926383
vn -0.374400 -0.045644 0.926143
vn -0.270394 -0.043049 0.961787
vn -0.266759 -0.031860 0.963237
vn -0.035192 0.999300 0.012697
vn -0.040063 0.999183 0.005381
vn -0.057659 0.997966 0.027202
vn -0.064572 0.997692 0.020987
vn -0.790099 0.017988 0.612715
vn -0.788614 0.016056 0.614679
vn -0.846374 0.019262 0.532241
vn -0.846822 0.017332 0.531595
vn -0.779782 -0.037228 0.624944
vn -0.837444 -0.042523 0.544866
vn -0.837377 -0.057343 0.543610
vn -0.783039 -0.050812 0.619894
vn -0.885532 -0.040241 0.462833
vn -0.929530 -0.047756 0.365641
vn -0.931207 -0.063185 0.358973
vn -0.884441 -0.054478 0.463461
vn -0.963239 -0.072332 0.258723
vn -0.985642 -0.090168 0.142755
vn -0.983615 -0.112926 0.140535
vn -0.964469 -0.092202 0.247587
vn -0.996253 -0.084724 0.017386
vn -0.994112 -0.105849 0.023185
vn -0.990200 -0.077024 -0.116496
vn -0.988276 -0.097251 -0.117698
vn 0.985954 -0.007972 -0.166824
vn 0.968789 -0.001870 -0.247878
vn 0.968059 0.002277 -0.250711
vn 0.985851 -0.002317 -0.167606
vn 0.997560 -0.001585 -0.069796
vn 0.997457 -0.007265 -0.070900
vn 0.998523 -0.000185 0.054325
vn 0.998467 -0.006221 0.055006
vn 0.982112 -0.004393 0.188245
vn 0.981505 -0.012502 0.191026
vn 0.949854 -0.011149 0.312495
vn 0.949534 -0.020818 0.312974
vn 0.902097 -0.016001 0.431236
vn 0.902640 -0.024631 0.429692
vn 0.837651 -0.023097 0.545718
vn 0.837223 -0.030087 0.546034
vn 0.762164 -0.032648 0.646561
vn 0.761032 -0.039191 0.647530
vn 0.679255 -0.036436 0.732997
vn 0.679842 -0.042556 0.732122
vn 0.931761 0.052237 -0.359295
vn 0.951893 0.071757 -0.297909
vn 0.900043 0.022379 -0.435226
vn 0.968493 0.067956 -0.239588
vn 0.965843 0.077697 -0.247206
vn 0.982539 0.053995 -0.178049
vn 0.985200 0.045959 -0.165134
vn 0.997511 0.018603 -0.068018
vn 0.996426 0.022613 -0.081392
vn 0.999468 -0.012485 0.030130
vn 0.998826 -0.010947 0.047184
vn 0.984277 -0.043002 0.171319
vn 0.986761 -0.050347 0.154168
vn 0.950919 -0.070136 0.301385
vn 0.950649 -0.060094 0.304392
vn 0.900264 -0.044162 0.433099
vn 0.894067 -0.050943 0.445028
vn 0.831788 -0.010307 0.554998
vn 0.840289 -0.008927 0.542066
vn 0.775796 0.015161 0.630802
vn 0.772294 0.015915 0.635066
vn 0.716541 0.005190 0.697526
vn 0.708335 0.006640 0.705845
vn 0.630551 -0.034061 0.775400
vn 0.646863 -0.040980 0.761505
vn 0.544825 -0.088314 0.833886
vn 0.536763 -0.076234 0.840282
vn 0.443998 -0.092308 0.891260
vn 0.439181 -0.105295 0.892207
vn 0.363656 -0.097768 0.926388
vn 0.372107 -0.087608 0.924046
vn 0.292155 -0.076095 0.953339
vn 0.281845 -0.081976 0.955952
vn 0.161135 -0.059630 0.985129
vn 0.176092 -0.058218 0.982651
vn 0.054419 -0.037187 0.997826
vn 0.040240 -0.035484 0.998560
vn -0.062091 -0.021037 0.997849
vn -0.055254 -0.023687 0.998191
vn 0.056829 0.997745 -0.035703
vn 0.065272 0.997609 -0.022691
vn 0.061146 0.997409 -0.037905
vn 0.081699 0.996618 -0.008817
vn 0.081999 0.996631 -0.001889
vn 0.105074 0.994459 -0.003178
vn 0.111639 0.993715 0.008259
vn 0.135912 0.990720 -0.001564
vn 0.147879 0.988916 0.013331
vn 0.165748 0.986166 -0.002275
vn 0.180483 0.983514 0.011226
vn 0.184335 0.982835 0.007518
vn 0.198724 0.979900 0.017437
vn 0.185628 0.981942 0.036486
vn 0.198982 0.979119 0.041618
vn 0.170403 0.982696 0.072606
vn 0.183598 0.980227 0.073805
vn 0.143400 0.984130 0.104524
vn 0.157028 0.982072 0.104295
vn 0.115547 0.986344 0.117368
vn 0.130107 0.984457 0.117970
vn 0.101324 0.989564 0.102457
vn 0.116814 0.987496 0.105863
vn 0.091354 0.992515 0.081051
vn 0.108136 0.990321 0.087013
vn 0.066546 0.995704 0.064378
vn 0.085750 0.993983 0.068157
vn 0.038076 0.998560 0.037796
vn 0.056638 0.997741 0.036114
vn 0.025747 0.999657 0.004738
vn 0.035979 0.999352 -0.000725
vn 0.021667 0.999647 -0.015368
vn 0.024325 0.999455 -0.022308
vn 0.009658 0.999617 -0.025923
vn 0.013693 0.999263 -0.035848
vn -0.000828 0.999067 -0.043171
vn 0.006863 0.998268 -0.058436
vn 0.003041 0.997945 -0.063998
vn 0.010273 0.996273 -0.085645
vn 0.014227 0.997251 -0.072719
vn 0.018076 0.994936 -0.098869
vn 0.018824 0.999816 0.003688
vn 0.050638 0.998263 0.030101
vn 0.003726 0.999990 -0.002595
vn -0.029440 0.999188 0.027495
vn -0.015018 0.999580 0.024801
vn 0.021632 0.998959 0.040161
vn 0.079830 0.994676 0.065169
vn 0.062629 0.995607 0.069609
vn 0.078907 0.991972 0.098816
vn 0.083696 0.992341 0.090858
vn 0.059130 0.994403 0.087557
vn 0.060850 0.992815 0.103034
vn 0.009357 0.998210 0.059072
vn 0.010818 0.999329 0.034986
vn -0.041672 0.998818 -0.025020
vn -0.057834 0.998326 -0.000089
vn -0.111460 0.993538 -0.021403
vn -0.080439 0.996103 -0.036184
vn -0.104386 0.994307 -0.021387
vn -0.140152 0.989904 -0.021168
vn -0.141642 0.989757 -0.017862
vn -0.111307 0.993779 -0.003811
vn -0.092664 0.995620 0.012398
vn -0.109537 0.993876 -0.014592
vn -0.031765 0.999443 -0.010200
vn -0.038186 0.998903 0.027101
vn 0.040904 0.997298 0.061018
vn 0.071577 0.997041 0.028048
vn 0.132585 0.985450 0.106345
vn 0.099980 0.988577 0.112785
vn 0.112866 0.982903 0.145473
vn 0.130213 0.977955 0.163245
vn 0.105522 0.979559 0.171260
vn 0.100271 0.983894 0.147980
vn 0.076828 0.987296 0.139085
vn 0.074134 0.984837 0.156845
vn 0.034006 0.989630 0.139559
vn 0.041424 0.990773 0.129048
vn 0.009855 0.993329 0.114895
vn 0.001158 0.992637 0.121120
vn -0.014730 0.994858 0.100205
vn -0.005172 0.995303 0.096667
vn -0.008996 0.997071 0.075955
vn -0.020845 0.996996 0.074599
vn -0.020674 0.998956 0.040729
vn -0.005270 0.998714 0.050427
vn 0.003400 0.999768 0.021256
vn -0.010618 0.999941 0.002088
vn 0.008249 0.999642 -0.025449
vn 0.011292 0.999936 -0.000846
vn 0.017781 0.999836 -0.003433
vn 0.029255 0.999243 -0.025639
vn 0.043052 0.999058 0.005441
vn 0.020559 0.999639 0.017301
vn -0.011701 0.998973 0.043765
vn -0.035338 0.999271 0.014436
vn -0.037296 0.998900 0.028420
vn -0.023631 0.998543 0.048509
vn -0.019508 0.999788 -0.006664
vn -0.023137 0.999688 0.009449
vn 0.006022 0.999000 0.044308
vn 0.029312 0.998682 0.042134
vn 0.007557 0.999929 -0.009236
vn -0.002628 0.999990 0.003551
vn 0.027621 0.999613 -0.003468
vn 0.012026 0.999905 0.006768
vn -0.075343 0.996409 0.038637
vn -0.081867 0.995872 0.039205
vn -0.086738 0.995355 0.041776
vn -0.082168 0.995952 0.036433
vn -0.888958 0.016407 0.457694
vn -0.890229 0.015790 0.455240
vn -0.930418 0.017962 0.366059
vn -0.929172 0.018556 0.369181
vn 0.041070 0.999148 0.004172
vn 0.021564 0.999701 0.011495
vn 0.046754 0.998862 0.009385
vn 0.024826 0.999617 0.012220
vn -0.076105 0.996692 0.028511
vn -0.065618 0.997817 0.007460
vn -0.065654 0.997776 0.011532
vn -0.078333 0.996355 0.033789
vn -0.961929 0.031658 0.271459
vn -0.959655 0.031631 0.279397
vn -0.980589 0.044974 0.190845
vn -0.980324 0.043069 0.192641
vn 0.040233 0.999116 0.012159
vn 0.019326 0.999778 0.008404
vn 0.014138 0.999864 0.008493
vn 0.002401 0.999994 -0.002597
vn -0.055759 0.998385 -0.010880
vn -0.044604 0.998870 -0.016399
vn -0.042041 0.999065 -0.010063
vn -0.054296 0.998497 -0.007412
vn -0.995209 0.047144 0.085650
vn -0.995743 0.043006 0.081525
vn -0.995078 0.049763 -0.085693
vn -0.995507 0.043667 -0.084015
vn -0.027639 0.999617 -0.000999
vn -0.025336 0.999602 -0.012434
vn -0.062378 0.998043 -0.004316
vn -0.054777 0.998475 -0.006914
vn -0.030140 0.999410 -0.016467
vn -0.018242 0.999614 -0.020959
vn -0.010537 0.999811 -0.016320
vn -0.025850 0.999632 -0.008281
vn -0.962431 0.060155 -0.264780
vn -0.964624 0.053571 -0.258128
vn -0.911407 0.065456 -0.406266
vn -0.912775 0.059807 -0.404060
vn -0.963282 -0.086683 -0.254112
vn -0.915138 -0.094775 -0.391843
vn -0.911932 -0.122577 -0.391604
vn -0.958756 -0.110715 -0.261782
vn -0.066360 0.997794 -0.002004
vn -0.066506 0.997786 0.000371
vn -0.042161 0.999103 -0.004050
vn -0.052372 0.998614 -0.005208
vn -0.017382 0.999336 -0.032024
vn -0.023449 0.998634 -0.046696
vn -0.013914 0.998809 -0.046766
vn -0.006957 0.999459 -0.032134
vn -0.850869 0.055103 -0.522481
vn -0.848586 0.050963 -0.526598
vn -0.787551 0.030367 -0.615500
vn -0.781149 0.028849 -0.623678
vn -0.844893 -0.080678 -0.528816
vn -0.747143 -0.058613 -0.662074
vn -0.748730 -0.080118 -0.658015
vn -0.846963 -0.106917 -0.520790
vn -0.026152 0.999658 -0.000562
vn -0.038746 0.999210 -0.008832
vn -0.052814 0.998583 0.006485
vn -0.054092 0.998498 -0.008716
vn -0.029374 0.997886 -0.057978
vn -0.037626 0.997356 -0.062180
vn -0.031136 0.997772 -0.058999
vn -0.021864 0.998209 -0.055680
vn -0.718413 -0.001687 -0.695615
vn -0.709914 0.000578 -0.704288
vn -0.637750 -0.028381 -0.769720
vn -0.631872 -0.023640 -0.774713
vn -0.644336 -0.050204 -0.763093
vn -0.577070 -0.047099 -0.815335
vn -0.578670 -0.062963 -0.813127
vn -0.642373 -0.068550 -0.763321
vn -0.090481 0.995818 -0.012624
vn -0.078651 0.996547 -0.026618
vn -0.043487 0.996929 -0.065133
vn -0.038863 0.997354 -0.061434
vn -0.554850 -0.040577 -0.830960
vn -0.553031 -0.036608 -0.832356
vn -0.528586 -0.032979 -0.848239
vn -0.535187 -0.043987 -0.843588
vn 0.591181 -0.030650 0.805957
vn 0.593788 -0.035390 0.803843
vn 0.503008 -0.019245 0.864068
vn 0.506368 -0.021900 0.862040
vn 0.416590 -0.006323 0.909072
vn 0.420164 -0.006501 0.907425
vn 0.333800 0.007372 0.942615
vn 0.337827 0.010159 0.941154
vn 0.250925 0.020874 0.967782
vn 0.254298 0.026759 0.966756
vn 0.162500 0.028505 0.986297
vn 0.162066 0.035818 0.986130
vn 0.063548 0.023370 0.997705
vn 0.057694 0.028552 0.997926
vn -0.048078 0.005192 0.998830
vn -0.057575 0.004627 0.998331
vn -0.160604 -0.017294 0.986867
vn -0.169385 -0.024460 0.985246
vn -0.169710 -0.020207 0.985287
vn -0.171549 -0.018636 0.984999
vn -0.022956 0.999177 0.033438
vn 0.001609 0.999996 -0.002314
vn 0.068812 0.996752 -0.041832
vn 0.058123 0.997500 -0.040190
vn 0.859930 -0.001418 -0.510410
vn 0.854141 -0.000114 -0.520042
vn 0.020959 -0.999577 0.020183
vn 0.038271 -0.999229 -0.008742
vn 0.007786 -0.998894 0.046376
vn 0.012645 -0.997539 0.068957
vn 0.029378 -0.998707 0.041493
vn 0.047853 -0.998822 0.008087
vn 0.001856 -0.998036 0.062611
vn 0.000014 -0.997947 0.064039
vn -0.003759 -0.996494 0.083579
vn 0.001892 -0.996481 0.083801
vn -0.001419 -0.998652 0.051883
vn -0.005032 -0.999523 0.030488
vn -0.012200 -0.998860 0.046157
vn -0.007960 -0.997543 0.069601
vn -0.006278 -0.999925 0.010512
vn 0.008380 -0.999917 0.009823
vn 0.014250 -0.999582 0.025155
vn -0.010689 -0.999647 0.024344
vn 0.029764 -0.999099 0.030246
vn 0.037668 -0.997849 0.053648
vn 0.061450 -0.994956 0.079289
vn 0.049274 -0.997507 0.050519
vn 0.042086 -0.997058 0.064061
vn 0.056586 -0.996614 0.059655
vn 0.073946 -0.993722 0.083953
vn 0.061772 -0.993876 0.091622
vn 0.073331 -0.995981 0.051432
vn 0.091426 -0.994746 0.046063
vn 0.109769 -0.992197 0.059125
vn 0.090404 -0.993452 0.069855
vn 0.112249 -0.992833 0.041016
vn 0.126156 -0.991485 0.032289
vn 0.143538 -0.988735 0.042432
vn 0.131811 -0.989976 0.050739
vn 0.125288 -0.991954 0.018158
vn 0.110941 -0.993823 0.002786
vn 0.122287 -0.992358 0.016470
vn 0.138254 -0.989917 0.030840
vn 0.089433 -0.995957 -0.008437
vn 0.070150 -0.997444 -0.013613
vn 0.082986 -0.996522 -0.007553
vn 0.101390 -0.994841 0.003370
vn 0.060266 -0.998092 -0.013427
vn 0.058162 -0.998263 -0.009343
vn 0.070620 -0.997399 -0.014439
vn 0.073378 -0.997199 -0.014506
vn 0.059151 -0.998177 -0.012017
vn 0.059965 -0.997677 -0.032317
vn 0.070243 -0.996704 -0.040592
vn 0.070409 -0.997351 -0.018281
vn 0.060826 -0.996833 -0.051222
vn 0.061244 -0.997058 -0.046086
vn 0.071917 -0.996051 -0.052061
vn 0.070567 -0.995639 -0.061013
vn 0.051658 -0.998406 -0.022739
vn 0.027935 -0.999563 0.009659
vn 0.043102 -0.998903 0.018309
vn 0.065009 -0.997654 -0.021443
vn 0.002011 -0.998650 0.051909
vn -0.013429 -0.995629 0.092423
vn -0.007454 -0.993554 0.113114
vn 0.015172 -0.997583 0.067807
vn -0.018599 -0.993377 0.113384
vn -0.021041 -0.993840 0.108805
vn -0.027864 -0.991153 0.129764
vn -0.020408 -0.990557 0.135578
vn -0.019094 -0.996281 0.084018
vn -0.007278 -0.998370 0.056601
vn -0.010525 -0.997451 0.070571
vn -0.027991 -0.994471 0.101210
vn 0.008952 -0.998839 0.047341
vn 0.025578 -0.998342 0.051576
vn 0.035339 -0.997131 0.066946
vn 0.014845 -0.997984 0.061707
vn 0.038790 -0.997751 0.054670
vn 0.044802 -0.997510 0.054460
vn 0.051718 -0.996562 0.064719
vn 0.047908 -0.996537 0.067965
vn 0.047513 -0.997548 0.051380
vn 0.051636 -0.997600 0.046119
vn 0.056865 -0.997087 0.050830
vn 0.052848 -0.996868 0.058839
vn 0.056739 -0.997555 0.040793
vn 0.059792 -0.997595 0.035063
vn 0.063843 -0.997216 0.038529
vn 0.061864 -0.997117 0.043946
vn 0.059969 -0.997828 0.027246
vn 0.058999 -0.998113 0.017003
vn 0.061045 -0.997909 0.021257
vn 0.062835 -0.997529 0.031422
vn 0.059897 -0.998200 0.002944
vn 0.067664 -0.997584 -0.015765
vn 0.071137 -0.997292 -0.018674
vn 0.061971 -0.998062 0.005612
vn 0.082904 -0.996077 -0.030945
vn 0.100135 -0.994267 -0.037494
vn 0.107235 -0.993074 -0.048003
vn 0.088291 -0.995280 -0.040276
vn 0.114048 -0.992441 -0.045314
vn 0.120454 -0.990785 -0.061929
vn 0.129871 -0.989159 -0.068542
vn 0.122291 -0.991082 -0.052921
vn 0.121256 -0.989894 -0.073534
vn 0.116966 -0.990727 -0.069134
vn 0.128887 -0.989248 -0.069118
vn 0.131684 -0.988135 -0.079048
vn 0.102895 -0.993102 -0.056217
vn 0.080893 -0.995703 -0.045085
vn 0.092665 -0.995071 -0.035306
vn 0.115647 -0.992035 -0.049919
vn 0.058073 -0.997811 -0.031624
vn 0.068416 -0.997474 -0.019110
vn 0.381767 -0.092471 0.919621
vn 0.315638 -0.076579 0.945784
vn 0.445836 -0.099167 0.889604
vn 0.460291 -0.124103 0.879051
vn 0.393195 -0.115855 0.912127
vn 0.324087 -0.097177 0.941023
vn 0.522995 -0.099424 0.846517
vn 0.631983 -0.094155 0.769241
vn 0.657004 -0.120509 0.744193
vn 0.541142 -0.125703 0.831483
vn 0.750964 -0.073496 0.656240
vn 0.853737 -0.038679 0.519266
vn 0.876963 -0.053097 0.477616
vn 0.779892 -0.095353 0.618608
vn 0.922363 -0.002782 0.386314
vn 0.959361 0.025980 0.280985
vn 0.967154 0.022609 0.253185
vn 0.936334 -0.011404 0.350926
vn 0.983317 0.044508 0.176371
vn 0.997337 0.050838 0.052284
vn 0.996942 0.063718 0.045250
vn 0.986574 0.049034 0.155780
vn 0.996402 0.043226 -0.072900
vn 0.982307 0.021121 -0.186084
vn 0.985946 0.038482 -0.162572
vn 0.996169 0.060741 -0.062914
vn 0.956963 -0.013444 -0.289897
vn 0.919149 -0.054960 -0.390057
vn 0.933713 -0.047120 -0.354908
vn 0.966336 0.000256 -0.257282
vn 0.863963 -0.092889 -0.494915
vn 0.788218 -0.114145 -0.604718
vn 0.798710 -0.114400 -0.590741
vn 0.879917 -0.090758 -0.466379
vn 0.698879 -0.115368 -0.705874
vn 0.598137 -0.105569 -0.794410
vn 0.603089 -0.104402 -0.790812
vn 0.703008 -0.114851 -0.701847
vn 0.493713 -0.092458 -0.864696
vn 0.402934 -0.077692 -0.911926
vn 0.406818 -0.076328 -0.910315
vn 0.500012 -0.091598 -0.861161
vn 0.320921 -0.062726 -0.945027
vn 0.235975 -0.053817 -0.970268
vn 0.249730 -0.051500 -0.966945
vn 0.326054 -0.060174 -0.943434
vn 0.141580 -0.055032 -0.988396
vn 0.035654 -0.063295 -0.997358
vn 0.064733 -0.067944 -0.995587
vn 0.165509 -0.055445 -0.984649
vn -0.072447 -0.075720 -0.994494
vn -0.177966 -0.090553 -0.979861
vn -0.146343 -0.106974 -0.983433
vn -0.041531 -0.085821 -0.995445
vn -0.282452 -0.103502 -0.953681
vn -0.381531 -0.109894 -0.917800
vn -0.360687 -0.132112 -0.923283
vn -0.254178 -0.124777 -0.959075
vn -0.464408 -0.112169 -0.878489
vn -0.526371 -0.117992 -0.842028
vn -0.509557 -0.137435 -0.849390
vn -0.448758 -0.132440 -0.883785
vn -0.601813 -0.122281 -0.789220
vn -0.714192 -0.112519 -0.690847
vn -0.701534 -0.129635 -0.700746
vn -0.583280 -0.141892 -0.799782
vn -0.813869 -0.095995 -0.573064
vn -0.875509 -0.088342 -0.475058
vn -0.869366 -0.106399 -0.482579
vn -0.807353 -0.111104 -0.579514
vn -0.920702 -0.088780 -0.380035
vn -0.960171 -0.082178 -0.267056
vn -0.959726 -0.105786 -0.260261
vn -0.915365 -0.111121 -0.386988
vn -0.986823 -0.056274 -0.151704
vn -0.997959 -0.021894 -0.059980
vn -0.998691 -0.036117 -0.036228
vn -0.988911 -0.076396 -0.127351
vn -0.999286 0.005812 0.037340
vn -0.983275 0.035334 0.178670
vn -0.975929 0.034762 0.215300
vn -0.998332 -0.002302 0.057691
vn -0.941336 0.078036 0.328323
vn -0.888258 0.117341 0.444105
vn -0.868189 0.138244 0.476589
vn -0.922027 0.087482 0.377112
vn -0.831781 0.136282 0.538116
vn -0.769255 0.151138 0.620809
vn -0.740871 0.187925 0.644822
vn -0.814595 0.166582 0.555594
vn -0.689750 0.170531 0.703679
vn -0.579128 0.162150 0.798948
vn -0.566370 0.214774 0.795674
vn -0.653776 0.215305 0.725411
vn -0.463022 0.114389 0.878935
vn -0.374675 0.069430 0.924553
vn -0.369061 0.092250 0.924816
vn -0.474524 0.161192 0.865358
vn -0.295566 0.055302 0.953720
vn -0.208199 0.057883 0.976372
vn -0.168072 0.048695 0.984571
vn -0.262906 0.056454 0.963169
vn -0.117182 0.054726 0.991602
vn -0.020707 0.032665 0.999252
vn 0.004933 0.016193 0.999857
vn -0.082605 0.040963 0.995740
vn 0.082501 -0.003811 0.996584
vn 0.175786 -0.035386 0.983792
vn 0.193481 -0.055471 0.979535
vn 0.104196 -0.023275 0.994284
vn 0.249991 -0.057313 0.966550
vn 0.260996 -0.076534 0.962301
vn 0.291365 0.229553 0.928662
vn 0.378544 0.204169 0.902784
vn 0.271485 0.426257 0.862903
vn 0.349860 0.404553 0.844947
vn 0.393010 0.378411 0.838062
vn 0.430004 0.175723 0.885561
vn 0.066522 0.974628 0.213718
vn 0.003898 0.999634 0.026788
vn -0.027727 0.999180 0.029503
vn 0.051939 0.975355 0.214439
vn -0.049978 0.996785 0.062625
vn 0.036593 0.969466 0.242479
vn 0.017086 0.998684 0.048349
vn 0.058115 0.970266 0.234960
vn 0.003167 0.968330 0.249654
vn -0.013943 0.998066 0.060573
vn 0.190418 0.238335 0.952333
vn 0.177409 0.434486 0.883033
vn 0.080210 0.240161 0.967414
vn 0.066396 0.437107 0.896956
vn 0.488367 0.156536 0.858483
vn 0.443687 0.359813 0.820778
vn 0.559830 0.348516 0.751750
vn 0.602733 0.146477 0.784383
vn -0.041197 0.994148 0.099864
vn 0.058309 0.960633 0.271632
vn 0.015155 0.994296 0.105575
vn 0.141060 0.955478 0.259160
vn -0.047731 0.998036 0.040565
vn -0.054760 0.970919 0.233062
vn -0.062407 0.975803 0.209558
vn -0.037809 0.999171 0.015125
vn -0.030631 0.246881 0.968562
vn -0.042977 0.442248 0.895862
vn -0.123292 0.256020 0.958777
vn -0.123539 0.448689 0.885108
vn -0.008967 0.999736 0.021138
vn -0.046207 0.975885 0.213340
vn -0.039381 0.968765 0.244834
vn 0.006709 0.998189 0.059780
vn -0.199106 0.261407 0.944470
vn -0.184577 0.452448 0.872480
vn -0.253033 0.263569 0.930863
vn -0.228059 0.451838 0.862457
vn -0.002080 0.994363 0.106007
vn -0.058495 0.957739 0.281627
vn -0.116508 0.947920 0.296434
vn -0.042244 0.989998 0.134607
vn -0.311933 0.263427 0.912855
vn -0.282088 0.448432 0.848136
vn -0.411204 0.255554 0.874988
vn -0.382053 0.439388 0.813003
vn -0.860097 0.154473 0.486180
vn -0.788503 0.170941 0.590798
vn -0.813635 0.347627 0.465998
vn -0.747308 0.363501 0.556236
vn -0.650726 0.388096 0.652639
vn -0.685437 0.198373 0.700589
vn -0.263519 0.947189 0.182729
vn -0.093542 0.991004 0.095708
vn -0.118997 0.988194 0.096499
vn -0.266903 0.942419 0.201516
vn -0.116852 0.986788 0.112226
vn -0.242756 0.940763 0.236717
vn -0.089796 0.987126 0.132361
vn -0.189102 0.942122 0.276852
vn -0.546066 0.232298 0.804891
vn -0.517200 0.417686 0.747023
vn -0.056103 0.992355 0.109932
vn -0.245436 0.953221 0.176438
vn -0.236040 0.954849 0.180413
vn -0.039582 0.990419 0.132300
vn -0.918099 0.138521 0.371357
vn -0.868411 0.333671 0.366777
vn -0.955831 0.116447 0.269865
vn -0.907713 0.314090 0.278215
vn -0.056333 0.989286 0.134684
vn -0.255628 0.952017 0.168278
vn -0.305792 0.945739 0.109859
vn -0.105636 0.990344 0.089772
vn -0.977868 0.092495 0.187666
vn -0.934042 0.292620 0.204789
vn -0.991662 0.086649 0.095386
vn -0.952100 0.284036 0.113267
vn -0.169944 0.985195 0.022574
vn -0.364565 0.930763 0.027808
vn -0.404546 0.914046 -0.029361
vn -0.221038 0.975133 -0.016069
vn -0.993589 0.112368 -0.012460
vn -0.954167 0.299270 0.001581
vn -0.982249 0.152043 -0.109861
vn -0.939941 0.327789 -0.095214
vn -0.245761 0.968672 -0.035727
vn -0.418474 0.905699 -0.067732
vn -0.407159 0.907840 -0.100238
vn -0.242142 0.968892 -0.051144
vn -0.963749 0.186985 -0.190325
vn -0.918289 0.356154 -0.172916
vn -0.941516 0.211012 -0.262720
vn -0.893028 0.378256 -0.243770
vn -0.203448 0.976776 -0.067220
vn -0.364487 0.921545 -0.133807
vn -0.272855 0.946494 -0.172335
vn -0.113396 0.989934 -0.084688
vn -0.913694 0.224486 -0.338777
vn -0.861157 0.395683 -0.319128
vn -0.868427 0.243065 -0.432150
vn -0.807642 0.421664 -0.412206
vn 0.003717 0.998071 -0.061973
vn -0.149847 0.972582 -0.177847
vn -0.074301 0.989057 -0.127460
vn 0.064693 0.997818 0.013178
vn -0.791615 0.279881 -0.543150
vn -0.722761 0.461830 -0.514130
vn -0.684753 0.319452 -0.655029
vn -0.620827 0.500092 -0.603723
vn 0.057775 0.995986 0.068368
vn -0.063507 0.994162 -0.087230
vn -0.065398 0.993255 -0.095747
vn 0.038160 0.996628 0.072641
vn -0.577471 0.341627 -0.741497
vn -0.525488 0.522918 -0.671133
vn -0.484245 0.344069 -0.804440
vn -0.440176 0.525914 -0.727778
vn 0.017624 0.998414 0.053475
vn -0.067276 0.989605 -0.127104
vn -0.074230 0.984506 -0.158862
vn -0.009944 0.999477 0.030781
vn -0.394357 0.322060 -0.860674
vn -0.357602 0.505579 -0.785182
vn -0.305574 0.280120 -0.910031
vn -0.280260 0.468315 -0.837935
vn -0.031419 0.999473 0.008116
vn -0.077219 0.979186 -0.187703
vn -0.070657 0.974074 -0.214915
vn -0.039211 0.999119 -0.014985
vn -0.224331 0.235539 -0.945620
vn -0.211235 0.429049 -0.878235
vn -0.150704 0.205989 -0.966880
vn -0.147958 0.401706 -0.903737
vn -0.038205 0.998464 -0.040116
vn -0.055278 0.968663 -0.242150
vn -0.029592 0.961808 -0.272122
vn -0.030470 0.996914 -0.072348
vn -0.071495 0.199721 -0.977241
vn -0.077390 0.393638 -0.916002
vn 0.024109 0.208758 -0.977670
vn 0.011278 0.398591 -0.917060
vn -0.009969 0.993987 -0.109039
vn 0.010337 0.953176 -0.302240
vn 0.066638 0.945605 -0.318420
vn 0.025799 0.990869 -0.132337
vn 0.125515 0.220578 -0.967260
vn 0.108131 0.406054 -0.907429
vn 0.227200 0.228685 -0.946617
vn 0.208988 0.410760 -0.887468
vn 0.068030 0.989775 -0.125366
vn 0.132202 0.943128 -0.305012
vn 0.192287 0.946742 -0.258273
vn 0.102920 0.991040 -0.085138
vn 0.335301 0.224336 -0.915012
vn 0.319664 0.406636 -0.855840
vn 0.445552 0.197449 -0.873211
vn 0.435161 0.385867 -0.813475
vn 0.103012 0.993716 -0.043785
vn 0.214402 0.953821 -0.210372
vn 0.188785 0.959538 -0.208919
vn 0.064710 0.996748 -0.048013
vn 0.536503 0.160384 -0.828518
vn 0.525236 0.355429 -0.773173
vn 0.598663 0.141173 -0.788462
vn 0.572837 0.339193 -0.746194
vn 0.042737 0.995779 -0.081230
vn 0.174351 0.956761 -0.232830
vn 0.211735 0.951876 -0.221587
vn 0.069429 0.993278 -0.092624
vn 0.662711 0.148583 -0.733987
vn 0.619894 0.347874 -0.703359
vn 0.749194 0.166669 -0.641038
vn 0.700113 0.365619 -0.613322
vn 0.110212 0.990862 -0.077753
vn 0.265228 0.947871 -0.176623
vn 0.308480 0.943102 -0.124091
vn 0.141115 0.988527 -0.053856
vn 0.837327 0.171500 -0.519106
vn 0.787909 0.369224 -0.492821
vn 0.910994 0.163673 -0.378552
vn 0.861271 0.359609 -0.359019
vn 0.163088 0.986164 -0.029710
vn 0.336792 0.938546 -0.075514
vn 0.349559 0.936220 -0.036067
vn 0.172605 0.984948 -0.009178
vn 0.956289 0.160659 -0.244334
vn 0.906502 0.352981 -0.231643
vn 0.976166 0.168283 -0.137041
vn 0.925473 0.356281 -0.128703
vn 0.165824 0.986070 0.012991
vn 0.346308 0.938091 0.007540
vn 0.317161 0.946633 0.057410
vn 0.137667 0.989892 0.034083
vn 0.983727 0.178759 -0.018081
vn 0.931062 0.364607 -0.013647
vn 0.973102 0.189888 0.130445
vn 0.917068 0.377773 0.127565
vn 0.090607 0.994850 0.045431
vn 0.266184 0.958903 0.098242
vn 0.217316 0.966728 0.134948
vn 0.047570 0.997406 0.054029
vn 0.939249 0.202527 0.277119
vn 0.880091 0.393647 0.265484
vn 0.883109 0.202380 0.423274
vn 0.823547 0.396203 0.405948
vn 0.038654 0.997100 0.065549
vn 0.197578 0.965531 0.169447
vn 0.210731 0.959089 0.189051
vn 0.059989 0.995633 0.071529
vn 0.816962 0.177466 0.548706
vn 0.763001 0.374226 0.527053
vn 0.770463 0.151123 0.619313
vn 0.726948 0.348369 0.591765
vn 0.064925 0.994414 0.083217
vn 0.209700 0.953845 0.214953
vn 0.714242 0.142583 0.685221
vn 0.676244 0.340797 0.653109
vn -0.022999 -0.997512 0.066641
vn -0.020174 -0.996873 0.076405
vn -0.098324 -0.963975 0.247151
vn -0.068029 -0.963791 0.257834
vn -0.027755 -0.965066 0.260534
vn -0.000258 -0.996704 0.081119
vn -0.341698 -0.267314 0.900992
vn -0.368334 -0.026920 0.929304
vn -0.242053 -0.073729 0.967458
vn -0.212782 -0.316456 0.924435
vn -0.141550 -0.087618 0.986046
vn -0.110808 -0.340334 0.933753
vn 0.018531 -0.997264 0.071567
vn 0.008905 -0.968277 0.249722
vn 0.025199 -0.970813 0.238511
vn 0.019416 -0.998028 0.059694
vn -0.057633 -0.099943 0.993323
vn -0.030501 -0.356759 0.933699
vn 0.024332 -0.123892 0.991997
vn 0.041959 -0.373640 0.926624
vn -0.492080 0.051016 0.869054
vn -0.476977 -0.187801 0.858617
vn -0.556670 -0.136925 0.819372
vn -0.570635 0.098744 0.815245
vn -0.020118 -0.997333 0.070155
vn -0.119814 -0.962768 0.242328
vn -0.020840 -0.996020 0.086656
vn -0.131949 -0.959077 0.250520
vn 0.009136 -0.998028 0.062107
vn 0.030407 -0.969622 0.242710
vn 0.037351 -0.964635 0.260929
vn 0.001465 -0.996628 0.082046
vn 0.118885 -0.150309 0.981465
vn 0.123905 -0.392476 0.911378
vn 0.201549 -0.169986 0.964615
vn 0.191126 -0.401241 0.895810
vn 0.009187 -0.994953 0.099916
vn 0.055021 -0.959689 0.275625
vn 0.095151 -0.957820 0.271159
vn 0.037866 -0.994269 0.099974
vn 0.262152 -0.186268 0.946879
vn 0.245422 -0.408822 0.878995
vn 0.324563 -0.204208 0.923557
vn 0.309483 -0.423132 0.851575
vn 0.062114 -0.994367 0.085889
vn 0.136625 -0.958205 0.251351
vn 0.144822 -0.958218 0.246670
vn 0.056124 -0.994699 0.086160
vn 0.397553 -0.220624 0.890661
vn 0.380334 -0.434446 0.816458
vn 0.464120 -0.226539 0.856313
vn 0.437386 -0.432690 0.788336
vn 0.055288 -0.993776 0.096711
vn 0.063486 -0.993957 0.089545
vn 0.185995 -0.954535 0.232958
vn 0.221564 -0.954762 0.198342
vn 0.243130 -0.955026 0.169748
vn 0.065798 -0.994000 0.087379
vn 0.623611 -0.420588 0.658950
vn 0.663012 -0.222710 0.714714
vn 0.787705 -0.198950 0.583044
vn 0.742331 -0.398427 0.538703
vn 0.880788 -0.159527 0.445828
vn 0.832229 -0.364095 0.418127
vn 0.543810 -0.227182 0.807873
vn 0.510108 -0.427739 0.746210
vn 0.047871 -0.994176 0.096554
vn 0.152226 -0.956099 0.250405
vn 0.078230 -0.993452 0.083270
vn 0.266047 -0.953145 0.143992
vn 0.300271 -0.947945 0.106004
vn 0.106603 -0.992441 0.060799
vn 0.936911 -0.119243 0.328601
vn 0.890146 -0.329367 0.314892
vn 0.968215 -0.085055 0.235216
vn 0.927258 -0.298520 0.226004
vn 0.141030 -0.989533 0.030570
vn 0.338831 -0.938940 0.059869
vn 0.367686 -0.929631 0.024351
vn 0.170570 -0.985243 0.014226
vn 0.988459 -0.058033 0.139929
vn 0.953158 -0.272044 0.132222
vn 0.998305 -0.042647 0.039592
vn 0.966020 -0.255505 0.039010
vn 0.190148 -0.981745 0.004555
vn 0.383519 -0.923523 -0.004293
vn 0.387127 -0.921408 -0.033777
vn 0.199306 -0.979910 -0.007351
vn 0.997512 -0.044787 -0.054438
vn 0.965653 -0.255804 -0.045590
vn 0.987516 -0.066189 -0.142939
vn 0.953438 -0.273913 -0.126205
vn 0.192627 -0.980905 -0.026846
vn 0.373865 -0.924823 -0.070198
vn 0.332667 -0.935495 -0.119088
vn 0.158412 -0.985701 -0.057433
vn 0.967735 -0.102270 -0.230283
vn 0.928773 -0.306738 -0.208069
vn 0.933715 -0.147560 -0.326194
vn 0.886816 -0.349607 -0.302212
vn 0.099383 -0.992182 -0.075485
vn 0.265347 -0.950631 -0.160907
vn 0.201214 -0.963448 -0.176863
vn 0.049059 -0.996749 -0.063912
vn 0.876373 -0.192574 -0.441459
vn 0.821672 -0.392043 -0.413713
vn 0.790044 -0.218536 -0.572777
vn 0.734552 -0.417783 -0.534688
vn 0.026841 -0.998532 -0.047043
vn 0.160831 -0.970094 -0.181802
vn 0.135664 -0.972185 -0.190924
vn 0.019139 -0.999005 -0.040287
vn 0.692141 -0.218588 -0.687866
vn 0.642650 -0.422194 -0.639338
vn 0.596134 -0.208336 -0.775384
vn 0.555881 -0.416988 -0.719109
vn 0.019439 -0.998980 -0.040749
vn 0.117361 -0.971868 -0.204206
vn 0.105528 -0.970244 -0.217924
vn 0.026386 -0.998632 -0.045154
vn 0.497422 -0.197269 -0.844782
vn 0.467478 -0.409816 -0.783272
vn 0.405072 -0.183686 -0.895643
vn 0.383952 -0.399335 -0.832534
vn 0.032727 -0.998081 -0.052573
vn 0.096040 -0.968001 -0.231842
vn 0.084472 -0.965584 -0.245994
vn 0.033841 -0.997476 -0.062427
vn 0.326829 -0.168482 -0.929944
vn 0.313463 -0.386697 -0.867298
vn 0.258043 -0.161507 -0.952538
vn 0.252188 -0.379900 -0.889987
vn 0.030412 -0.996852 -0.073226
vn 0.067398 -0.963143 -0.260410
vn 0.042230 -0.960059 -0.276594
vn 0.023171 -0.995891 -0.087541
vn 0.182693 -0.167850 -0.968736
vn 0.185226 -0.383858 -0.904624
vn 0.087345 -0.181111 -0.979576
vn 0.098046 -0.393348 -0.914147
vn 0.010240 -0.994414 -0.105050
vn 0.009652 -0.956174 -0.292639
vn -0.030786 -0.953132 -0.300985
vn -0.010047 -0.993101 -0.116829
vn -0.016028 -0.197392 -0.980194
vn 0.001117 -0.405056 -0.914291
vn -0.119299 -0.216649 -0.968933
vn -0.096799 -0.419413 -0.902620
vn -0.035445 -0.992769 -0.114692
vn -0.078247 -0.952628 -0.293900
vn -0.125899 -0.954560 -0.270120
vn -0.060086 -0.993428 -0.097419
vn -0.229057 -0.233643 -0.944957
vn -0.202206 -0.432562 -0.878637
vn -0.341422 -0.240392 -0.908649
vn -0.311823 -0.438117 -0.843101
vn -0.068832 -0.994573 -0.078021
vn -0.151052 -0.958053 -0.243551
vn -0.144398 -0.961448 -0.234023
vn -0.054847 -0.995641 -0.075436
vn -0.432437 -0.241181 -0.868809
vn -0.400386 -0.438423 -0.804660
vn -0.488323 -0.248161 -0.836634
vn -0.448542 -0.444643 -0.775308
vn -0.044807 -0.995400 -0.084688
vn -0.146970 -0.961310 -0.232986
vn -0.188963 -0.957745 -0.216833
vn -0.063253 -0.994013 -0.089096
vn -0.556443 -0.254901 -0.790821
vn -0.503096 -0.451530 -0.736896
vn -0.676809 -0.243919 -0.694574
vn -0.614540 -0.441616 -0.653695
vn -0.097830 -0.991567 -0.084991
vn -0.241721 -0.951798 -0.188819
vn -0.279544 -0.947151 -0.157355
vn -0.126531 -0.989455 -0.070492
vn -0.787059 -0.222822 -0.575229
vn -0.726512 -0.419440 -0.544289
vn -0.849963 -0.215455 -0.480773
vn -0.792067 -0.408038 -0.454022
vn -0.139832 -0.989033 -0.047550
vn -0.301932 -0.945933 -0.118524
vn -0.314963 -0.946488 -0.070419
vn -0.141336 -0.989659 -0.024498
vn -0.896201 -0.219888 -0.385321
vn -0.838170 -0.408404 -0.361493
vn -0.943861 -0.215141 -0.250680
vn -0.885360 -0.403073 -0.231666
vn -0.141422 -0.989931 -0.006055
vn -0.321763 -0.946537 -0.023145
vn -0.318084 -0.948044 0.005990
vn -0.136003 -0.990690 0.006039
vn -0.976844 -0.185130 -0.107249
vn -0.921287 -0.377464 -0.093553
vn -0.989079 -0.146316 -0.017756
vn -0.938891 -0.344117 -0.008232
vn -0.115412 -0.993151 0.018184
vn -0.303567 -0.952177 0.034725
vn -0.280969 -0.955740 0.087283
vn -0.091474 -0.995104 0.037422
vn -0.990466 -0.116472 0.073569
vn -0.944306 -0.319069 0.080507
vn -0.966313 -0.083650 0.243397
vn -0.922583 -0.292645 0.251396
vn -0.085520 -0.994716 0.056795
vn -0.262867 -0.954575 0.140315
vn -0.260834 -0.951095 0.165480
vn -0.092941 -0.993501 0.065716
vn -0.909061 -0.032237 0.415414
vn -0.872090 -0.247811 0.421958
vn -0.862251 0.019367 0.506110
vn -0.837653 -0.200158 0.508207
vn -0.090476 -0.993098 0.074637
vn -0.253017 -0.948694 0.189638
vn -0.209557 -0.949999 0.231492
vn -0.063434 -0.993604 0.093425
vn -0.813975 0.049450 0.578792
vn -0.793862 -0.174836 0.582422
vn -0.730483 0.068592 0.679478
vn -0.703099 -0.162658 0.692239
vn -0.638705 0.093418 0.763760
vn -0.611990 -0.141675 0.778072
vn -0.032563 -0.994453 0.100017
vn -0.156947 -0.953916 0.255757
vn -0.075189 0.987737 -0.136829
vn -0.164315 0.929372 -0.330557
vn -0.189585 0.924494 -0.330710
vn -0.087223 0.985494 -0.145578
vn -0.415616 0.031972 -0.908978
vn -0.404062 0.268693 -0.874379
vn -0.482295 0.033971 -0.875350
vn -0.466313 0.270008 -0.842406
vn -0.063801 0.063513 -0.995940
vn -0.058604 0.297471 -0.952930
vn 0.094378 0.293304 -0.951349
vn 0.094792 0.059804 -0.993699
vn 0.008435 0.994309 -0.106202
vn -0.004327 0.943961 -0.330027
vn 0.031510 0.992156 -0.120973
vn 0.056146 0.937946 -0.342207
vn -0.340863 -0.094360 -0.935365
vn -0.410672 -0.097691 -0.906535
vn -0.331687 -0.276408 -0.901988
vn -0.391958 -0.293635 -0.871864
vn -0.454323 -0.325936 -0.829070
vn -0.478195 -0.116947 -0.870433
vn -0.117728 -0.934313 -0.336451
vn -0.033707 -0.994493 -0.099231
vn -0.000832 -0.997586 -0.069436
vn -0.096380 -0.952890 -0.287595
vn 0.003533 -0.999418 -0.033935
vn -0.102817 -0.968267 -0.227790
vn -0.052537 -0.993441 -0.101562
vn -0.109405 -0.932997 -0.342851
vn -0.065955 -0.948712 -0.309186
vn -0.038957 -0.996549 -0.073294
vn -0.257276 -0.106657 -0.960434
vn -0.259135 -0.282467 -0.923613
vn -0.150588 -0.121834 -0.981061
vn -0.158776 -0.306846 -0.938422
vn -0.534967 -0.142333 -0.832797
vn -0.507158 -0.357848 -0.784051
vn -0.538744 -0.375769 -0.754024
vn -0.573426 -0.160464 -0.803389
vn -0.004460 -0.999932 -0.010735
vn -0.119692 -0.974341 -0.190614
vn 0.004700 -0.999963 -0.007248
vn -0.122206 -0.975646 -0.182154
vn 0.265837 0.067067 -0.961682
vn 0.259182 0.299062 -0.918361
vn 0.402851 0.312658 -0.860207
vn 0.418620 0.084116 -0.904257
vn 0.055097 0.989534 -0.133371
vn 0.116353 0.931525 -0.344562
vn 0.075517 0.986989 -0.141953
vn 0.167707 0.926292 -0.337429
vn -0.016828 -0.999013 -0.041111
vn -0.018765 -0.961629 -0.273712
vn 0.033116 -0.965886 -0.256841
vn 0.006055 -0.999742 -0.021887
vn -0.026698 -0.127046 -0.991538
vn -0.036423 -0.329356 -0.943503
vn 0.112141 -0.121380 -0.986251
vn 0.102951 -0.330314 -0.938240
vn 0.543523 0.103078 -0.833041
vn 0.517738 0.326982 -0.790589
vn 0.596432 0.331183 -0.731155
vn 0.629752 0.108979 -0.769114
vn 0.091696 0.985682 -0.141503
vn 0.209666 0.923653 -0.320789
vn 0.104421 0.985368 -0.134708
vn 0.240300 0.923148 -0.300090
vn 0.029883 -0.999442 -0.014933
vn 0.096026 -0.962798 -0.252586
vn 0.158356 -0.957395 -0.241490
vn 0.055918 -0.998294 -0.016784
vn 0.253281 -0.112313 -0.960851
vn 0.242411 -0.316782 -0.916998
vn 0.384788 -0.106005 -0.916897
vn 0.370220 -0.308026 -0.876389
vn 0.703840 0.093844 -0.704133
vn 0.667255 0.319546 -0.672801
vn 0.750970 0.305457 -0.585440
vn 0.787542 0.075644 -0.611601
vn 0.117360 0.985135 -0.125445
vn 0.267045 0.923451 -0.275544
vn 0.131191 0.985258 -0.109797
vn 0.296370 0.924715 -0.238886
vn 0.082939 -0.996110 -0.029749
vn 0.210096 -0.949478 -0.233134
vn 0.254015 -0.938629 -0.233348
vn 0.107648 -0.992815 -0.052259
vn 0.505378 -0.099308 -0.857164
vn 0.488066 -0.304682 -0.817900
vn 0.612270 -0.089569 -0.785559
vn 0.591442 -0.298357 -0.749119
vn 0.132927 -0.988627 -0.070335
vn 0.295867 -0.927424 -0.228795
vn 0.337186 -0.916801 -0.213965
vn 0.161908 -0.983695 -0.078295
vn 0.704670 -0.079567 -0.705060
vn 0.680589 -0.289505 -0.673042
vn 0.781498 -0.074650 -0.619426
vn 0.755424 -0.284264 -0.590363
vn 0.188521 -0.978220 -0.086866
vn 0.370781 -0.906505 -0.201915
vn 0.389008 -0.899014 -0.201113
vn 0.203225 -0.973599 -0.103944
vn 0.840006 -0.076907 -0.537099
vn 0.811120 -0.284906 -0.510796
vn 0.880276 -0.081555 -0.467401
vn 0.846621 -0.287625 -0.447778
vn 0.207574 -0.971749 -0.112328
vn 0.396772 -0.897242 -0.193722
vn 0.402084 -0.900916 -0.163333
vn 0.208047 -0.973263 -0.097341
vn 0.912330 -0.084948 -0.400548
vn 0.874739 -0.289961 -0.388271
vn 0.941236 -0.089457 -0.325688
vn 0.901441 -0.294838 -0.316977
vn 0.201548 -0.976463 -0.076805
vn 0.402182 -0.906642 -0.127472
vn 0.396612 -0.912279 -0.102210
vn 0.186394 -0.980140 -0.067698
vn 0.964164 -0.096410 -0.247170
vn 0.921930 -0.302916 -0.241426
vn 0.980449 -0.101001 -0.168877
vn 0.936111 -0.308217 -0.169405
vn -0.056378 0.996023 0.068985
vn -0.140844 0.958882 0.246391
vn -0.088138 0.970228 0.225587
vn -0.026222 0.999071 0.034194
vn -0.415827 0.056041 0.907715
vn -0.402869 0.307071 0.862209
vn -0.296502 0.053084 0.953556
vn -0.286636 0.307754 0.907264
vn -0.789560 0.088718 0.607226
vn -0.753647 0.327494 0.569881
vn -0.804418 0.324730 0.497455
vn -0.843789 0.090057 0.529065
vn -0.131502 0.988905 0.069092
vn -0.289085 0.938287 0.189859
vn -0.158384 0.984639 0.073492
vn -0.325233 0.928862 0.177311
vn -0.478161 -0.131979 0.868299
vn -0.367058 -0.135761 0.920238
vn -0.437982 -0.340150 0.832148
vn -0.334425 -0.337817 0.879795
vn -0.247046 -0.330589 0.910867
vn -0.268442 -0.132562 0.954131
vn -0.107392 -0.945687 0.306828
vn -0.002572 -0.992072 0.125647
vn -0.016036 -0.983619 0.179548
vn -0.092805 -0.926973 0.363468
vn -0.030151 -0.973998 0.224541
vn -0.083540 -0.909865 0.406407
vn 0.003226 -0.997097 0.076074
vn -0.130239 -0.960203 0.247079
vn -0.164926 -0.969143 0.183198
vn -0.004748 -0.999512 0.030882
vn -0.589995 -0.129413 0.796968
vn -0.546589 -0.342057 0.764355
vn -0.696890 -0.134228 0.704505
vn -0.653300 -0.348248 0.672252
vn -0.174673 -0.115358 0.977845
vn -0.165131 -0.314551 0.934767
vn -0.069119 -0.293415 0.953483
vn -0.067425 -0.088186 0.993819
vn -0.037669 -0.968211 0.247283
vn -0.072166 -0.901887 0.425902
vn -0.037261 -0.968901 0.244627
vn -0.052084 -0.905197 0.421789
vn -0.884999 0.088078 0.457186
vn -0.842532 0.319851 0.433399
vn -0.881901 0.319742 0.346434
vn -0.927385 0.090406 0.363020
vn -0.176833 0.980808 0.082136
vn -0.349021 0.921529 0.170202
vn -0.183273 0.979796 0.080067
vn -0.365257 0.918724 0.150113
vn -0.015333 -0.999861 0.006494
vn -0.195375 -0.970406 0.141922
vn -0.209338 -0.968079 0.137842
vn -0.019002 -0.999674 0.017051
vn -0.779440 -0.144340 0.609621
vn -0.735021 -0.357591 0.576084
vn -0.829849 -0.149967 0.537457
vn -0.780613 -0.363553 0.508401
vn -0.020650 -0.999327 0.030332
vn -0.216379 -0.967659 0.129678
vn -0.225363 -0.969425 0.097095
vn -0.023144 -0.999501 0.021485
vn -0.875029 -0.148712 0.460662
vn -0.820383 -0.366037 0.439305
vn -0.922657 -0.158002 0.351767
vn -0.864479 -0.377260 0.332192
vn -0.021555 -0.999713 0.010498
vn -0.232366 -0.970628 0.062339
vn -0.237283 -0.970492 0.042926
vn -0.015127 -0.999815 0.011863
vn -0.953823 -0.184017 0.237401
vn -0.890250 -0.398688 0.220233
vn -0.969954 -0.200377 0.137982
vn -0.904209 -0.406471 0.131102
vn -0.003900 -0.999876 0.015260
vn -0.238863 -0.970873 0.018735
vn -0.215723 -0.976209 -0.021895
vn 0.013973 -0.999819 0.012917
vn -0.981239 -0.190870 0.027176
vn -0.918907 -0.393011 0.033952
vn -0.975573 -0.185085 -0.118329
vn -0.914546 -0.391588 -0.101317
vn 0.168898 -0.984243 -0.052333
vn 0.388643 -0.918957 -0.066903
vn 0.374405 -0.927265 -0.000878
vn 0.152547 -0.988160 -0.016395
vn 0.992119 -0.100314 -0.075085
vn 0.947475 -0.309070 -0.082265
vn 0.993490 -0.100613 0.053429
vn 0.948720 -0.313155 0.043176
vn 0.140761 -0.989787 0.022545
vn 0.357872 -0.931324 0.067554
vn 0.346236 -0.930581 0.118910
vn 0.137410 -0.989304 0.048956
vn 0.975520 -0.107107 0.192063
vn 0.929161 -0.322342 0.180988
vn 0.943175 -0.114717 0.311868
vn 0.896489 -0.329084 0.296668
vn 0.138162 -0.987977 0.069374
vn 0.333416 -0.928583 0.162997
vn 0.313297 -0.927558 0.203671
vn 0.137116 -0.986677 0.087571
vn 0.896970 -0.118216 0.425992
vn 0.852550 -0.331095 0.404394
vn 0.831120 -0.123908 0.542112
vn 0.789712 -0.335151 0.513837
vn 0.131497 -0.985902 0.103473
vn 0.288108 -0.927543 0.238029
vn 0.259261 -0.927274 0.270088
vn 0.122119 -0.985042 0.121571
vn 0.754651 -0.133193 0.642465
vn 0.716473 -0.341949 0.608060
vn 0.675086 -0.136485 0.725004
vn 0.641020 -0.343912 0.686162
vn 0.956735 0.151649 -0.248317
vn 0.901596 0.366072 -0.230467
vn 0.923908 0.343409 -0.168715
vn 0.974750 0.128482 -0.182631
vn 0.181587 0.983081 -0.024054
vn 0.370540 0.925901 -0.073540
vn 0.208365 0.978045 -0.003335
vn 0.400666 0.915405 -0.038734
vn 0.860925 0.077246 -0.502834
vn 0.822088 0.307744 -0.479025
vn 0.139151 0.986137 -0.090397
vn 0.318921 0.927369 -0.195645
vn 0.991344 0.098082 -0.087279
vn 0.945724 0.315234 -0.078959
vn 0.958749 0.283678 0.018108
vn 0.997734 0.064373 0.019556
vn 0.238692 0.970993 0.014075
vn 0.433511 0.901147 -0.001776
vn 0.266669 0.963581 0.020002
vn 0.462618 0.886196 0.025321
vn 0.989462 0.029041 0.141849
vn 0.958850 0.251697 0.131356
vn 0.928877 0.236268 0.285246
vn 0.954389 0.010662 0.298376
vn 0.282986 0.958550 0.033172
vn 0.477247 0.876516 0.062887
vn 0.281227 0.957238 0.067866
vn 0.468429 0.874267 0.127407
vn 0.891520 0.029175 0.452041
vn 0.863400 0.251350 0.437451
vn 0.790849 0.283477 0.542401
vn 0.824491 0.068060 0.561768
vn 0.260571 0.959070 0.110845
vn 0.437338 0.876724 0.200226
vn 0.229849 0.961643 0.149707
vn 0.393743 0.881753 0.259766
vn 0.767029 0.092456 0.634916
vn 0.732148 0.306169 0.608457
vn 0.692891 0.302451 0.654542
vn 0.720707 0.082431 0.688322
vn 0.200529 0.964792 0.170188
vn 0.352659 0.888562 0.293410
vn 0.185513 0.968701 0.164932
vn 0.328491 0.895786 0.299435
vn 0.660233 0.038154 0.750091
vn 0.645278 0.270537 0.714441
vn 0.550957 0.234950 0.800778
vn 0.555729 -0.009221 0.831313
vn 0.175373 0.972202 0.155135
vn 0.306455 0.902403 0.302909
vn 0.149389 0.977877 0.146420
vn 0.262047 0.913367 0.311596
vn 0.441701 -0.027601 0.896738
vn 0.440379 0.222370 0.869838
vn 0.360349 0.230342 0.903931
vn 0.362063 -0.021614 0.931903
vn 0.112332 0.986110 0.122344
vn 0.206308 0.929040 0.307119
vn 0.081079 0.992296 0.093675
vn 0.159536 0.942697 0.293036
vn 0.277042 -0.007756 0.960827
vn 0.274038 0.245703 0.929803
vn 0.148976 0.266734 0.952187
vn 0.151962 0.013159 0.988299
vn 0.057250 0.995026 0.081524
vn 0.115983 0.950681 0.287668
vn 0.034095 0.996709 0.073542
vn 0.066206 0.956743 0.283301
vn 0.031376 0.036427 0.998844
vn 0.031165 0.289174 0.956769
vn -0.060994 0.304350 0.950606
vn -0.065753 0.050597 0.996552
vn 0.016244 0.998467 0.052910
vn 0.023787 0.963951 0.265016
vn 0.007650 0.999524 0.029891
vn -0.005461 0.970732 0.240102
vn -0.002109 0.999783 0.020731
vn -0.038233 0.973909 0.223694
vn -0.172035 0.053213 0.983653
vn -0.163284 0.308941 0.936960
vn -0.958341 0.105605 0.265386
vn -0.908856 0.330708 0.254191
vn -0.921970 0.343321 0.179168
vn -0.974765 0.120604 0.187852
vn -0.173967 0.982705 0.063451
vn -0.369531 0.921906 0.116345
vn -0.157830 0.986925 0.032682
vn -0.364049 0.928593 0.071999
vn -0.988633 0.123315 0.086019
vn -0.933408 0.349326 0.081974
vn -0.931261 0.355171 -0.081282
vn -0.988223 0.126122 -0.086658
vn -0.146129 0.989258 0.003952
vn -0.355729 0.934334 0.021833
vn -0.134381 0.990835 -0.013720
vn -0.342486 0.939000 -0.031346
vn -0.954146 0.136911 -0.266196
vn -0.896975 0.364270 -0.250487
vn -0.846911 0.369301 -0.382568
vn -0.903343 0.142482 -0.404563
vn -0.114605 0.993006 -0.028357
vn -0.319523 0.943854 -0.083930
vn -0.095887 0.993963 -0.053319
vn -0.290879 0.946592 -0.139116
vn -0.845516 0.131793 -0.517429
vn -0.792528 0.360302 -0.492018
vn -0.741000 0.337984 -0.580246
vn -0.786514 0.107209 -0.608196
vn -0.087988 0.992503 -0.084827
vn -0.268756 0.943581 -0.193455
vn -0.090503 0.989893 -0.109185
vn -0.256950 0.937385 -0.235131
vn 0.034075 -0.999382 0.008636
vn -0.186604 -0.980842 -0.055927
vn -0.171042 -0.981191 -0.089494
vn 0.045322 -0.998967 0.003314
vn -0.943124 -0.201016 -0.264783
vn -0.877354 -0.413351 -0.243701
vn -0.897257 -0.210871 -0.387896
vn -0.832536 -0.420001 -0.361225
vn -0.720957 0.075708 -0.688832
vn -0.684641 0.309748 -0.659790
vn -0.612113 0.286072 -0.737211
vn -0.640170 0.049348 -0.766647
vn -0.093581 0.987633 -0.125790
vn -0.245129 0.931818 -0.267633
vn -0.094358 0.986057 -0.137072
vn -0.228322 0.927514 -0.295952
vn 0.039375 -0.999218 -0.003606
vn -0.163872 -0.977625 -0.131893
vn -0.142274 -0.975673 -0.166792
vn 0.025868 -0.999616 -0.009926
vn -0.836873 -0.192666 -0.512370
vn -0.782928 -0.397589 -0.478484
vn -0.738825 -0.169993 -0.652105
vn -0.696037 -0.378717 -0.610004
vn -0.092964 0.985132 -0.144474
vn -0.209462 0.924474 -0.318548
vn -0.555451 0.037354 -0.830710
vn -0.533855 0.274187 -0.799888
vn 0.017287 -0.999788 -0.011228
vn -0.123426 -0.975697 -0.181059
vn -0.632161 -0.164203 -0.757238
vn -0.593190 -0.377832 -0.710893
vn 0.112725 -0.983544 0.141189
vn 0.229960 -0.925789 0.300056
vn 0.203413 -0.924071 0.323599
vn 0.106249 -0.981643 0.158393
vn 0.591480 -0.129288 0.795887
vn 0.562919 -0.337296 0.754555
vn 0.506334 -0.116123 0.854483
vn 0.484400 -0.325772 0.811929
vn 0.097068 -0.980069 0.173326
vn 0.175110 -0.923487 0.341333
vn 0.140564 -0.924779 0.353590
vn 0.079175 -0.979685 0.184254
vn 0.421925 -0.101378 0.900945
vn 0.406196 -0.312514 0.858685
vn 0.340649 -0.084983 0.936342
vn 0.329692 -0.297301 0.896056
vn 0.050199 -0.980629 0.189332
vn 0.094821 -0.927573 0.361411
vn 0.034005 -0.926655 0.374371
vn 0.009064 -0.979957 0.199005
vn 0.255948 -0.068930 0.964230
vn 0.247639 -0.282226 0.926835
vn 0.158371 -0.060778 0.985507
vn 0.149458 -0.273788 0.950107
vn -0.025395 -0.974770 0.221764
vn -0.020123 -0.916923 0.398557
vn 0.048354 -0.066708 0.996600
vn 0.039518 -0.277469 0.959922
s 1
g ToiletPaper_Hi
usemtl blinn1SG
f 1/1/1 2409/2580/2 3613/1376/3 2412/2583/4
f 2409/2580/2 8/8/5 2410/2581/6 3613/1376/3
f 3613/1376/3 2410/2581/6 9/9/7 2411/2582/8
f 2412/2583/4 3613/1376/3 2411/2582/8 2/2/9
f 1/1/1 2412/2583/4 3614/1377/10 2415/2586/11
f 2412/2583/4 2/2/9 2413/2584/12 3614/1377/10
f 3614/1377/10 2413/2584/12 112/112/13 2414/2585/14
f 2415/2586/11 3614/1377/10 2414/2585/14 111/111/15
f 2/2/9 2411/2582/8 3615/1378/16 2418/2589/17
f 2411/2582/8 9/9/7 2416/2587/18 3615/1378/16
f 3615/1378/16 2416/2587/18 10/10/19 2417/2588/20
f 2418/2589/17 3615/1378/16 2417/2588/20 3/3/21
f 2/2/9 2418/2589/17 3616/1379/22 2413/2584/12
f 2418/2589/17 3/3/21 2419/2590/23 3616/1379/22
f 3616/1379/22 2419/2590/23 113/113/24 2420/2591/25
f 2413/2584/12 3616/1379/22 2420/2591/25 112/112/13
f 3/3/21 2417/2588/20 3617/1380/26 2423/2594/27
f 2417/2588/20 10/10/19 2421/2592/28 3617/1380/26
f 3617/1380/26 2421/2592/28 11/11/29 2422/2593/30
f 2423/2594/27 3617/1380/26 2422/2593/30 4/4/31
f 3/3/21 2423/2594/27 3618/1381/32 2419/2590/23
f 2423/2594/27 4/4/31 2424/2595/33 3618/1381/32
f 3618/1381/32 2424/2595/33 114/114/34 2425/2596/35
f 2419/2590/23 3618/1381/32 2425/2596/35 113/113/24
f 4/4/31 2422/2593/30 3619/1382/36 2428/2599/37
f 2422/2593/30 11/11/29 2426/2597/38 3619/1382/36
f 3619/1382/36 2426/2597/38 12/12/39 2427/2598/40
f 2428/2599/37 3619/1382/36 2427/2598/40 5/5/41
f 4/4/31 2428/2599/37 3620/1383/42 2424/2595/33
f 2428/2599/37 5/5/41 2429/2600/43 3620/1383/42
f 3620/1383/42 2429/2600/43 115/115/44 2430/2601/45
f 2424/2595/33 3620/1383/42 2430/2601/45 114/114/34
f 5/5/41 2427/2598/40 3621/1384/46 2433/2604/47
f 2427/2598/40 12/12/39 2431/2602/48 3621/1384/46
f 3621/1384/46 2431/2602/48 13/13/49 2432/2603/50
f 2433/2604/47 3621/1384/46 2432/2603/50 6/6/51
f 5/5/41 2433/2604/47 3622/1385/52 2429/2600/43
f 2433/2604/47 6/6/51 2434/2605/53 3622/1385/52
f 3622/1385/52 2434/2605/53 116/116/54 2435/2606/55
f 2429/2600/43 3622/1385/52 2435/2606/55 115/115/44
f 6/6/51 2432/2603/50 3623/1386/56 2438/2609/57
f 2432/2603/50 13/13/49 2436/2607/58 3623/1386/56
f 3623/1386/56 2436/2607/58 14/14/59 2437/2608/60
f 2438/2609/57 3623/1386/56 2437/2608/60 7/7/61
f 6/6/51 2438/2609/57 3624/1387/62 2434/2605/53
f 2438/2609/57 7/7/61 2439/2610/63 3624/1387/62
f 3624/1387/62 2439/2610/63 117/117/64 2440/2611/65
f 2434/2605/53 3624/1387/62 2440/2611/65 116/116/54
f 8/8/5 2441/2612/66 3625/1388/67 2410/2581/6
f 2441/2612/66 118/118/68 2442/2613/69 3625/1388/67
f 3625/1388/67 2442/2613/69 119/119/70 2443/2614/71
f 2410/2581/6 3625/1388/67 2443/2614/71 9/9/7
f 9/9/7 2443/2614/71 3626/1389/72 2416/2587/18
f 2443/2614/71 119/119/70 2444/2615/73 3626/1389/72
f 3626/1389/72 2444/2615/73 120/120/74 2445/2616/75
f 2416/2587/18 3626/1389/72 2445/2616/75 10/10/19
f 10/10/19 2445/2616/75 3627/1390/76 2421/2592/28
f 2445/2616/75 120/120/74 2446/2617/77 3627/1390/76
f 3627/1390/76 2446/2617/77 121/121/78 2447/2618/79
f 2421/2592/28 3627/1390/76 2447/2618/79 11/11/29
f 11/11/29 2447/2618/79 3628/1391/80 2426/2597/38
f 2447/2618/79 121/121/78 2448/2619/81 3628/1391/80
f 3628/1391/80 2448/2619/81 15/15/82 2449/2620/83
f 2426/2597/38 3628/1391/80 2449/2620/83 12/12/39
f 12/12/39 2449/2620/83 3629/1392/84 2431/2602/48
f 2449/2620/83 15/15/82 2450/2621/85 3629/1392/84
f 3629/1392/84 2450/2621/85 16/16/86 2451/2622/87
f 2431/2602/48 3629/1392/84 2451/2622/87 13/13/49
f 13/13/49 2451/2622/87 3630/1393/88 2436/2607/58
f 2451/2622/87 16/16/86 2452/2623/89 3630/1393/88
f 3630/1393/88 2452/2623/89 17/17/90 2453/2624/91
f 2436/2607/58 3630/1393/88 2453/2624/91 14/14/59
f 15/15/82 2448/2619/81 3631/1394/92 2456/2627/93
f 2448/2619/81 121/121/78 2454/2625/94 3631/1394/92
f 3631/1394/92 2454/2625/94 125/125/95 2455/2626/96
f 2456/2627/93 3631/1394/92 2455/2626/96 126/126/97
f 15/15/82 2456/2627/93 3632/1395/98 2450/2621/85
f 2456/2627/93 126/126/97 2457/2628/99 3632/1395/98
f 3632/1395/98 2457/2628/99 127/127/100 2458/2629/101
f 2450/2621/85 3632/1395/98 2458/2629/101 16/16/86
f 16/16/86 2458/2629/101 3633/1396/102 2452/2623/89
f 2458/2629/101 127/127/100 2459/2630/103 3633/1396/102
f 3633/1396/102 2459/2630/103 128/128/104 2460/2631/105
f 2452/2623/89 3633/1396/102 2460/2631/105 17/17/90
f 18/18/106 2461/2632/107 3634/1397/108 2464/2636/109
f 2461/2632/107 142/148/110 2462/2633/111 3634/1397/108
f 3634/1397/108 2462/2633/111 141/146/112 2463/2635/113
f 2464/2636/109 3634/1397/108 2463/2635/113 28/28/114
f 18/18/106 2464/2636/109 3635/1398/115 2467/2639/116
f 2464/2636/109 28/28/114 2465/2637/117 3635/1398/115
f 3635/1398/115 2465/2637/117 29/29/118 2466/2638/119
f 2467/2639/116 3635/1398/115 2466/2638/119 19/19/120
f 19/19/120 2466/2638/119 3636/1399/121 2470/2642/122
f 2466/2638/119 29/29/118 2468/2640/123 3636/1399/121
f 3636/1399/121 2468/2640/123 30/30/124 2469/2641/125
f 2470/2642/122 3636/1399/121 2469/2641/125 20/20/126
f 20/20/126 2469/2641/125 3637/1400/127 2473/2645/128
f 2469/2641/125 30/30/124 2471/2643/129 3637/1400/127
f 3637/1400/127 2471/2643/129 31/31/130 2472/2644/131
f 2473/2645/128 3637/1400/127 2472/2644/131 21/21/132
f 21/21/132 2472/2644/131 3638/1401/133 2476/2648/134
f 2472/2644/131 31/31/130 2474/2646/135 3638/1401/133
f 3638/1401/133 2474/2646/135 32/32/136 2475/2647/137
f 2476/2648/134 3638/1401/133 2475/2647/137 22/22/138
f 22/22/138 2475/2647/137 3639/1402/139 2479/2651/140
f 2475/2647/137 32/32/136 2477/2649/141 3639/1402/139
f 3639/1402/139 2477/2649/141 33/33/142 2478/2650/143
f 2479/2651/140 3639/1402/139 2478/2650/143 23/23/144
f 23/23/144 2478/2650/143 3640/1403/145 2482/2654/146
f 2478/2650/143 33/33/142 2480/2652/147 3640/1403/145
f 3640/1403/145 2480/2652/147 34/34/148 2481/2653/149
f 2482/2654/146 3640/1403/145 2481/2653/149 24/24/150
f 24/24/150 2481/2653/149 3641/1404/151 2485/2657/152
f 2481/2653/149 34/34/148 2483/2655/153 3641/1404/151
f 3641/1404/151 2483/2655/153 35/35/154 2484/2656/155
f 2485/2657/152 3641/1404/151 2484/2656/155 25/25/156
f 25/25/156 2484/2656/155 3642/1405/157 2488/2660/158
f 2484/2656/155 35/35/154 2486/2658/159 3642/1405/157
f 3642/1405/157 2486/2658/159 36/36/160 2487/2659/161
f 2488/2660/158 3642/1405/157 2487/2659/161 26/26/162
f 26/26/162 2487/2659/161 3643/1406/163 2491/2663/164
f 2487/2659/161 36/36/160 2489/2661/165 3643/1406/163
f 3643/1406/163 2489/2661/165 151/158/166 2490/2662/167
f 2491/2663/164 3643/1406/163 2490/2662/167 27/27/168
f 27/27/168 2490/2662/167 3644/1407/169 2494/2666/170
f 2490/2662/167 151/158/166 2492/2664/171 3644/1407/169
f 3644/1407/169 2492/2664/171 165/172/172 2493/2665/173
f 2494/2666/170 3644/1407/169 2493/2665/173 152/159/174
f 28/28/114 2463/2635/113 3645/1408/175 2497/2670/176
f 2463/2635/113 141/146/112 2495/2667/177 3645/1408/175
f 3645/1408/175 2495/2667/177 140/144/178 2496/2669/179
f 2497/2670/176 3645/1408/175 2496/2669/179 37/37/180
f 28/28/114 2497/2670/176 3646/1409/181 2465/2637/117
f 2497/2670/176 37/37/180 2498/2671/182 3646/1409/181
f 3646/1409/181 2498/2671/182 38/38/183 2499/2672/184
f 2465/2637/117 3646/1409/181 2499/2672/184 29/29/118
f 29/29/118 2499/2672/184 3647/1410/185 2468/2640/123
f 2499/2672/184 38/38/183 2500/2673/186 3647/1410/185
f 3647/1410/185 2500/2673/186 39/39/187 2501/2674/188
f 2468/2640/123 3647/1410/185 2501/2674/188 30/30/124
f 30/30/124 2501/2674/188 3648/1411/189 2471/2643/129
f 2501/2674/188 39/39/187 2502/2675/190 3648/1411/189
f 3648/1411/189 2502/2675/190 40/40/191 2503/2676/192
f 2471/2643/129 3648/1411/189 2503/2676/192 31/31/130
f 31/31/130 2503/2676/192 3649/1412/193 2474/2646/135
f 2503/2676/192 40/40/191 2504/2677/194 3649/1412/193
f 3649/1412/193 2504/2677/194 41/41/195 2505/2678/196
f 2474/2646/135 3649/1412/193 2505/2678/196 32/32/136
f 32/32/136 2505/2678/196 3650/1413/197 2477/2649/141
f 2505/2678/196 41/41/195 2506/2679/198 3650/1413/197
f 3650/1413/197 2506/2679/198 42/42/199 2507/2680/200
f 2477/2649/141 3650/1413/197 2507/2680/200 33/33/142
f 33/33/142 2507/2680/200 3651/1414/201 2480/2652/147
f 2507/2680/200 42/42/199 2508/2681/202 3651/1414/201
f 3651/1414/201 2508/2681/202 43/43/203 2509/2682/204
f 2480/2652/147 3651/1414/201 2509/2682/204 34/34/148
f 34/34/148 2509/2682/204 3652/1415/205 2483/2655/153
f 2509/2682/204 43/43/203 2510/2683/206 3652/1415/205
f 3652/1415/205 2510/2683/206 44/44/207 2511/2684/208
f 2483/2655/153 3652/1415/205 2511/2684/208 35/35/154
f 35/35/154 2511/2684/208 3653/1416/209 2486/2658/159
f 2511/2684/208 44/44/207 2512/2685/210 3653/1416/209
f 3653/1416/209 2512/2685/210 45/45/211 2513/2686/212
f 2486/2658/159 3653/1416/209 2513/2686/212 36/36/160
f 36/36/160 2513/2686/212 3654/1417/213 2489/2661/165
f 2513/2686/212 45/45/211 2514/2687/214 3654/1417/213
f 3654/1417/213 2514/2687/214 150/157/215 2515/2688/216
f 2489/2661/165 3654/1417/213 2515/2688/216 151/158/166
f 37/37/180 2496/2669/179 3655/1418/217 2518/2692/218
f 2496/2669/179 140/144/178 2516/2689/219 3655/1418/217
f 3655/1418/217 2516/2689/219 139/142/220 2517/2691/221
f 2518/2692/218 3655/1418/217 2517/2691/221 46/46/222
f 37/37/180 2518/2692/218 3656/1419/223 2498/2671/182
f 2518/2692/218 46/46/222 2519/2693/224 3656/1419/223
f 3656/1419/223 2519/2693/224 47/47/225 2520/2694/226
f 2498/2671/182 3656/1419/223 2520/2694/226 38/38/183
f 38/38/183 2520/2694/226 3657/1420/227 2500/2673/186
f 2520/2694/226 47/47/225 2521/2695/228 3657/1420/227
f 3657/1420/227 2521/2695/228 48/48/229 2522/2696/230
f 2500/2673/186 3657/1420/227 2522/2696/230 39/39/187
f 39/39/187 2522/2696/230 3658/1421/231 2502/2675/190
f 2522/2696/230 48/48/229 2523/2697/232 3658/1421/231
f 3658/1421/231 2523/2697/232 49/49/233 2524/2698/234
f 2502/2675/190 3658/1421/231 2524/2698/234 40/40/191
f 40/40/191 2524/2698/234 3659/1422/235 2504/2677/194
f 2524/2698/234 49/49/233 2525/2699/236 3659/1422/235
f 3659/1422/235 2525/2699/236 50/50/237 2526/2700/238
f 2504/2677/194 3659/1422/235 2526/2700/238 41/41/195
f 41/41/195 2526/2700/238 3660/1423/239 2506/2679/198
f 2526/2700/238 50/50/237 2527/2701/240 3660/1423/239
f 3660/1423/239 2527/2701/240 51/51/241 2528/2702/242
f 2506/2679/198 3660/1423/239 2528/2702/242 42/42/199
f 42/42/199 2528/2702/242 3661/1424/243 2508/2681/202
f 2528/2702/242 51/51/241 2529/2703/244 3661/1424/243
f 3661/1424/243 2529/2703/244 52/52/245 2530/2704/246
f 2508/2681/202 3661/1424/243 2530/2704/246 43/43/203
f 43/43/203 2530/2704/246 3662/1425/247 2510/2683/206
f 2530/2704/246 52/52/245 2531/2705/248 3662/1425/247
f 3662/1425/247 2531/2705/248 53/53/249 2532/2706/250
f 2510/2683/206 3662/1425/247 2532/2706/250 44/44/207
f 44/44/207 2532/2706/250 3663/1426/251 2512/2685/210
f 2532/2706/250 53/53/249 2533/2707/252 3663/1426/251
f 3663/1426/251 2533/2707/252 149/156/253 2534/2708/254
f 2512/2685/210 3663/1426/251 2534/2708/254 45/45/211
f 45/45/211 2534/2708/254 3664/1427/255 2514/2687/214
f 2534/2708/254 149/156/253 2535/2709/256 3664/1427/255
f 3664/1427/255 2535/2709/256 159/166/257 2536/2710/258
f 2514/2687/214 3664/1427/255 2536/2710/258 150/157/215
f 46/46/222 2537/2711/259 3665/1428/260 2519/2693/224
f 2537/2711/259 54/54/261 2538/2712/262 3665/1428/260
f 3665/1428/260 2538/2712/262 55/55/263 2539/2713/264
f 2519/2693/224 3665/1428/260 2539/2713/264 47/47/225
f 46/46/222 2517/2691/221 3666/1429/265 2537/2711/259
f 2517/2691/221 139/142/220 2540/2714/266 3666/1429/265
f 3666/1429/265 2540/2714/266 138/140/267 2541/2716/268
f 2537/2711/259 3666/1429/265 2541/2716/268 54/54/261
f 47/47/225 2539/2713/264 3667/1430/269 2521/2695/228
f 2539/2713/264 55/55/263 2542/2717/270 3667/1430/269
f 3667/1430/269 2542/2717/270 56/56/271 2543/2718/272
f 2521/2695/228 3667/1430/269 2543/2718/272 48/48/229
f 48/48/229 2543/2718/272 3668/1431/273 2523/2697/232
f 2543/2718/272 56/56/271 2544/2719/274 3668/1431/273
f 3668/1431/273 2544/2719/274 57/57/275 2545/2720/276
f 2523/2697/232 3668/1431/273 2545/2720/276 49/49/233
f 49/49/233 2545/2720/276 3669/1432/277 2525/2699/236
f 2545/2720/276 57/57/275 2546/2721/278 3669/1432/277
f 3669/1432/277 2546/2721/278 58/58/279 2547/2722/280
f 2525/2699/236 3669/1432/277 2547/2722/280 50/50/237
f 50/50/237 2547/2722/280 3670/1433/281 2527/2701/240
f 2547/2722/280 58/58/279 2548/2723/282 3670/1433/281
f 3670/1433/281 2548/2723/282 59/59/283 2549/2724/284
f 2527/2701/240 3670/1433/281 2549/2724/284 51/51/241
f 51/51/241 2549/2724/284 3671/1434/285 2529/2703/244
f 2549/2724/284 59/59/283 2550/2725/286 3671/1434/285
f 3671/1434/285 2550/2725/286 60/60/287 2551/2726/288
f 2529/2703/244 3671/1434/285 2551/2726/288 52/52/245
f 52/52/245 2551/2726/288 3672/1435/289 2531/2705/248
f 2551/2726/288 60/60/287 2552/2727/290 3672/1435/289
f 3672/1435/289 2552/2727/290 147/154/291 2553/2728/292
f 2531/2705/248 3672/1435/289 2553/2728/292 53/53/249
f 53/53/249 2553/2728/292 3673/1436/293 2533/2707/252
f 2553/2728/292 147/154/291 2554/2729/294 3673/1436/293
f 3673/1436/293 2554/2729/294 148/155/295 2555/2730/296
f 2533/2707/252 3673/1436/293 2555/2730/296 149/156/253
f 54/54/261 2556/2731/297 3674/1437/298 2538/2712/262
f 2556/2731/297 61/61/299 2557/2732/300 3674/1437/298
f 3674/1437/298 2557/2732/300 62/62/301 2558/2733/302
f 2538/2712/262 3674/1437/298 2558/2733/302 55/55/263
f 54/54/261 2541/2716/268 3675/1438/303 2556/2731/297
f 2541/2716/268 138/140/267 2559/2734/304 3675/1438/303
f 3675/1438/303 2559/2734/304 137/138/305 2560/2736/306
f 2556/2731/297 3675/1438/303 2560/2736/306 61/61/299
f 55/55/263 2558/2733/302 3676/1439/307 2542/2717/270
f 2558/2733/302 62/62/301 2561/2737/308 3676/1439/307
f 3676/1439/307 2561/2737/308 63/63/309 2562/2738/310
f 2542/2717/270 3676/1439/307 2562/2738/310 56/56/271
f 56/56/271 2562/2738/310 3677/1440/311 2544/2719/274
f 2562/2738/310 63/63/309 2563/2739/312 3677/1440/311
f 3677/1440/311 2563/2739/312 64/64/313 2564/2740/314
f 2544/2719/274 3677/1440/311 2564/2740/314 57/57/275
f 57/57/275 2564/2740/314 3678/1441/315 2546/2721/278
f 2564/2740/314 64/64/313 2565/2741/316 3678/1441/315
f 3678/1441/315 2565/2741/316 65/65/317 2566/2742/318
f 2546/2721/278 3678/1441/315 2566/2742/318 58/58/279
f 58/58/279 2566/2742/318 3679/1442/319 2548/2723/282
f 2566/2742/318 65/65/317 2567/2743/320 3679/1442/319
f 3679/1442/319 2567/2743/320 66/66/321 2568/2744/322
f 2548/2723/282 3679/1442/319 2568/2744/322 59/59/283
f 59/59/283 2568/2744/322 3680/1443/323 2550/2725/286
f 2568/2744/322 66/66/321 2569/2745/324 3680/1443/323
f 3680/1443/323 2569/2745/324 145/152/325 2570/2746/326
f 2550/2725/286 3680/1443/323 2570/2746/326 60/60/287
f 60/60/287 2570/2746/326 3681/1444/327 2552/2727/290
f 2570/2746/326 145/152/325 2571/2747/328 3681/1444/327
f 3681/1444/327 2571/2747/328 146/153/329 2572/2748/330
f 2552/2727/290 3681/1444/327 2572/2748/330 147/154/291
f 61/61/299 2573/2749/331 3682/1445/332 2557/2732/300
f 2573/2749/331 67/67/333 2574/2750/334 3682/1445/332
f 3682/1445/332 2574/2750/334 68/68/335 2575/2751/336
f 2557/2732/300 3682/1445/332 2575/2751/336 62/62/301
f 61/61/299 2560/2736/306 3683/1446/337 2573/2749/331
f 2560/2736/306 137/138/305 2576/2752/338 3683/1446/337
f 3683/1446/337 2576/2752/338 136/136/339 2577/2754/340
f 2573/2749/331 3683/1446/337 2577/2754/340 67/67/333
f 62/62/301 2575/2751/336 3684/1447/341 2561/2737/308
f 2575/2751/336 68/68/335 2578/2755/342 3684/1447/341
f 3684/1447/341 2578/2755/342 69/69/343 2579/2756/344
f 2561/2737/308 3684/1447/341 2579/2756/344 63/63/309
f 63/63/309 2579/2756/344 3685/1448/345 2563/2739/312
f 2579/2756/344 69/69/343 2580/2757/346 3685/1448/345
f 3685/1448/345 2580/2757/346 70/70/347 2581/2758/348
f 2563/2739/312 3685/1448/345 2581/2758/348 64/64/313
f 64/64/313 2581/2758/348 3686/1449/349 2565/2741/316
f 2581/2758/348 70/70/347 2582/2759/350 3686/1449/349
f 3686/1449/349 2582/2759/350 71/71/351 2583/2760/352
f 2565/2741/316 3686/1449/349 2583/2760/352 65/65/317
f 65/65/317 2583/2760/352 3687/1450/353 2567/2743/320
f 2583/2760/352 71/71/351 2584/2761/354 3687/1450/353
f 3687/1450/353 2584/2761/354 143/150/355 2585/2762/356
f 2567/2743/320 3687/1450/353 2585/2762/356 66/66/321
f 66/66/321 2585/2762/356 3688/1451/357 2569/2745/324
f 2585/2762/356 143/150/355 2586/2763/358 3688/1451/357
f 3688/1451/357 2586/2763/358 144/151/359 2587/2764/360
f 2569/2745/324 3688/1451/357 2587/2764/360 145/152/325
f 72/72/361 2588/2765/362 3689/1452/363 2591/2768/364
f 2588/2765/362 191/198/365 2589/2766/366 3689/1452/363
f 3689/1452/363 2589/2766/366 75/75/367 2590/2767/368
f 2591/2768/364 3689/1452/363 2590/2767/368 76/76/369
f 72/72/361 2592/2769/370 3690/1453/371 2588/2765/362
f 2592/2769/370 185/192/372 2593/2770/373 3690/1453/371
f 3690/1453/371 2593/2770/373 184/191/374 2594/2771/375
f 2588/2765/362 3690/1453/371 2594/2771/375 191/198/365
f 72/72/361 2595/2772/376 3691/1454/377 2592/2769/370
f 2595/2772/376 73/73/378 2596/2773/379 3691/1454/377
f 3691/1454/377 2596/2773/379 186/193/380 2597/2774/381
f 2592/2769/370 3691/1454/377 2597/2774/381 185/192/372
f 72/72/361 2591/2768/364 3692/1455/382 2595/2772/376
f 2591/2768/364 76/76/369 2598/2775/383 3692/1455/382
f 3692/1455/382 2598/2775/383 77/77/384 2599/2776/385
f 2595/2772/376 3692/1455/382 2599/2776/385 73/73/378
f 74/74/386 2600/2777/387 3693/1456/388 2603/2780/389
f 2600/2777/387 194/201/390 2601/2778/391 3693/1456/388
f 3693/1456/388 2601/2778/391 78/78/392 2602/2779/393
f 2603/2780/389 3693/1456/388 2602/2779/393 79/79/394
f 74/74/386 2604/2781/395 3694/1457/396 2600/2777/387
f 2604/2781/395 190/197/397 2605/2782/398 3694/1457/396
f 3694/1457/396 2605/2782/398 189/196/399 2606/2783/400
f 2600/2777/387 3694/1457/396 2606/2783/400 194/201/390
f 74/74/386 2607/2784/401 3695/1458/402 2604/2781/395
f 2607/2784/401 75/75/367 2589/2766/366 3695/1458/402
f 3695/1458/402 2589/2766/366 191/198/365 2608/2785/403
f 2604/2781/395 3695/1458/402 2608/2785/403 190/197/397
f 74/74/386 2603/2780/389 3696/1459/404 2607/2784/401
f 2603/2780/389 79/79/394 2609/2786/405 3696/1459/404
f 3696/1459/404 2609/2786/405 80/80/406 2610/2787/407
f 2607/2784/401 3696/1459/404 2610/2787/407 75/75/367
f 75/75/367 2610/2787/407 3697/1460/408 2590/2767/368
f 2610/2787/407 80/80/406 2611/2788/409 3697/1460/408
f 3697/1460/408 2611/2788/409 81/81/410 2612/2789/411
f 2590/2767/368 3697/1460/408 2612/2789/411 76/76/369
f 76/76/369 2612/2789/411 3698/1461/412 2598/2775/383
f 2612/2789/411 81/81/410 2613/2790/413 3698/1461/412
f 3698/1461/412 2613/2790/413 82/82/414 2614/2791/415
f 2598/2775/383 3698/1461/412 2614/2791/415 77/77/384
f 78/78/392 2615/2792/416 3699/1462/417 2602/2779/393
f 2615/2792/416 85/85/418 2616/2793/419 3699/1462/417
f 3699/1462/417 2616/2793/419 86/86/420 2617/2794/421
f 2602/2779/393 3699/1462/417 2617/2794/421 79/79/394
f 78/78/392 2618/2795/422 3700/1463/423 2615/2792/416
f 2618/2795/422 196/203/424 2619/2796/425 3700/1463/423
f 3700/1463/423 2619/2796/425 84/84/426 2620/2797/427
f 2615/2792/416 3700/1463/423 2620/2797/427 85/85/418
f 78/78/392 2601/2778/391 3701/1464/428 2618/2795/422
f 2601/2778/391 194/201/390 2621/2798/429 3701/1464/428
f 3701/1464/428 2621/2798/429 193/200/430 2622/2799/431
f 2618/2795/422 3701/1464/428 2622/2799/431 196/203/424
f 79/79/394 2617/2794/421 3702/1465/432 2609/2786/405
f 2617/2794/421 86/86/420 2623/2800/433 3702/1465/432
f 3702/1465/432 2623/2800/433 87/87/434 2624/2801/435
f 2609/2786/405 3702/1465/432 2624/2801/435 80/80/406
f 80/80/406 2624/2801/435 3703/1466/436 2611/2788/409
f 2624/2801/435 87/87/434 2625/2802/437 3703/1466/436
f 3703/1466/436 2625/2802/437 88/88/438 2626/2803/439
f 2611/2788/409 3703/1466/436 2626/2803/439 81/81/410
f 81/81/410 2626/2803/439 3704/1467/440 2613/2790/413
f 2626/2803/439 88/88/438 2627/2804/441 3704/1467/440
f 3704/1467/440 2627/2804/441 89/89/442 2628/2805/443
f 2613/2790/413 3704/1467/440 2628/2805/443 82/82/414
f 83/83/444 2629/2806/445 3705/1468/446 2631/2808/447
f 2629/2806/445 84/84/426 2619/2796/425 3705/1468/446
f 3705/1468/446 2619/2796/425 196/203/424 2630/2807/448
f 2631/2808/447 3705/1468/446 2630/2807/448 195/202/449
f 83/83/444 2632/2809/450 3706/1469/451 2629/2806/445
f 2632/2809/450 90/90/452 2633/2810/453 3706/1469/451
f 3706/1469/451 2633/2810/453 91/91/454 2634/2811/455
f 2629/2806/445 3706/1469/451 2634/2811/455 84/84/426
f 84/84/426 2634/2811/455 3707/1470/456 2620/2797/427
f 2634/2811/455 91/91/454 2635/2812/457 3707/1470/456
f 3707/1470/456 2635/2812/457 92/92/458 2636/2813/459
f 2620/2797/427 3707/1470/456 2636/2813/459 85/85/418
f 85/85/418 2636/2813/459 3708/1471/460 2616/2793/419
f 2636/2813/459 92/92/458 2637/2814/461 3708/1471/460
f 3708/1471/460 2637/2814/461 93/93/462 2638/2815/463
f 2616/2793/419 3708/1471/460 2638/2815/463 86/86/420
f 86/86/420 2638/2815/463 3709/1472/464 2623/2800/433
f 2638/2815/463 93/93/462 2639/2816/465 3709/1472/464
f 3709/1472/464 2639/2816/465 94/94/466 2640/2817/467
f 2623/2800/433 3709/1472/464 2640/2817/467 87/87/434
f 87/87/434 2640/2817/467 3710/1473/468 2625/2802/437
f 2640/2817/467 94/94/466 2641/2818/469 3710/1473/468
f 3710/1473/468 2641/2818/469 95/95/470 2642/2819/471
f 2625/2802/437 3710/1473/468 2642/2819/471 88/88/438
f 88/88/438 2642/2819/471 3711/1474/472 2627/2804/441
f 2642/2819/471 95/95/470 2643/2820/473 3711/1474/472
f 3711/1474/472 2643/2820/473 96/96/474 2644/2821/475
f 2627/2804/441 3711/1474/472 2644/2821/475 89/89/442
f 90/90/452 2645/2822/476 3712/1475/477 2633/2810/453
f 2645/2822/476 97/97/478 2646/2823/479 3712/1475/477
f 3712/1475/477 2646/2823/479 98/98/480 2647/2824/481
f 2633/2810/453 3712/1475/477 2647/2824/481 91/91/454
f 91/91/454 2647/2824/481 3713/1476/482 2635/2812/457
f 2647/2824/481 98/98/480 2648/2825/483 3713/1476/482
f 3713/1476/482 2648/2825/483 99/99/484 2649/2826/485
f 2635/2812/457 3713/1476/482 2649/2826/485 92/92/458
f 92/92/458 2649/2826/485 3714/1477/486 2637/2814/461
f 2649/2826/485 99/99/484 2650/2827/487 3714/1477/486
f 3714/1477/486 2650/2827/487 100/100/488 2651/2828/489
f 2637/2814/461 3714/1477/486 2651/2828/489 93/93/462
f 93/93/462 2651/2828/489 3715/1478/490 2639/2816/465
f 2651/2828/489 100/100/488 2652/2829/491 3715/1478/490
f 3715/1478/490 2652/2829/491 101/101/492 2653/2830/493
f 2639/2816/465 3715/1478/490 2653/2830/493 94/94/466
f 94/94/466 2653/2830/493 3716/1479/494 2641/2818/469
f 2653/2830/493 101/101/492 2654/2831/495 3716/1479/494
f 3716/1479/494 2654/2831/495 102/102/496 2655/2832/497
f 2641/2818/469 3716/1479/494 2655/2832/497 95/95/470
f 95/95/470 2655/2832/497 3717/1480/498 2643/2820/473
f 2655/2832/497 102/102/496 2656/2833/499 3717/1480/498
f 3717/1480/498 2656/2833/499 103/103/500 2657/2834/501
f 2643/2820/473 3717/1480/498 2657/2834/501 96/96/474
f 97/97/478 2658/2835/502 3718/1481/503 2646/2823/479
f 2658/2835/502 104/104/504 2659/2836/505 3718/1481/503
f 3718/1481/503 2659/2836/505 105/105/506 2660/2837/507
f 2646/2823/479 3718/1481/503 2660/2837/507 98/98/480
f 98/98/480 2660/2837/507 3719/1482/508 2648/2825/483
f 2660/2837/507 105/105/506 2661/2838/509 3719/1482/508
f 3719/1482/508 2661/2838/509 106/106/510 2662/2839/511
f 2648/2825/483 3719/1482/508 2662/2839/511 99/99/484
f 99/99/484 2662/2839/511 3720/1483/512 2650/2827/487
f 2662/2839/511 106/106/510 2663/2840/513 3720/1483/512
f 3720/1483/512 2663/2840/513 107/107/514 2664/2841/515
f 2650/2827/487 3720/1483/512 2664/2841/515 100/100/488
f 100/100/488 2664/2841/515 3721/1484/516 2652/2829/491
f 2664/2841/515 107/107/514 2665/2842/517 3721/1484/516
f 3721/1484/516 2665/2842/517 108/108/518 2666/2843/519
f 2652/2829/491 3721/1484/516 2666/2843/519 101/101/492
f 101/101/492 2666/2843/519 3722/1485/520 2654/2831/495
f 2666/2843/519 108/108/518 2667/2844/521 3722/1485/520
f 3722/1485/520 2667/2844/521 109/109/522 2668/2845/523
f 2654/2831/495 3722/1485/520 2668/2845/523 102/102/496
f 102/102/496 2668/2845/523 3723/1486/524 2656/2833/499
f 2668/2845/523 109/109/522 2669/2846/525 3723/1486/524
f 3723/1486/524 2669/2846/525 110/110/526 2670/2847/527
f 2656/2833/499 3723/1486/524 2670/2847/527 103/103/500
f 104/104/504 2671/2848/528 3724/1487/529 2659/2836/505
f 2671/2848/528 111/111/15 2414/2585/14 3724/1487/529
f 3724/1487/529 2414/2585/14 112/112/13 2672/2849/530
f 2659/2836/505 3724/1487/529 2672/2849/530 105/105/506
f 105/105/506 2672/2849/530 3725/1488/531 2661/2838/509
f 2672/2849/530 112/112/13 2420/2591/25 3725/1488/531
f 3725/1488/531 2420/2591/25 113/113/24 2673/2850/532
f 2661/2838/509 3725/1488/531 2673/2850/532 106/106/510
f 106/106/510 2673/2850/532 3726/1489/533 2663/2840/513
f 2673/2850/532 113/113/24 2425/2596/35 3726/1489/533
f 3726/1489/533 2425/2596/35 114/114/34 2674/2851/534
f 2663/2840/513 3726/1489/533 2674/2851/534 107/107/514
f 107/107/514 2674/2851/534 3727/1490/535 2665/2842/517
f 2674/2851/534 114/114/34 2430/2601/45 3727/1490/535
f 3727/1490/535 2430/2601/45 115/115/44 2675/2852/536
f 2665/2842/517 3727/1490/535 2675/2852/536 108/108/518
f 108/108/518 2675/2852/536 3728/1491/537 2667/2844/521
f 2675/2852/536 115/115/44 2435/2606/55 3728/1491/537
f 3728/1491/537 2435/2606/55 116/116/54 2676/2853/538
f 2667/2844/521 3728/1491/537 2676/2853/538 109/109/522
f 109/109/522 2676/2853/538 3729/1492/539 2669/2846/525
f 2676/2853/538 116/116/54 2440/2611/65 3729/1492/539
f 3729/1492/539 2440/2611/65 117/117/64 2677/2854/540
f 2669/2846/525 3729/1492/539 2677/2854/540 110/110/526
f 118/118/68 2678/2855/541 3730/1493/542 2442/2613/69
f 2678/2855/541 122/122/543 2679/2856/544 3730/1493/542
f 3730/1493/542 2679/2856/544 123/123/545 2680/2857/546
f 2442/2613/69 3730/1493/542 2680/2857/546 119/119/70
f 119/119/70 2680/2857/546 3731/1494/547 2444/2615/73
f 2680/2857/546 123/123/545 2681/2858/548 3731/1494/547
f 3731/1494/547 2681/2858/548 124/124/549 2682/2859/550
f 2444/2615/73 3731/1494/547 2682/2859/550 120/120/74
f 120/120/74 2682/2859/550 3732/1495/551 2446/2617/77
f 2682/2859/550 124/124/549 2683/2860/552 3732/1495/551
f 3732/1495/551 2683/2860/552 125/125/95 2454/2625/94
f 2446/2617/77 3732/1495/551 2454/2625/94 121/121/78
f 122/122/543 2684/2861/553 3733/1496/554 2679/2856/544
f 2684/2861/553 129/129/555 2685/2862/556 3733/1496/554
f 3733/1496/554 2685/2862/556 130/130/557 2686/2863/558
f 2679/2856/544 3733/1496/554 2686/2863/558 123/123/545
f 123/123/545 2686/2863/558 3734/1497/559 2681/2858/548
f 2686/2863/558 130/130/557 2687/2864/560 3734/1497/559
f 3734/1497/559 2687/2864/560 131/131/561 2688/2865/562
f 2681/2858/548 3734/1497/559 2688/2865/562 124/124/549
f 124/124/549 2688/2865/562 3735/1498/563 2683/2860/552
f 2688/2865/562 131/131/561 2689/2866/564 3735/1498/563
f 3735/1498/563 2689/2866/564 132/132/565 2690/2867/566
f 2683/2860/552 3735/1498/563 2690/2867/566 125/125/95
f 125/125/95 2690/2867/566 3736/1499/567 2455/2626/96
f 2690/2867/566 132/132/565 2691/2868/568 3736/1499/567
f 3736/1499/567 2691/2868/568 133/133/569 2692/2869/570
f 2455/2626/96 3736/1499/567 2692/2869/570 126/126/97
f 126/126/97 2692/2869/570 3737/1500/571 2457/2628/99
f 2692/2869/570 133/133/569 2693/2870/572 3737/1500/571
f 3737/1500/571 2693/2870/572 134/134/573 2694/2871/574
f 2457/2628/99 3737/1500/571 2694/2871/574 127/127/100
f 127/127/100 2694/2871/574 3738/1501/575 2459/2630/103
f 2694/2871/574 134/134/573 2695/2872/576 3738/1501/575
f 3738/1501/575 2695/2872/576 135/135/577 2696/2873/578
f 2459/2630/103 3738/1501/575 2696/2873/578 128/128/104
f 129/129/555 2697/2874/579 3739/1502/580 2685/2862/556
f 2697/2874/579 136/137/339 2576/2753/338 3739/1502/580
f 3739/1502/580 2576/2753/338 137/139/305 2698/2875/581
f 2685/2862/556 3739/1502/580 2698/2875/581 130/130/557
f 130/130/557 2698/2875/581 3740/1503/582 2687/2864/560
f 2698/2875/581 137/139/305 2559/2735/304 3740/1503/582
f 3740/1503/582 2559/2735/304 138/141/267 2699/2876/583
f 2687/2864/560 3740/1503/582 2699/2876/583 131/131/561
f 131/131/561 2699/2876/583 3741/1504/584 2689/2866/564
f 2699/2876/583 138/141/267 2540/2715/266 3741/1504/584
f 3741/1504/584 2540/2715/266 139/143/220 2700/2877/585
f 2689/2866/564 3741/1504/584 2700/2877/585 132/132/565
f 132/132/565 2700/2877/585 3742/1505/586 2691/2868/568
f 2700/2877/585 139/143/220 2516/2690/219 3742/1505/586
f 3742/1505/586 2516/2690/219 140/145/178 2701/2878/587
f 2691/2868/568 3742/1505/586 2701/2878/587 133/133/569
f 133/133/569 2701/2878/587 3743/1506/588 2693/2870/572
f 2701/2878/587 140/145/178 2495/2668/177 3743/1506/588
f 3743/1506/588 2495/2668/177 141/147/112 2702/2879/589
f 2693/2870/572 3743/1506/588 2702/2879/589 134/134/573
f 134/134/573 2702/2879/589 3744/1507/590 2695/2872/576
f 2702/2879/589 141/147/112 2462/2634/111 3744/1507/590
f 3744/1507/590 2462/2634/111 142/149/110 2703/2880/591
f 2695/2872/576 3744/1507/590 2703/2880/591 135/135/577
f 144/151/359 2704/2881/592 3745/1508/593 2587/2764/360
f 2704/2881/592 153/160/594 2705/2882/595 3745/1508/593
f 3745/1508/593 2705/2882/595 146/153/329 2571/2747/328
f 2587/2764/360 3745/1508/593 2571/2747/328 145/152/325
f 146/153/329 2706/2883/596 3746/1509/597 2572/2748/330
f 2706/2883/596 155/162/598 2707/2884/599 3746/1509/597
f 3746/1509/597 2707/2884/599 148/155/295 2554/2729/294
f 2572/2748/330 3746/1509/597 2554/2729/294 147/154/291
f 146/153/329 2705/2882/595 3747/1510/600 2706/2883/596
f 2705/2882/595 153/160/594 2708/2885/601 3747/1510/600
f 3747/1510/600 2708/2885/601 154/161/602 2709/2886/603
f 2706/2883/596 3747/1510/600 2709/2886/603 155/162/598
f 148/155/295 2707/2884/599 3748/1511/604 2712/2889/605
f 2707/2884/599 155/162/598 2710/2887/606 3748/1511/604
f 3748/1511/604 2710/2887/606 157/164/607 2711/2888/608
f 2712/2889/605 3748/1511/604 2711/2888/608 158/165/609
f 148/155/295 2712/2889/605 3749/1512/610 2555/2730/296
f 2712/2889/605 158/165/609 2713/2890/611 3749/1512/610
f 3749/1512/610 2713/2890/611 159/166/257 2535/2709/256
f 2555/2730/296 3749/1512/610 2535/2709/256 149/156/253
f 150/157/215 2536/2710/258 3750/1513/612 2716/2893/613
f 2536/2710/258 159/166/257 2714/2891/614 3750/1513/612
f 3750/1513/612 2714/2891/614 163/170/615 2715/2892/616
f 2716/2893/613 3750/1513/612 2715/2892/616 164/171/617
f 150/157/215 2716/2893/613 3751/1514/618 2515/2688/216
f 2716/2893/613 164/171/617 2717/2894/619 3751/1514/618
f 3751/1514/618 2717/2894/619 165/172/172 2492/2664/171
f 2515/2688/216 3751/1514/618 2492/2664/171 151/158/166
f 152/159/174 2493/2665/173 3752/1515/620 2720/2897/621
f 2493/2665/173 165/172/172 2718/2895/622 3752/1515/620
f 3752/1515/620 2718/2895/622 171/178/623 2719/2896/624
f 2720/2897/621 3752/1515/620 2719/2896/624 172/179/625
f 154/161/602 2721/2898/626 3753/1516/627 2709/2886/603
f 2721/2898/626 156/163/628 2722/2899/629 3753/1516/627
f 3753/1516/627 2722/2899/629 157/164/607 2710/2887/606
f 2709/2886/603 3753/1516/627 2710/2887/606 155/162/598
f 156/163/628 2723/2900/630 3754/1517/631 2722/2899/629
f 2723/2900/630 160/167/632 2724/2901/633 3754/1517/631
f 3754/1517/631 2724/2901/633 161/168/634 2725/2902/635
f 2722/2899/629 3754/1517/631 2725/2902/635 157/164/607
f 157/164/607 2725/2902/635 3755/1518/636 2711/2888/608
f 2725/2902/635 161/168/634 2726/2903/637 3755/1518/636
f 3755/1518/636 2726/2903/637 162/169/638 2727/2904/639
f 2711/2888/608 3755/1518/636 2727/2904/639 158/165/609
f 158/165/609 2727/2904/639 3756/1519/640 2713/2890/611
f 2727/2904/639 162/169/638 2728/2905/641 3756/1519/640
f 3756/1519/640 2728/2905/641 163/170/615 2714/2891/614
f 2713/2890/611 3756/1519/640 2714/2891/614 159/166/257
f 160/167/632 2729/2906/642 3757/1520/643 2724/2901/633
f 2729/2906/642 166/173/644 2730/2907/645 3757/1520/643
f 3757/1520/643 2730/2907/645 167/174/646 2731/2908/647
f 2724/2901/633 3757/1520/643 2731/2908/647 161/168/634
f 161/168/634 2731/2908/647 3758/1521/648 2726/2903/637
f 2731/2908/647 167/174/646 2732/2909/649 3758/1521/648
f 3758/1521/648 2732/2909/649 168/175/650 2733/2910/651
f 2726/2903/637 3758/1521/648 2733/2910/651 162/169/638
f 162/169/638 2733/2910/651 3759/1522/652 2728/2905/641
f 2733/2910/651 168/175/650 2734/2911/653 3759/1522/652
f 3759/1522/652 2734/2911/653 169/176/654 2735/2912/655
f 2728/2905/641 3759/1522/652 2735/2912/655 163/170/615
f 163/170/615 2735/2912/655 3760/1523/656 2715/2892/616
f 2735/2912/655 169/176/654 2736/2913/657 3760/1523/656
f 3760/1523/656 2736/2913/657 170/177/658 2737/2914/659
f 2715/2892/616 3760/1523/656 2737/2914/659 164/171/617
f 164/171/617 2737/2914/659 3761/1524/660 2717/2894/619
f 2737/2914/659 170/177/658 2738/2915/661 3761/1524/660
f 3761/1524/660 2738/2915/661 171/178/623 2718/2895/622
f 2717/2894/619 3761/1524/660 2718/2895/622 165/172/172
f 166/173/644 2739/2916/662 3762/1525/663 2730/2907/645
f 2739/2916/662 173/180/664 2740/2917/665 3762/1525/663
f 3762/1525/663 2740/2917/665 174/181/666 2741/2918/667
f 2730/2907/645 3762/1525/663 2741/2918/667 167/174/646
f 167/174/646 2741/2918/667 3763/1526/668 2732/2909/649
f 2741/2918/667 174/181/666 2742/2919/669 3763/1526/668
f 3763/1526/668 2742/2919/669 175/182/670 2743/2920/671
f 2732/2909/649 3763/1526/668 2743/2920/671 168/175/650
f 168/175/650 2743/2920/671 3764/1527/672 2734/2911/653
f 2743/2920/671 175/182/670 2744/2921/673 3764/1527/672
f 3764/1527/672 2744/2921/673 176/183/674 2745/2922/675
f 2734/2911/653 3764/1527/672 2745/2922/675 169/176/654
f 169/176/654 2745/2922/675 3765/1528/676 2736/2913/657
f 2745/2922/675 176/183/674 2746/2923/677 3765/1528/676
f 3765/1528/676 2746/2923/677 177/184/678 2747/2924/679
f 2736/2913/657 3765/1528/676 2747/2924/679 170/177/658
f 170/177/658 2747/2924/679 3766/1529/680 2738/2915/661
f 2747/2924/679 177/184/678 2748/2925/681 3766/1529/680
f 3766/1529/680 2748/2925/681 178/185/682 2749/2926/683
f 2738/2915/661 3766/1529/680 2749/2926/683 171/178/623
f 171/178/623 2749/2926/683 3767/1530/684 2719/2896/624
f 2749/2926/683 178/185/682 2750/2927/685 3767/1530/684
f 3767/1530/684 2750/2927/685 179/186/686 2751/2928/687
f 2719/2896/624 3767/1530/684 2751/2928/687 172/179/625
f 173/180/664 2752/2929/688 3768/1531/689 2740/2917/665
f 2752/2929/688 180/187/690 2753/2930/691 3768/1531/689
f 3768/1531/689 2753/2930/691 181/188/692 2754/2931/693
f 2740/2917/665 3768/1531/689 2754/2931/693 174/181/666
f 174/181/666 2754/2931/693 3769/1532/694 2742/2919/669
f 2754/2931/693 181/188/692 2755/2932/695 3769/1532/694
f 3769/1532/694 2755/2932/695 182/189/696 2756/2933/697
f 2742/2919/669 3769/1532/694 2756/2933/697 175/182/670
f 175/182/670 2756/2933/697 3770/1533/698 2744/2921/673
f 2756/2933/697 182/189/696 2757/2934/699 3770/1533/698
f 3770/1533/698 2757/2934/699 183/190/700 2758/2935/701
f 2744/2921/673 3770/1533/698 2758/2935/701 176/183/674
f 176/183/674 2758/2935/701 3771/1534/702 2746/2923/677
f 2758/2935/701 183/190/700 2759/2936/703 3771/1534/702
f 3771/1534/702 2759/2936/703 184/191/374 2760/2937/704
f 2746/2923/677 3771/1534/702 2760/2937/704 177/184/678
f 177/184/678 2760/2937/704 3772/1535/705 2748/2925/681
f 2760/2937/704 184/191/374 2593/2770/373 3772/1535/705
f 3772/1535/705 2593/2770/373 185/192/372 2761/2938/706
f 2748/2925/681 3772/1535/705 2761/2938/706 178/185/682
f 178/185/682 2761/2938/706 3773/1536/707 2750/2927/685
f 2761/2938/706 185/192/372 2597/2774/381 3773/1536/707
f 3773/1536/707 2597/2774/381 186/193/380 2762/2939/708
f 2750/2927/685 3773/1536/707 2762/2939/708 179/186/686
f 180/187/690 2763/2940/709 3774/1537/710 2753/2930/691
f 2763/2940/709 187/194/711 2764/2941/712 3774/1537/710
f 3774/1537/710 2764/2941/712 188/195/713 2765/2942/714
f 2753/2930/691 3774/1537/710 2765/2942/714 181/188/692
f 181/188/692 2765/2942/714 3775/1538/715 2755/2932/695
f 2765/2942/714 188/195/713 2766/2943/716 3775/1538/715
f 3775/1538/715 2766/2943/716 189/196/399 2767/2944/717
f 2755/2932/695 3775/1538/715 2767/2944/717 182/189/696
f 182/189/696 2767/2944/717 3776/1539/718 2757/2934/699
f 2767/2944/717 189/196/399 2605/2782/398 3776/1539/718
f 3776/1539/718 2605/2782/398 190/197/397 2768/2945/719
f 2757/2934/699 3776/1539/718 2768/2945/719 183/190/700
f 183/190/700 2768/2945/719 3777/1540/720 2759/2936/703
f 2768/2945/719 190/197/397 2608/2785/403 3777/1540/720
f 3777/1540/720 2608/2785/403 191/198/365 2594/2771/375
f 2759/2936/703 3777/1540/720 2594/2771/375 184/191/374
f 187/194/711 2769/2946/721 3778/1541/722 2764/2941/712
f 2769/2946/721 192/199/723 2770/2947/724 3778/1541/722
f 3778/1541/722 2770/2947/724 193/200/430 2771/2948/725
f 2764/2941/712 3778/1541/722 2771/2948/725 188/195/713
f 188/195/713 2771/2948/725 3779/1542/726 2766/2943/716
f 2771/2948/725 193/200/430 2621/2798/429 3779/1542/726
f 3779/1542/726 2621/2798/429 194/201/390 2606/2783/400
f 2766/2943/716 3779/1542/726 2606/2783/400 189/196/399
f 192/199/723 2772/2949/727 3780/1543/728 2770/2947/724
f 2772/2949/727 195/202/449 2630/2807/448 3780/1543/728
f 3780/1543/728 2630/2807/448 196/203/424 2622/2799/431
f 2770/2947/724 3780/1543/728 2622/2799/431 193/200/430
f 197/204/729 2773/2950/730 3781/1544/731 2776/2953/732
f 2773/2950/730 198/205/733 2774/2951/734 3781/1544/731
f 3781/1544/731 2774/2951/734 204/211/735 2775/2952/736
f 2776/2953/732 3781/1544/731 2775/2952/736 203/210/737
f 197/204/729 2777/2954/738 3782/1545/739 2773/2950/730
f 2777/2954/738 287/294/740 2778/2955/741 3782/1545/739
f 3782/1545/739 2778/2955/741 288/295/742 2779/2956/743
f 2773/2950/730 3782/1545/739 2779/2956/743 198/205/733
f 198/205/733 2780/2957/744 3783/1546/745 2774/2951/734
f 2780/2957/744 199/206/746 2781/2958/747 3783/1546/745
f 3783/1546/745 2781/2958/747 205/212/748 2782/2959/749
f 2774/2951/734 3783/1546/745 2782/2959/749 204/211/735
f 198/205/733 2779/2956/743 3784/1547/750 2780/2957/744
f 2779/2956/743 288/295/742 2783/2960/751 3784/1547/750
f 3784/1547/750 2783/2960/751 289/296/752 2784/2961/753
f 2780/2957/744 3784/1547/750 2784/2961/753 199/206/746
f 199/206/746 2785/2962/754 3785/1548/755 2781/2958/747
f 2785/2962/754 200/207/756 2786/2963/757 3785/1548/755
f 3785/1548/755 2786/2963/757 206/213/758 2787/2964/759
f 2781/2958/747 3785/1548/755 2787/2964/759 205/212/748
f 199/206/746 2784/2961/753 3786/1549/760 2785/2962/754
f 2784/2961/753 289/296/752 2788/2965/761 3786/1549/760
f 3786/1549/760 2788/2965/761 290/297/762 2789/2966/763
f 2785/2962/754 3786/1549/760 2789/2966/763 200/207/756
f 200/207/756 2790/2967/764 3787/1550/765 2786/2963/757
f 2790/2967/764 201/208/766 2791/2968/767 3787/1550/765
f 3787/1550/765 2791/2968/767 207/214/768 2792/2969/769
f 2786/2963/757 3787/1550/765 2792/2969/769 206/213/758
f 200/207/756 2789/2966/763 3788/1551/770 2790/2967/764
f 2789/2966/763 290/297/762 2793/2970/771 3788/1551/770
f 3788/1551/770 2793/2970/771 291/298/772 2794/2971/773
f 2790/2967/764 3788/1551/770 2794/2971/773 201/208/766
f 201/208/766 2795/2972/774 3789/1552/775 2791/2968/767
f 2795/2972/774 202/209/776 2796/2973/777 3789/1552/775
f 3789/1552/775 2796/2973/777 208/215/778 2797/2974/779
f 2791/2968/767 3789/1552/775 2797/2974/779 207/214/768
f 201/208/766 2794/2971/773 3790/1553/780 2795/2972/774
f 2794/2971/773 291/298/772 2798/2975/781 3790/1553/780
f 3790/1553/780 2798/2975/781 292/299/782 2799/2976/783
f 2795/2972/774 3790/1553/780 2799/2976/783 202/209/776
f 203/210/737 2775/2952/736 3791/1554/784 2802/2979/785
f 2775/2952/736 204/211/735 2800/2977/786 3791/1554/784
f 3791/1554/784 2800/2977/786 294/301/787 2801/2978/788
f 2802/2979/785 3791/1554/784 2801/2978/788 293/300/789
f 204/211/735 2782/2959/749 3792/1555/790 2800/2977/786
f 2782/2959/749 205/212/748 2803/2980/791 3792/1555/790
f 3792/1555/790 2803/2980/791 295/302/792 2804/2981/793
f 2800/2977/786 3792/1555/790 2804/2981/793 294/301/787
f 205/212/748 2787/2964/759 3793/1556/794 2803/2980/791
f 2787/2964/759 206/213/758 2805/2982/795 3793/1556/794
f 3793/1556/794 2805/2982/795 296/303/796 2806/2983/797
f 2803/2980/791 3793/1556/794 2806/2983/797 295/302/792
f 206/213/758 2792/2969/769 3794/1557/798 2805/2982/795
f 2792/2969/769 207/214/768 2807/2984/799 3794/1557/798
f 3794/1557/798 2807/2984/799 209/216/800 2808/2985/801
f 2805/2982/795 3794/1557/798 2808/2985/801 296/303/796
f 207/214/768 2797/2974/779 3795/1558/802 2807/2984/799
f 2797/2974/779 208/215/778 2809/2986/803 3795/1558/802
f 3795/1558/802 2809/2986/803 210/217/804 2810/2987/805
f 2807/2984/799 3795/1558/802 2810/2987/805 209/216/800
f 209/216/800 2811/2988/806 3796/1559/807 2808/2985/801
f 2811/2988/806 301/308/808 2812/2989/809 3796/1559/807
f 3796/1559/807 2812/2989/809 300/307/810 2813/2990/811
f 2808/2985/801 3796/1559/807 2813/2990/811 296/303/796
f 209/216/800 2810/2987/805 3797/1560/812 2811/2988/806
f 2810/2987/805 210/217/804 2814/2991/813 3797/1560/812
f 3797/1560/812 2814/2991/813 302/309/814 2815/2992/815
f 2811/2988/806 3797/1560/812 2815/2992/815 301/308/808
f 211/218/816 2816/2993/817 3798/1561/818 2819/2997/819
f 2816/2993/817 220/227/820 2817/2994/821 3798/1561/818
f 3798/1561/818 2817/2994/821 313/324/822 2818/2995/823
f 2819/2997/819 3798/1561/818 2818/2995/823 314/326/824
f 211/218/816 2820/2998/825 3799/1562/826 2816/2993/817
f 2820/2998/825 212/219/827 2821/2999/828 3799/1562/826
f 3799/1562/826 2821/2999/828 221/228/829 2822/3000/830
f 2816/2993/817 3799/1562/826 2822/3000/830 220/227/820
f 212/219/827 2823/3001/831 3800/1563/832 2821/2999/828
f 2823/3001/831 213/220/833 2824/3002/834 3800/1563/832
f 3800/1563/832 2824/3002/834 222/229/835 2825/3003/836
f 2821/2999/828 3800/1563/832 2825/3003/836 221/228/829
f 213/220/833 2826/3004/837 3801/1564/838 2824/3002/834
f 2826/3004/837 214/221/839 2827/3005/840 3801/1564/838
f 3801/1564/838 2827/3005/840 223/230/841 2828/3006/842
f 2824/3002/834 3801/1564/838 2828/3006/842 222/229/835
f 214/221/839 2829/3007/843 3802/1565/844 2827/3005/840
f 2829/3007/843 215/222/845 2830/3008/846 3802/1565/844
f 3802/1565/844 2830/3008/846 224/231/847 2831/3009/848
f 2827/3005/840 3802/1565/844 2831/3009/848 223/230/841
f 215/222/845 2832/3010/849 3803/1566/850 2830/3008/846
f 2832/3010/849 216/223/851 2833/3011/852 3803/1566/850
f 3803/1566/850 2833/3011/852 225/232/853 2834/3012/854
f 2830/3008/846 3803/1566/850 2834/3012/854 224/231/847
f 216/223/851 2835/3013/855 3804/1567/856 2833/3011/852
f 2835/3013/855 217/224/857 2836/3014/858 3804/1567/856
f 3804/1567/856 2836/3014/858 226/233/859 2837/3015/860
f 2833/3011/852 3804/1567/856 2837/3015/860 225/232/853
f 217/224/857 2838/3016/861 3805/1568/862 2836/3014/858
f 2838/3016/861 218/225/863 2839/3017/864 3805/1568/862
f 3805/1568/862 2839/3017/864 227/234/865 2840/3018/866
f 2836/3014/858 3805/1568/862 2840/3018/866 226/233/859
f 218/225/863 2841/3019/867 3806/1569/868 2839/3017/864
f 2841/3019/867 219/226/869 2842/3020/870 3806/1569/868
f 3806/1569/868 2842/3020/870 228/235/871 2843/3021/872
f 2839/3017/864 3806/1569/868 2843/3021/872 227/234/865
f 219/226/869 2844/3022/873 3807/1570/874 2842/3020/870
f 2844/3022/873 323/336/875 2845/3023/876 3807/1570/874
f 3807/1570/874 2845/3023/876 322/335/877 2846/3024/878
f 2842/3020/870 3807/1570/874 2846/3024/878 228/235/871
f 220/227/820 2847/3025/879 3808/1571/880 2817/2994/821
f 2847/3025/879 229/236/881 2848/3026/882 3808/1571/880
f 3808/1571/880 2848/3026/882 312/322/883 2849/3027/884
f 2817/2994/821 3808/1571/880 2849/3027/884 313/324/822
f 220/227/820 2822/3000/830 3809/1572/885 2847/3025/879
f 2822/3000/830 221/228/829 2850/3029/886 3809/1572/885
f 3809/1572/885 2850/3029/886 230/237/887 2851/3030/888
f 2847/3025/879 3809/1572/885 2851/3030/888 229/236/881
f 221/228/829 2825/3003/836 3810/1573/889 2850/3029/886
f 2825/3003/836 222/229/835 2852/3031/890 3810/1573/889
f 3810/1573/889 2852/3031/890 231/238/891 2853/3032/892
f 2850/3029/886 3810/1573/889 2853/3032/892 230/237/887
f 222/229/835 2828/3006/842 3811/1574/893 2852/3031/890
f 2828/3006/842 223/230/841 2854/3033/894 3811/1574/893
f 3811/1574/893 2854/3033/894 232/239/895 2855/3034/896
f 2852/3031/890 3811/1574/893 2855/3034/896 231/238/891
f 223/230/841 2831/3009/848 3812/1575/897 2854/3033/894
f 2831/3009/848 224/231/847 2856/3035/898 3812/1575/897
f 3812/1575/897 2856/3035/898 233/240/899 2857/3036/900
f 2854/3033/894 3812/1575/897 2857/3036/900 232/239/895
f 224/231/847 2834/3012/854 3813/1576/901 2856/3035/898
f 2834/3012/854 225/232/853 2858/3037/902 3813/1576/901
f 3813/1576/901 2858/3037/902 234/241/903 2859/3038/904
f 2856/3035/898 3813/1576/901 2859/3038/904 233/240/899
f 225/232/853 2837/3015/860 3814/1577/905 2858/3037/902
f 2837/3015/860 226/233/859 2860/3039/906 3814/1577/905
f 3814/1577/905 2860/3039/906 235/242/907 2861/3040/908
f 2858/3037/902 3814/1577/905 2861/3040/908 234/241/903
f 226/233/859 2840/3018/866 3815/1578/909 2860/3039/906
f 2840/3018/866 227/234/865 2862/3041/910 3815/1578/909
f 3815/1578/909 2862/3041/910 236/243/911 2863/3042/912
f 2860/3039/906 3815/1578/909 2863/3042/912 235/242/907
f 227/234/865 2843/3021/872 3816/1579/913 2862/3041/910
f 2843/3021/872 228/235/871 2864/3043/914 3816/1579/913
f 3816/1579/913 2864/3043/914 321/334/915 2865/3044/916
f 2862/3041/910 3816/1579/913 2865/3044/916 236/243/911
f 228/235/871 2846/3024/878 3817/1580/917 2864/3043/914
f 2846/3024/878 322/335/877 2866/3045/918 3817/1580/917
f 3817/1580/917 2866/3045/918 330/343/919 2867/3046/920
f 2864/3043/914 3817/1580/917 2867/3046/920 321/334/915
f 229/236/881 2851/3030/888 3818/1581/921 2870/3049/922
f 2851/3030/888 230/237/887 2868/3047/923 3818/1581/921
f 3818/1581/921 2868/3047/923 238/245/924 2869/3048/925
f 2870/3049/922 3818/1581/921 2869/3048/925 237/244/926
f 229/236/881 2870/3049/922 3819/1582/927 2848/3026/882
f 2870/3049/922 237/244/926 2871/3050/928 3819/1582/927
f 3819/1582/927 2871/3050/928 311/320/929 2872/3051/930
f 2848/3026/882 3819/1582/927 2872/3051/930 312/322/883
f 230/237/887 2853/3032/892 3820/1583/931 2868/3047/923
f 2853/3032/892 231/238/891 2873/3053/932 3820/1583/931
f 3820/1583/931 2873/3053/932 239/246/933 2874/3054/934
f 2868/3047/923 3820/1583/931 2874/3054/934 238/245/924
f 231/238/891 2855/3034/896 3821/1584/935 2873/3053/932
f 2855/3034/896 232/239/895 2875/3055/936 3821/1584/935
f 3821/1584/935 2875/3055/936 240/247/937 2876/3056/938
f 2873/3053/932 3821/1584/935 2876/3056/938 239/246/933
f 232/239/895 2857/3036/900 3822/1585/939 2875/3055/936
f 2857/3036/900 233/240/899 2877/3057/940 3822/1585/939
f 3822/1585/939 2877/3057/940 241/248/941 2878/3058/942
f 2875/3055/936 3822/1585/939 2878/3058/942 240/247/937
f 233/240/899 2859/3038/904 3823/1586/943 2877/3057/940
f 2859/3038/904 234/241/903 2879/3059/944 3823/1586/943
f 3823/1586/943 2879/3059/944 242/249/945 2880/3060/946
f 2877/3057/940 3823/1586/943 2880/3060/946 241/248/941
f 234/241/903 2861/3040/908 3824/1587/947 2879/3059/944
f 2861/3040/908 235/242/907 2881/3061/948 3824/1587/947
f 3824/1587/947 2881/3061/948 243/250/949 2882/3062/950
f 2879/3059/944 3824/1587/947 2882/3062/950 242/249/945
f 235/242/907 2863/3042/912 3825/1588/951 2881/3061/948
f 2863/3042/912 236/243/911 2883/3063/952 3825/1588/951
f 3825/1588/951 2883/3063/952 319/332/953 2884/3064/954
f 2881/3061/948 3825/1588/951 2884/3064/954 243/250/949
f 236/243/911 2865/3044/916 3826/1589/955 2883/3063/952
f 2865/3044/916 321/334/915 2885/3065/956 3826/1589/955
f 3826/1589/955 2885/3065/956 320/333/957 2886/3066/958
f 2883/3063/952 3826/1589/955 2886/3066/958 319/332/953
f 237/244/926 2869/3048/925 3827/1590/959 2889/3069/960
f 2869/3048/925 238/245/924 2887/3067/961 3827/1590/959
f 3827/1590/959 2887/3067/961 245/252/962 2888/3068/963
f 2889/3069/960 3827/1590/959 2888/3068/963 244/251/964
f 237/244/926 2889/3069/960 3828/1591/965 2871/3050/928
f 2889/3069/960 244/251/964 2890/3070/966 3828/1591/965
f 3828/1591/965 2890/3070/966 310/318/967 2891/3071/968
f 2871/3050/928 3828/1591/965 2891/3071/968 311/320/929
f 238/245/924 2874/3054/934 3829/1592/969 2887/3067/961
f 2874/3054/934 239/246/933 2892/3073/970 3829/1592/969
f 3829/1592/969 2892/3073/970 246/253/971 2893/3074/972
f 2887/3067/961 3829/1592/969 2893/3074/972 245/252/962
f 239/246/933 2876/3056/938 3830/1593/973 2892/3073/970
f 2876/3056/938 240/247/937 2894/3075/974 3830/1593/973
f 3830/1593/973 2894/3075/974 247/254/975 2895/3076/976
f 2892/3073/970 3830/1593/973 2895/3076/976 246/253/971
f 240/247/937 2878/3058/942 3831/1594/977 2894/3075/974
f 2878/3058/942 241/248/941 2896/3077/978 3831/1594/977
f 3831/1594/977 2896/3077/978 248/255/979 2897/3078/980
f 2894/3075/974 3831/1594/977 2897/3078/980 247/254/975
f 241/248/941 2880/3060/946 3832/1595/981 2896/3077/978
f 2880/3060/946 242/249/945 2898/3079/982 3832/1595/981
f 3832/1595/981 2898/3079/982 249/256/983 2899/3080/984
f 2896/3077/978 3832/1595/981 2899/3080/984 248/255/979
f 242/249/945 2882/3062/950 3833/1596/985 2898/3079/982
f 2882/3062/950 243/250/949 2900/3081/986 3833/1596/985
f 3833/1596/985 2900/3081/986 317/330/987 2901/3082/988
f 2898/3079/982 3833/1596/985 2901/3082/988 249/256/983
f 243/250/949 2884/3064/954 3834/1597/989 2900/3081/986
f 2884/3064/954 319/332/953 2902/3083/990 3834/1597/989
f 3834/1597/989 2902/3083/990 318/331/991 2903/3084/992
f 2900/3081/986 3834/1597/989 2903/3084/992 317/330/987
f 244/251/964 2888/3068/963 3835/1598/993 2906/3087/994
f 2888/3068/963 245/252/962 2904/3085/995 3835/1598/993
f 3835/1598/993 2904/3085/995 251/258/996 2905/3086/997
f 2906/3087/994 3835/1598/993 2905/3086/997 250/257/998
f 244/251/964 2906/3087/994 3836/1599/999 2890/3070/966
f 2906/3087/994 250/257/998 2907/3088/1000 3836/1599/999
f 3836/1599/999 2907/3088/1000 309/316/1001 2908/3089/1002
f 2890/3070/966 3836/1599/999 2908/3089/1002 310/318/967
f 245/252/962 2893/3074/972 3837/1600/1003 2904/3085/995
f 2893/3074/972 246/253/971 2909/3091/1004 3837/1600/1003
f 3837/1600/1003 2909/3091/1004 252/259/1005 2910/3092/1006
f 2904/3085/995 3837/1600/1003 2910/3092/1006 251/258/996
f 246/253/971 2895/3076/976 3838/1601/1007 2909/3091/1004
f 2895/3076/976 247/254/975 2911/3093/1008 3838/1601/1007
f 3838/1601/1007 2911/3093/1008 253/260/1009 2912/3094/1010
f 2909/3091/1004 3838/1601/1007 2912/3094/1010 252/259/1005
f 247/254/975 2897/3078/980 3839/1602/1011 2911/3093/1008
f 2897/3078/980 248/255/979 2913/3095/1012 3839/1602/1011
f 3839/1602/1011 2913/3095/1012 254/261/1013 2914/3096/1014
f 2911/3093/1008 3839/1602/1011 2914/3096/1014 253/260/1009
f 248/255/979 2899/3080/984 3840/1603/1015 2913/3095/1012
f 2899/3080/984 249/256/983 2915/3097/1016 3840/1603/1015
f 3840/1603/1015 2915/3097/1016 315/328/1017 2916/3098/1018
f 2913/3095/1012 3840/1603/1015 2916/3098/1018 254/261/1013
f 249/256/983 2901/3082/988 3841/1604/1019 2915/3097/1016
f 2901/3082/988 317/330/987 2917/3099/1020 3841/1604/1019
f 3841/1604/1019 2917/3099/1020 316/329/1021 2918/3100/1022
f 2915/3097/1016 3841/1604/1019 2918/3100/1022 315/328/1017
f 255/262/1023 2919/3101/1024 3842/1605/1025 2922/3104/1026
f 2919/3101/1024 258/265/1027 2920/3102/1028 3842/1605/1025
f 3842/1605/1025 2920/3102/1028 257/264/1029 2921/3103/1030
f 2922/3104/1026 3842/1605/1025 2921/3103/1030 359/372/1031
f 255/262/1023 2922/3104/1026 3843/1606/1032 2925/3107/1033
f 2922/3104/1026 359/372/1031 2923/3105/1034 3843/1606/1032
f 3843/1606/1032 2923/3105/1034 353/366/1035 2924/3106/1036
f 2925/3107/1033 3843/1606/1032 2924/3106/1036 354/367/1037
f 256/263/1038 2926/3108/1039 3844/1607/1040 2929/3111/1041
f 2926/3108/1039 260/267/1042 2927/3109/1043 3844/1607/1040
f 3844/1607/1040 2927/3109/1043 259/266/1044 2928/3110/1045
f 2929/3111/1041 3844/1607/1040 2928/3110/1045 362/375/1046
f 256/263/1038 2929/3111/1041 3845/1608/1047 2932/3114/1048
f 2929/3111/1041 362/375/1046 2930/3112/1049 3845/1608/1047
f 3845/1608/1047 2930/3112/1049 357/370/1050 2931/3113/1051
f 2932/3114/1048 3845/1608/1047 2931/3113/1051 358/371/1052
f 256/263/1038 2932/3114/1048 3846/1609/1053 2934/3116/1054
f 2932/3114/1048 358/371/1052 2933/3115/1055 3846/1609/1053
f 3846/1609/1053 2933/3115/1055 359/372/1031 2921/3103/1030
f 2934/3116/1054 3846/1609/1053 2921/3103/1030 257/264/1029
f 256/263/1038 2934/3116/1054 3847/1610/1056 2926/3108/1039
f 2934/3116/1054 257/264/1029 2935/3117/1057 3847/1610/1056
f 3847/1610/1056 2935/3117/1057 261/268/1058 2936/3118/1059
f 2926/3108/1039 3847/1610/1056 2936/3118/1059 260/267/1042
f 257/264/1029 2920/3102/1028 3848/1611/1060 2935/3117/1057
f 2920/3102/1028 258/265/1027 2937/3119/1061 3848/1611/1060
f 3848/1611/1060 2937/3119/1061 262/269/1062 2938/3120/1063
f 2935/3117/1057 3848/1611/1060 2938/3120/1063 261/268/1058
f 259/266/1044 2927/3109/1043 3849/1612/1064 2941/3123/1065
f 2927/3109/1043 260/267/1042 2939/3121/1066 3849/1612/1064
f 3849/1612/1064 2939/3121/1066 266/273/1067 2940/3122/1068
f 2941/3123/1065 3849/1612/1064 2940/3122/1068 265/272/1069
f 259/266/1044 2941/3123/1065 3850/1613/1070 2944/3126/1071
f 2941/3123/1065 265/272/1069 2942/3124/1072 3850/1613/1070
f 3850/1613/1070 2942/3124/1072 264/271/1073 2943/3125/1074
f 2944/3126/1071 3850/1613/1070 2943/3125/1074 364/377/1075
f 259/266/1044 2944/3126/1071 3851/1614/1076 2928/3110/1045
f 2944/3126/1071 364/377/1075 2945/3127/1077 3851/1614/1076
f 3851/1614/1076 2945/3127/1077 361/374/1078 2946/3128/1079
f 2928/3110/1045 3851/1614/1076 2946/3128/1079 362/375/1046
f 260/267/1042 2936/3118/1059 3852/1615/1080 2939/3121/1066
f 2936/3118/1059 261/268/1058 2947/3129/1081 3852/1615/1080
f 3852/1615/1080 2947/3129/1081 267/274/1082 2948/3130/1083
f 2939/3121/1066 3852/1615/1080 2948/3130/1083 266/273/1067
f 261/268/1058 2938/3120/1063 3853/1616/1084 2947/3129/1081
f 2938/3120/1063 262/269/1062 2949/3131/1085 3853/1616/1084
f 3853/1616/1084 2949/3131/1085 268/275/1086 2950/3132/1087
f 2947/3129/1081 3853/1616/1084 2950/3132/1087 267/274/1082
f 263/270/1088 2951/3133/1089 3854/1617/1090 2953/3135/1091
f 2951/3133/1089 363/376/1092 2952/3134/1093 3854/1617/1090
f 3854/1617/1090 2952/3134/1093 364/377/1075 2943/3125/1074
f 2953/3135/1091 3854/1617/1090 2943/3125/1074 264/271/1073
f 263/270/1088 2953/3135/1091 3855/1618/1094 2956/3138/1095
f 2953/3135/1091 264/271/1073 2954/3136/1096 3855/1618/1094
f 3855/1618/1094 2954/3136/1096 270/277/1097 2955/3137/1098
f 2956/3138/1095 3855/1618/1094 2955/3137/1098 269/276/1099
f 264/271/1073 2942/3124/1072 3856/1619/1100 2954/3136/1096
f 2942/3124/1072 265/272/1069 2957/3139/1101 3856/1619/1100
f 3856/1619/1100 2957/3139/1101 271/278/1102 2958/3140/1103
f 2954/3136/1096 3856/1619/1100 2958/3140/1103 270/277/1097
f 265/272/1069 2940/3122/1068 3857/1620/1104 2957/3139/1101
f 2940/3122/1068 266/273/1067 2959/3141/1105 3857/1620/1104
f 3857/1620/1104 2959/3141/1105 272/279/1106 2960/3142/1107
f 2957/3139/1101 3857/1620/1104 2960/3142/1107 271/278/1102
f 266/273/1067 2948/3130/1083 3858/1621/1108 2959/3141/1105
f 2948/3130/1083 267/274/1082 2961/3143/1109 3858/1621/1108
f 3858/1621/1108 2961/3143/1109 273/280/1110 2962/3144/1111
f 2959/3141/1105 3858/1621/1108 2962/3144/1111 272/279/1106
f 267/274/1082 2950/3132/1087 3859/1622/1112 2961/3143/1109
f 2950/3132/1087 268/275/1086 2963/3145/1113 3859/1622/1112
f 3859/1622/1112 2963/3145/1113 274/281/1114 2964/3146/1115
f 2961/3143/1109 3859/1622/1112 2964/3146/1115 273/280/1110
f 269/276/1099 2955/3137/1098 3860/1623/1116 2967/3149/1117
f 2955/3137/1098 270/277/1097 2965/3147/1118 3860/1623/1116
f 3860/1623/1116 2965/3147/1118 276/283/1119 2966/3148/1120
f 2967/3149/1117 3860/1623/1116 2966/3148/1120 275/282/1121
f 270/277/1097 2958/3140/1103 3861/1624/1122 2965/3147/1118
f 2958/3140/1103 271/278/1102 2968/3150/1123 3861/1624/1122
f 3861/1624/1122 2968/3150/1123 277/284/1124 2969/3151/1125
f 2965/3147/1118 3861/1624/1122 2969/3151/1125 276/283/1119
f 271/278/1102 2960/3142/1107 3862/1625/1126 2968/3150/1123
f 2960/3142/1107 272/279/1106 2970/3152/1127 3862/1625/1126
f 3862/1625/1126 2970/3152/1127 278/285/1128 2971/3153/1129
f 2968/3150/1123 3862/1625/1126 2971/3153/1129 277/284/1124
f 272/279/1106 2962/3144/1111 3863/1626/1130 2970/3152/1127
f 2962/3144/1111 273/280/1110 2972/3154/1131 3863/1626/1130
f 3863/1626/1130 2972/3154/1131 279/286/1132 2973/3155/1133
f 2970/3152/1127 3863/1626/1130 2973/3155/1133 278/285/1128
f 273/280/1110 2964/3146/1115 3864/1627/1134 2972/3154/1131
f 2964/3146/1115 274/281/1114 2974/3156/1135 3864/1627/1134
f 3864/1627/1134 2974/3156/1135 280/287/1136 2975/3157/1137
f 2972/3154/1131 3864/1627/1134 2975/3157/1137 279/286/1132
f 275/282/1121 2966/3148/1120 3865/1628/1138 2978/3160/1139
f 2966/3148/1120 276/283/1119 2976/3158/1140 3865/1628/1138
f 3865/1628/1138 2976/3158/1140 282/289/1141 2977/3159/1142
f 2978/3160/1139 3865/1628/1138 2977/3159/1142 281/288/1143
f 276/283/1119 2969/3151/1125 3866/1629/1144 2976/3158/1140
f 2969/3151/1125 277/284/1124 2979/3161/1145 3866/1629/1144
f 3866/1629/1144 2979/3161/1145 283/290/1146 2980/3162/1147
f 2976/3158/1140 3866/1629/1144 2980/3162/1147 282/289/1141
f 277/284/1124 2971/3153/1129 3867/1630/1148 2979/3161/1145
f 2971/3153/1129 278/285/1128 2981/3163/1149 3867/1630/1148
f 3867/1630/1148 2981/3163/1149 284/291/1150 2982/3164/1151
f 2979/3161/1145 3867/1630/1148 2982/3164/1151 283/290/1146
f 278/285/1128 2973/3155/1133 3868/1631/1152 2981/3163/1149
f 2973/3155/1133 279/286/1132 2983/3165/1153 3868/1631/1152
f 3868/1631/1152 2983/3165/1153 285/292/1154 2984/3166/1155
f 2981/3163/1149 3868/1631/1152 2984/3166/1155 284/291/1150
f 279/286/1132 2975/3157/1137 3869/1632/1156 2983/3165/1153
f 2975/3157/1137 280/287/1136 2985/3167/1157 3869/1632/1156
f 3869/1632/1156 2985/3167/1157 286/293/1158 2986/3168/1159
f 2983/3165/1153 3869/1632/1156 2986/3168/1159 285/292/1154
f 281/288/1143 2977/3159/1142 3870/1633/1160 2988/3170/1161
f 2977/3159/1142 282/289/1141 2987/3169/1162 3870/1633/1160
f 3870/1633/1160 2987/3169/1162 288/295/742 2778/2955/741
f 2988/3170/1161 3870/1633/1160 2778/2955/741 287/294/740
f 282/289/1141 2980/3162/1147 3871/1634/1163 2987/3169/1162
f 2980/3162/1147 283/290/1146 2989/3171/1164 3871/1634/1163
f 3871/1634/1163 2989/3171/1164 289/296/752 2783/2960/751
f 2987/3169/1162 3871/1634/1163 2783/2960/751 288/295/742
f 283/290/1146 2982/3164/1151 3872/1635/1165 2989/3171/1164
f 2982/3164/1151 284/291/1150 2990/3172/1166 3872/1635/1165
f 3872/1635/1165 2990/3172/1166 290/297/762 2788/2965/761
f 2989/3171/1164 3872/1635/1165 2788/2965/761 289/296/752
f 284/291/1150 2984/3166/1155 3873/1636/1167 2990/3172/1166
f 2984/3166/1155 285/292/1154 2991/3173/1168 3873/1636/1167
f 3873/1636/1167 2991/3173/1168 291/298/772 2793/2970/771
f 2990/3172/1166 3873/1636/1167 2793/2970/771 290/297/762
f 285/292/1154 2986/3168/1159 3874/1637/1169 2991/3173/1168
f 2986/3168/1159 286/293/1158 2992/3174/1170 3874/1637/1169
f 3874/1637/1169 2992/3174/1170 292/299/782 2798/2975/781
f 2991/3173/1168 3874/1637/1169 2798/2975/781 291/298/772
f 293/300/789 2801/2978/788 3875/1638/1171 2995/3177/1172
f 2801/2978/788 294/301/787 2993/3175/1173 3875/1638/1171
f 3875/1638/1171 2993/3175/1173 298/305/1174 2994/3176/1175
f 2995/3177/1172 3875/1638/1171 2994/3176/1175 297/304/1176
f 294/301/787 2804/2981/793 3876/1639/1177 2993/3175/1173
f 2804/2981/793 295/302/792 2996/3178/1178 3876/1639/1177
f 3876/1639/1177 2996/3178/1178 299/306/1179 2997/3179/1180
f 2993/3175/1173 3876/1639/1177 2997/3179/1180 298/305/1174
f 295/302/792 2806/2983/797 3877/1640/1181 2996/3178/1178
f 2806/2983/797 296/303/796 2813/2990/811 3877/1640/1181
f 3877/1640/1181 2813/2990/811 300/307/810 2998/3180/1182
f 2996/3178/1178 3877/1640/1181 2998/3180/1182 299/306/1179
f 297/304/1176 2994/3176/1175 3878/1641/1183 3001/3183/1184
f 2994/3176/1175 298/305/1174 2999/3181/1185 3878/1641/1183
f 3878/1641/1183 2999/3181/1185 304/311/1186 3000/3182/1187
f 3001/3183/1184 3878/1641/1183 3000/3182/1187 303/310/1188
f 298/305/1174 2997/3179/1180 3879/1642/1189 2999/3181/1185
f 2997/3179/1180 299/306/1179 3002/3184/1190 3879/1642/1189
f 3879/1642/1189 3002/3184/1190 305/312/1191 3003/3185/1192
f 2999/3181/1185 3879/1642/1189 3003/3185/1192 304/311/1186
f 299/306/1179 2998/3180/1182 3880/1643/1193 3002/3184/1190
f 2998/3180/1182 300/307/810 3004/3186/1194 3880/1643/1193
f 3880/1643/1193 3004/3186/1194 306/313/1195 3005/3187/1196
f 3002/3184/1190 3880/1643/1193 3005/3187/1196 305/312/1191
f 300/307/810 2812/2989/809 3881/1644/1197 3004/3186/1194
f 2812/2989/809 301/308/808 3006/3188/1198 3881/1644/1197
f 3881/1644/1197 3006/3188/1198 307/314/1199 3007/3189/1200
f 3004/3186/1194 3881/1644/1197 3007/3189/1200 306/313/1195
f 301/308/808 2815/2992/815 3882/1645/1201 3006/3188/1198
f 2815/2992/815 302/309/814 3008/3190/1202 3882/1645/1201
f 3882/1645/1201 3008/3190/1202 308/315/1203 3009/3191/1204
f 3006/3188/1198 3882/1645/1201 3009/3191/1204 307/314/1199
f 303/310/1188 3000/3182/1187 3883/1646/1205 3011/3193/1206
f 3000/3182/1187 304/311/1186 3010/3192/1207 3883/1646/1205
f 3883/1646/1205 3010/3192/1207 310/319/967 2908/3090/1002
f 3011/3193/1206 3883/1646/1205 2908/3090/1002 309/317/1001
f 304/311/1186 3003/3185/1192 3884/1647/1208 3010/3192/1207
f 3003/3185/1192 305/312/1191 3012/3194/1209 3884/1647/1208
f 3884/1647/1208 3012/3194/1209 311/321/929 2891/3072/968
f 3010/3192/1207 3884/1647/1208 2891/3072/968 310/319/967
f 305/312/1191 3005/3187/1196 3885/1648/1210 3012/3194/1209
f 3005/3187/1196 306/313/1195 3013/3195/1211 3885/1648/1210
f 3885/1648/1210 3013/3195/1211 312/323/883 2872/3052/930
f 3012/3194/1209 3885/1648/1210 2872/3052/930 311/321/929
f 306/313/1195 3007/3189/1200 3886/1649/1212 3013/3195/1211
f 3007/3189/1200 307/314/1199 3014/3196/1213 3886/1649/1212
f 3886/1649/1212 3014/3196/1213 313/325/822 2849/3028/884
f 3013/3195/1211 3886/1649/1212 2849/3028/884 312/323/883
f 307/314/1199 3009/3191/1204 3887/1650/1214 3014/3196/1213
f 3009/3191/1204 308/315/1203 3015/3197/1215 3887/1650/1214
f 3887/1650/1214 3015/3197/1215 314/327/824 2818/2996/823
f 3014/3196/1213 3887/1650/1214 2818/2996/823 313/325/822
f 316/329/1021 2917/3099/1020 3888/1651/1216 3017/3199/1217
f 2917/3099/1020 317/330/987 2903/3084/992 3888/1651/1216
f 3888/1651/1216 2903/3084/992 318/331/991 3016/3198/1218
f 3017/3199/1217 3888/1651/1216 3016/3198/1218 324/337/1219
f 318/331/991 2902/3083/990 3889/1652/1220 3019/3201/1221
f 2902/3083/990 319/332/953 2886/3066/958 3889/1652/1220
f 3889/1652/1220 2886/3066/958 320/333/957 3018/3200/1222
f 3019/3201/1221 3889/1652/1220 3018/3200/1222 326/339/1223
f 318/331/991 3019/3201/1221 3890/1653/1224 3016/3198/1218
f 3019/3201/1221 326/339/1223 3020/3202/1225 3890/1653/1224
f 3890/1653/1224 3020/3202/1225 325/338/1226 3021/3203/1227
f 3016/3198/1218 3890/1653/1224 3021/3203/1227 324/337/1219
f 320/333/957 3022/3204/1228 3891/1654/1229 3018/3200/1222
f 3022/3204/1228 329/342/1230 3023/3205/1231 3891/1654/1229
f 3891/1654/1229 3023/3205/1231 328/341/1232 3024/3206/1233
f 3018/3200/1222 3891/1654/1229 3024/3206/1233 326/339/1223
f 320/333/957 2885/3065/956 3892/1655/1234 3022/3204/1228
f 2885/3065/956 321/334/915 2867/3046/920 3892/1655/1234
f 3892/1655/1234 2867/3046/920 330/343/919 3025/3207/1235
f 3022/3204/1228 3892/1655/1234 3025/3207/1235 329/342/1230
f 322/335/877 3026/3208/1236 3893/1656/1237 2866/3045/918
f 3026/3208/1236 335/348/1238 3027/3209/1239 3893/1656/1237
f 3893/1656/1237 3027/3209/1239 334/347/1240 3028/3210/1241
f 2866/3045/918 3893/1656/1237 3028/3210/1241 330/343/919
f 322/335/877 2845/3023/876 3894/1657/1242 3026/3208/1236
f 2845/3023/876 323/336/875 3029/3211/1243 3894/1657/1242
f 3894/1657/1242 3029/3211/1243 336/349/1244 3030/3212/1245
f 3026/3208/1236 3894/1657/1242 3030/3212/1245 335/348/1238
f 325/338/1226 3020/3202/1225 3895/1658/1246 3032/3214/1247
f 3020/3202/1225 326/339/1223 3024/3206/1233 3895/1658/1246
f 3895/1658/1246 3024/3206/1233 328/341/1232 3031/3213/1248
f 3032/3214/1247 3895/1658/1246 3031/3213/1248 327/340/1249
f 327/340/1249 3031/3213/1248 3896/1659/1250 3035/3217/1251
f 3031/3213/1248 328/341/1232 3033/3215/1252 3896/1659/1250
f 3896/1659/1250 3033/3215/1252 332/345/1253 3034/3216/1254
f 3035/3217/1251 3896/1659/1250 3034/3216/1254 331/344/1255
f 328/341/1232 3023/3205/1231 3897/1660/1256 3033/3215/1252
f 3023/3205/1231 329/342/1230 3036/3218/1257 3897/1660/1256
f 3897/1660/1256 3036/3218/1257 333/346/1258 3037/3219/1259
f 3033/3215/1252 3897/1660/1256 3037/3219/1259 332/345/1253
f 329/342/1230 3025/3207/1235 3898/1661/1260 3036/3218/1257
f 3025/3207/1235 330/343/919 3028/3210/1241 3898/1661/1260
f 3898/1661/1260 3028/3210/1241 334/347/1240 3038/3220/1261
f 3036/3218/1257 3898/1661/1260 3038/3220/1261 333/346/1258
f 331/344/1255 3034/3216/1254 3899/1662/1262 3041/3223/1263
f 3034/3216/1254 332/345/1253 3039/3221/1264 3899/1662/1262
f 3899/1662/1262 3039/3221/1264 338/351/1265 3040/3222/1266
f 3041/3223/1263 3899/1662/1262 3040/3222/1266 337/350/1267
f 332/345/1253 3037/3219/1259 3900/1663/1268 3039/3221/1264
f 3037/3219/1259 333/346/1258 3042/3224/1269 3900/1663/1268
f 3900/1663/1268 3042/3224/1269 339/352/1270 3043/3225/1271
f 3039/3221/1264 3900/1663/1268 3043/3225/1271 338/351/1265
f 333/346/1258 3038/3220/1261 3901/1664/1272 3042/3224/1269
f 3038/3220/1261 334/347/1240 3044/3226/1273 3901/1664/1272
f 3901/1664/1272 3044/3226/1273 340/353/1274 3045/3227/1275
f 3042/3224/1269 3901/1664/1272 3045/3227/1275 339/352/1270
f 334/347/1240 3027/3209/1239 3902/1665/1276 3044/3226/1273
f 3027/3209/1239 335/348/1238 3046/3228/1277 3902/1665/1276
f 3902/1665/1276 3046/3228/1277 341/354/1278 3047/3229/1279
f 3044/3226/1273 3902/1665/1276 3047/3229/1279 340/353/1274
f 335/348/1238 3030/3212/1245 3903/1666/1280 3046/3228/1277
f 3030/3212/1245 336/349/1244 3048/3230/1281 3903/1666/1280
f 3903/1666/1280 3048/3230/1281 342/355/1282 3049/3231/1283
f 3046/3228/1277 3903/1666/1280 3049/3231/1283 341/354/1278
f 337/350/1267 3040/3222/1266 3904/1667/1284 3052/3234/1285
f 3040/3222/1266 338/351/1265 3050/3232/1286 3904/1667/1284
f 3904/1667/1284 3050/3232/1286 344/357/1287 3051/3233/1288
f 3052/3234/1285 3904/1667/1284 3051/3233/1288 343/356/1289
f 338/351/1265 3043/3225/1271 3905/1668/1290 3050/3232/1286
f 3043/3225/1271 339/352/1270 3053/3235/1291 3905/1668/1290
f 3905/1668/1290 3053/3235/1291 345/358/1292 3054/3236/1293
f 3050/3232/1286 3905/1668/1290 3054/3236/1293 344/357/1287
f 339/352/1270 3045/3227/1275 3906/1669/1294 3053/3235/1291
f 3045/3227/1275 340/353/1274 3055/3237/1295 3906/1669/1294
f 3906/1669/1294 3055/3237/1295 346/359/1296 3056/3238/1297
f 3053/3235/1291 3906/1669/1294 3056/3238/1297 345/358/1292
f 340/353/1274 3047/3229/1279 3907/1670/1298 3055/3237/1295
f 3047/3229/1279 341/354/1278 3057/3239/1299 3907/1670/1298
f 3907/1670/1298 3057/3239/1299 347/360/1300 3058/3240/1301
f 3055/3237/1295 3907/1670/1298 3058/3240/1301 346/359/1296
f 341/354/1278 3049/3231/1283 3908/1671/1302 3057/3239/1299
f 3049/3231/1283 342/355/1282 3059/3241/1303 3908/1671/1302
f 3908/1671/1302 3059/3241/1303 348/361/1304 3060/3242/1305
f 3057/3239/1299 3908/1671/1302 3060/3242/1305 347/360/1300
f 343/356/1289 3051/3233/1288 3909/1672/1306 3063/3245/1307
f 3051/3233/1288 344/357/1287 3061/3243/1308 3909/1672/1306
f 3909/1672/1306 3061/3243/1308 350/363/1309 3062/3244/1310
f 3063/3245/1307 3909/1672/1306 3062/3244/1310 349/362/1311
f 344/357/1287 3054/3236/1293 3910/1673/1312 3061/3243/1308
f 3054/3236/1293 345/358/1292 3064/3246/1313 3910/1673/1312
f 3910/1673/1312 3064/3246/1313 351/364/1314 3065/3247/1315
f 3061/3243/1308 3910/1673/1312 3065/3247/1315 350/363/1309
f 345/358/1292 3056/3238/1297 3911/1674/1316 3064/3246/1313
f 3056/3238/1297 346/359/1296 3066/3248/1317 3911/1674/1316
f 3911/1674/1316 3066/3248/1317 352/365/1318 3067/3249/1319
f 3064/3246/1313 3911/1674/1316 3067/3249/1319 351/364/1314
f 346/359/1296 3058/3240/1301 3912/1675/1320 3066/3248/1317
f 3058/3240/1301 347/360/1300 3068/3250/1321 3912/1675/1320
f 3912/1675/1320 3068/3250/1321 353/366/1035 3069/3251/1322
f 3066/3248/1317 3912/1675/1320 3069/3251/1322 352/365/1318
f 347/360/1300 3060/3242/1305 3913/1676/1323 3068/3250/1321
f 3060/3242/1305 348/361/1304 3070/3252/1324 3913/1676/1323
f 3913/1676/1323 3070/3252/1324 354/367/1037 2924/3106/1036
f 3068/3250/1321 3913/1676/1323 2924/3106/1036 353/366/1035
f 349/362/1311 3062/3244/1310 3914/1677/1325 3073/3255/1326
f 3062/3244/1310 350/363/1309 3071/3253/1327 3914/1677/1325
f 3914/1677/1325 3071/3253/1327 356/369/1328 3072/3254/1329
f 3073/3255/1326 3914/1677/1325 3072/3254/1329 355/368/1330
f 350/363/1309 3065/3247/1315 3915/1678/1331 3071/3253/1327
f 3065/3247/1315 351/364/1314 3074/3256/1332 3915/1678/1331
f 3915/1678/1331 3074/3256/1332 357/370/1050 3075/3257/1333
f 3071/3253/1327 3915/1678/1331 3075/3257/1333 356/369/1328
f 351/364/1314 3067/3249/1319 3916/1679/1334 3074/3256/1332
f 3067/3249/1319 352/365/1318 3076/3258/1335 3916/1679/1334
f 3916/1679/1334 3076/3258/1335 358/371/1052 2931/3113/1051
f 3074/3256/1332 3916/1679/1334 2931/3113/1051 357/370/1050
f 352/365/1318 3069/3251/1322 3917/1680/1336 3076/3258/1335
f 3069/3251/1322 353/366/1035 2923/3105/1034 3917/1680/1336
f 3917/1680/1336 2923/3105/1034 359/372/1031 2933/3115/1055
f 3076/3258/1335 3917/1680/1336 2933/3115/1055 358/371/1052
f 355/368/1330 3072/3254/1329 3918/1681/1337 3079/3261/1338
f 3072/3254/1329 356/369/1328 3077/3259/1339 3918/1681/1337
f 3918/1681/1337 3077/3259/1339 361/374/1078 3078/3260/1340
f 3079/3261/1338 3918/1681/1337 3078/3260/1340 360/373/1341
f 356/369/1328 3075/3257/1333 3919/1682/1342 3077/3259/1339
f 3075/3257/1333 357/370/1050 2930/3112/1049 3919/1682/1342
f 3919/1682/1342 2930/3112/1049 362/375/1046 2946/3128/1079
f 3077/3259/1339 3919/1682/1342 2946/3128/1079 361/374/1078
f 360/373/1341 3078/3260/1340 3920/1683/1343 3080/3262/1344
f 3078/3260/1340 361/374/1078 2945/3127/1077 3920/1683/1343
f 3920/1683/1343 2945/3127/1077 364/377/1075 2952/3134/1093
f 3080/3262/1344 3920/1683/1343 2952/3134/1093 363/376/1092
f 1/1/1 2415/2586/11 3921/1684/1345 3082/3264/1346
f 2415/2586/11 111/111/15 3081/3263/1347 3921/1684/1345
f 3921/1684/1345 3081/3263/1347 287/294/740 2777/2954/738
f 3082/3264/1346 3921/1684/1345 2777/2954/738 197/204/729
f 111/111/15 2671/2848/528 3922/1685/1348 3081/3263/1347
f 2671/2848/528 104/104/504 3083/3265/1349 3922/1685/1348
f 3922/1685/1348 3083/3265/1349 281/288/1143 2988/3170/1161
f 3081/3263/1347 3922/1685/1348 2988/3170/1161 287/294/740
f 104/104/504 2658/2835/502 3923/1686/1350 3083/3265/1349
f 2658/2835/502 97/97/478 3084/3266/1351 3923/1686/1350
f 3923/1686/1350 3084/3266/1351 275/282/1121 2978/3160/1139
f 3083/3265/1349 3923/1686/1350 2978/3160/1139 281/288/1143
f 97/97/478 2645/2822/476 3924/1687/1352 3084/3266/1351
f 2645/2822/476 90/90/452 3085/3267/1353 3924/1687/1352
f 3924/1687/1352 3085/3267/1353 269/276/1099 2967/3149/1117
f 3084/3266/1351 3924/1687/1352 2967/3149/1117 275/282/1121
f 90/90/452 2632/2809/450 3925/1688/1354 3085/3267/1353
f 2632/2809/450 83/83/444 3086/3268/1355 3925/1688/1354
f 3925/1688/1354 3086/3268/1355 263/270/1088 2956/3138/1095
f 3085/3267/1353 3925/1688/1354 2956/3138/1095 269/276/1099
f 83/83/444 2631/2808/447 3926/1689/1356 3086/3268/1355
f 2631/2808/447 195/202/449 3087/3269/1357 3926/1689/1356
f 3926/1689/1356 3087/3269/1357 363/376/1092 2951/3133/1089
f 3086/3268/1355 3926/1689/1356 2951/3133/1089 263/270/1088
f 195/202/449 2772/2949/727 3927/1690/1358 3087/3269/1357
f 2772/2949/727 192/199/723 3088/3270/1359 3927/1690/1358
f 3927/1690/1358 3088/3270/1359 360/373/1341 3080/3262/1344
f 3087/3269/1357 3927/1690/1358 3080/3262/1344 363/376/1092
f 192/199/723 2769/2946/721 3928/1691/1360 3088/3270/1359
f 2769/2946/721 187/194/711 3089/3271/1361 3928/1691/1360
f 3928/1691/1360 3089/3271/1361 355/368/1330 3079/3261/1338
f 3088/3270/1359 3928/1691/1360 3079/3261/1338 360/373/1341
f 187/194/711 2763/2940/709 3929/1692/1362 3089/3271/1361
f 2763/2940/709 180/187/690 3090/3272/1363 3929/1692/1362
f 3929/1692/1362 3090/3272/1363 349/362/1311 3073/3255/1326
f 3089/3271/1361 3929/1692/1362 3073/3255/1326 355/368/1330
f 180/187/690 2752/2929/688 3930/1693/1364 3090/3272/1363
f 2752/2929/688 173/180/664 3091/3273/1365 3930/1693/1364
f 3930/1693/1364 3091/3273/1365 343/356/1289 3063/3245/1307
f 3090/3272/1363 3930/1693/1364 3063/3245/1307 349/362/1311
f 173/180/664 2739/2916/662 3931/1694/1366 3091/3273/1365
f 2739/2916/662 166/173/644 3092/3274/1367 3931/1694/1366
f 3931/1694/1366 3092/3274/1367 337/350/1267 3052/3234/1285
f 3091/3273/1365 3931/1694/1366 3052/3234/1285 343/356/1289
f 166/173/644 2729/2906/642 3932/1695/1368 3092/3274/1367
f 2729/2906/642 160/167/632 3093/3275/1369 3932/1695/1368
f 3932/1695/1368 3093/3275/1369 331/344/1255 3041/3223/1263
f 3092/3274/1367 3932/1695/1368 3041/3223/1263 337/350/1267
f 160/167/632 2723/2900/630 3933/1696/1370 3093/3275/1369
f 2723/2900/630 156/163/628 3094/3276/1371 3933/1696/1370
f 3933/1696/1370 3094/3276/1371 327/340/1249 3035/3217/1251
f 3093/3275/1369 3933/1696/1370 3035/3217/1251 331/344/1255
f 156/163/628 2721/2898/626 3934/1697/1372 3094/3276/1371
f 2721/2898/626 154/161/602 3095/3277/1373 3934/1697/1372
f 3934/1697/1372 3095/3277/1373 325/338/1226 3032/3214/1247
f 3094/3276/1371 3934/1697/1372 3032/3214/1247 327/340/1249
f 154/161/602 2708/2885/601 3935/1698/1374 3095/3277/1373
f 2708/2885/601 153/160/594 3096/3278/1375 3935/1698/1374
f 3935/1698/1374 3096/3278/1375 324/337/1219 3021/3203/1227
f 3095/3277/1373 3935/1698/1374 3021/3203/1227 325/338/1226
f 153/160/594 2704/2881/592 3936/1699/1376 3096/3278/1375
f 2704/2881/592 144/151/359 3097/3279/1377 3936/1699/1376
f 3936/1699/1376 3097/3279/1377 316/329/1021 3017/3199/1217
f 3096/3278/1375 3936/1699/1376 3017/3199/1217 324/337/1219
f 144/151/359 2586/2763/358 3937/1700/1378 3097/3279/1377
f 2586/2763/358 143/150/355 3098/3280/1379 3937/1700/1378
f 3937/1700/1378 3098/3280/1379 315/328/1017 2918/3100/1022
f 3097/3279/1377 3937/1700/1378 2918/3100/1022 316/329/1021
f 143/150/355 2584/2761/354 3938/1701/1380 3098/3280/1379
f 2584/2761/354 71/71/351 3099/3281/1381 3938/1701/1380
f 3938/1701/1380 3099/3281/1381 254/261/1013 2916/3098/1018
f 3098/3280/1379 3938/1701/1380 2916/3098/1018 315/328/1017
f 71/71/351 2582/2759/350 3939/1702/1382 3099/3281/1381
f 2582/2759/350 70/70/347 3100/3282/1383 3939/1702/1382
f 3939/1702/1382 3100/3282/1383 253/260/1009 2914/3096/1014
f 3099/3281/1381 3939/1702/1382 2914/3096/1014 254/261/1013
f 70/70/347 2580/2757/346 3940/1703/1384 3100/3282/1383
f 2580/2757/346 69/69/343 3101/3283/1385 3940/1703/1384
f 3940/1703/1384 3101/3283/1385 252/259/1005 2912/3094/1010
f 3100/3282/1383 3940/1703/1384 2912/3094/1010 253/260/1009
f 69/69/343 2578/2755/342 3941/1704/1386 3101/3283/1385
f 2578/2755/342 68/68/335 3102/3284/1387 3941/1704/1386
f 3941/1704/1386 3102/3284/1387 251/258/996 2910/3092/1006
f 3101/3283/1385 3941/1704/1386 2910/3092/1006 252/259/1005
f 68/68/335 2574/2750/334 3942/1705/1388 3102/3284/1387
f 2574/2750/334 67/67/333 3103/3285/1389 3942/1705/1388
f 3942/1705/1388 3103/3285/1389 250/257/998 2905/3086/997
f 3102/3284/1387 3942/1705/1388 2905/3086/997 251/258/996
f 67/67/333 2577/2754/340 3943/1706/1390 3103/3285/1389
f 2577/2754/340 136/136/339 3104/3286/1391 3943/1706/1390
f 3943/1706/1390 3104/3286/1391 309/316/1001 2907/3088/1000
f 3103/3285/1389 3943/1706/1390 2907/3088/1000 250/257/998
f 136/137/339 2697/2874/579 3944/1707/1392 3104/3287/1391
f 2697/2874/579 129/129/555 3105/3288/1393 3944/1707/1392
f 3944/1707/1392 3105/3288/1393 303/310/1188 3011/3193/1206
f 3104/3287/1391 3944/1707/1392 3011/3193/1206 309/317/1001
f 129/129/555 2684/2861/553 3945/1708/1394 3105/3288/1393
f 2684/2861/553 122/122/543 3106/3289/1395 3945/1708/1394
f 3945/1708/1394 3106/3289/1395 297/304/1176 3001/3183/1184
f 3105/3288/1393 3945/1708/1394 3001/3183/1184 303/310/1188
f 122/122/543 2678/2855/541 3946/1709/1396 3106/3289/1395
f 2678/2855/541 118/118/68 3107/3290/1397 3946/1709/1396
f 3946/1709/1396 3107/3290/1397 293/300/789 2995/3177/1172
f 3106/3289/1395 3946/1709/1396 2995/3177/1172 297/304/1176
f 118/118/68 2441/2612/66 3947/1710/1398 3107/3290/1397
f 2441/2612/66 8/8/5 3108/3291/1399 3947/1710/1398
f 3947/1710/1398 3108/3291/1399 203/210/737 2802/2979/785
f 3107/3290/1397 3947/1710/1398 2802/2979/785 293/300/789
f 8/8/5 2409/2580/2 3948/1711/1400 3108/3291/1399
f 2409/2580/2 1/1/1 3082/3264/1346 3948/1711/1400
f 3948/1711/1400 3082/3264/1346 197/204/729 2776/2953/732
f 3108/3291/1399 3948/1711/1400 2776/2953/732 203/210/737
s 11
f 365/378/1401 3109/3292/1402 3949/1712/1403 3112/3295/1404
f 3109/3292/1402 370/383/1405 3110/3293/1406 3949/1712/1403
f 3949/1712/1403 3110/3293/1406 371/384/1407 3111/3294/1408
f 3112/3295/1404 3949/1712/1403 3111/3294/1408 366/379/1409
f 365/378/1401 3112/3295/1404 3950/1713/1410 3115/3298/1411
f 3112/3295/1404 366/379/1409 3113/3296/1412 3950/1713/1410
f 3950/1713/1410 3113/3296/1412 485/501/1413 3114/3297/1414
f 3115/3298/1411 3950/1713/1410 3114/3297/1414 484/500/1415
f 366/379/1409 3111/3294/1408 3951/1714/1416 3118/3301/1417
f 3111/3294/1408 371/384/1407 3116/3299/1418 3951/1714/1416
f 3951/1714/1416 3116/3299/1418 372/385/1419 3117/3300/1420
f 3118/3301/1417 3951/1714/1416 3117/3300/1420 367/380/1421
f 366/379/1409 3118/3301/1417 3952/1715/1422 3113/3296/1412
f 3118/3301/1417 367/380/1421 3119/3302/1423 3952/1715/1422
f 3952/1715/1422 3119/3302/1423 486/502/1424 3120/3303/1425
f 3113/3296/1412 3952/1715/1422 3120/3303/1425 485/501/1413
f 367/380/1421 3117/3300/1420 3953/1716/1426 3123/3306/1427
f 3117/3300/1420 372/385/1419 3121/3304/1428 3953/1716/1426
f 3953/1716/1426 3121/3304/1428 373/386/1429 3122/3305/1430
f 3123/3306/1427 3953/1716/1426 3122/3305/1430 368/381/1431
f 367/380/1421 3123/3306/1427 3954/1717/1432 3119/3302/1423
f 3123/3306/1427 368/381/1431 3124/3307/1433 3954/1717/1432
f 3954/1717/1432 3124/3307/1433 487/503/1434 3125/3308/1435
f 3119/3302/1423 3954/1717/1432 3125/3308/1435 486/502/1424
f 368/381/1431 3122/3305/1430 3955/1718/1436 3128/3311/1437
f 3122/3305/1430 373/386/1429 3126/3309/1438 3955/1718/1436
f 3955/1718/1436 3126/3309/1438 374/387/1439 3127/3310/1440
f 3128/3311/1437 3955/1718/1436 3127/3310/1440 369/382/1441
f 368/381/1431 3128/3311/1437 3956/1719/1442 3124/3307/1433
f 3128/3311/1437 369/382/1441 3129/3312/1443 3956/1719/1442
f 3956/1719/1442 3129/3312/1443 488/504/1444 3130/3313/1445
f 3124/3307/1433 3956/1719/1442 3130/3313/1445 487/503/1434
f 370/383/1405 3131/3314/1446 3957/1720/1447 3110/3293/1406
f 3131/3314/1446 375/388/1448 3132/3315/1449 3957/1720/1447
f 3957/1720/1447 3132/3315/1449 376/389/1450 3133/3316/1451
f 3110/3293/1406 3957/1720/1447 3133/3316/1451 371/384/1407
f 371/384/1407 3133/3316/1451 3958/1721/1452 3116/3299/1418
f 3133/3316/1451 376/389/1450 3134/3317/1453 3958/1721/1452
f 3958/1721/1452 3134/3317/1453 377/390/1454 3135/3318/1455
f 3116/3299/1418 3958/1721/1452 3135/3318/1455 372/385/1419
f 372/385/1419 3135/3318/1455 3959/1722/1456 3121/3304/1428
f 3135/3318/1455 377/390/1454 3136/3319/1457 3959/1722/1456
f 3959/1722/1456 3136/3319/1457 378/391/1458 3137/3320/1459
f 3121/3304/1428 3959/1722/1456 3137/3320/1459 373/386/1429
f 373/386/1429 3137/3320/1459 3960/1723/1460 3126/3309/1438
f 3137/3320/1459 378/391/1458 3138/3321/1461 3960/1723/1460
f 3960/1723/1460 3138/3321/1461 379/392/1462 3139/3322/1463
f 3126/3309/1438 3960/1723/1460 3139/3322/1463 374/387/1439
f 375/388/1448 3140/3323/1464 3961/1724/1465 3132/3315/1449
f 3140/3323/1464 380/393/1466 3141/3324/1467 3961/1724/1465
f 3961/1724/1465 3141/3324/1467 381/394/1468 3142/3325/1469
f 3132/3315/1449 3961/1724/1465 3142/3325/1469 376/389/1450
f 376/389/1450 3142/3325/1469 3962/1725/1470 3134/3317/1453
f 3142/3325/1469 381/394/1468 3143/3326/1471 3962/1725/1470
f 3962/1725/1470 3143/3326/1471 382/395/1472 3144/3327/1473
f 3134/3317/1453 3962/1725/1470 3144/3327/1473 377/390/1454
f 377/390/1454 3144/3327/1473 3963/1726/1474 3136/3319/1457
f 3144/3327/1473 382/395/1472 3145/3328/1475 3963/1726/1474
f 3963/1726/1474 3145/3328/1475 383/396/1476 3146/3329/1477
f 3136/3319/1457 3963/1726/1474 3146/3329/1477 378/391/1458
f 378/391/1458 3146/3329/1477 3964/1727/1478 3138/3321/1461
f 3146/3329/1477 383/396/1476 3147/3330/1479 3964/1727/1478
f 3964/1727/1478 3147/3330/1479 384/397/1480 3148/3331/1481
f 3138/3321/1461 3964/1727/1478 3148/3331/1481 379/392/1462
f 380/393/1466 3149/3332/1482 3965/1728/1483 3141/3324/1467
f 3149/3332/1482 491/509/1484 3150/3333/1485 3965/1728/1483
f 3965/1728/1483 3150/3333/1485 492/510/1486 3151/3334/1487
f 3141/3324/1467 3965/1728/1483 3151/3334/1487 381/394/1468
f 381/394/1468 3151/3334/1487 3966/1729/1488 3143/3326/1471
f 3151/3334/1487 492/510/1486 3152/3335/1489 3966/1729/1488
f 3966/1729/1488 3152/3335/1489 493/511/1490 3153/3336/1491
f 3143/3326/1471 3966/1729/1488 3153/3336/1491 382/395/1472
f 382/395/1472 3153/3336/1491 3967/1730/1492 3145/3328/1475
f 3153/3336/1491 493/511/1490 3154/3337/1493 3967/1730/1492
f 3967/1730/1492 3154/3337/1493 494/512/1494 3155/3338/1495
f 3145/3328/1475 3967/1730/1492 3155/3338/1495 383/396/1476
f 383/396/1476 3155/3338/1495 3968/1731/1496 3147/3330/1479
f 3155/3338/1495 494/512/1494 3156/3339/1497 3968/1731/1496
f 3968/1731/1496 3156/3339/1497 385/398/1498 3157/3340/1499
f 3147/3330/1479 3968/1731/1496 3157/3340/1499 384/397/1480
f 385/398/1498 3156/3339/1497 3969/1732/1500 3160/3343/1501
f 3156/3339/1497 494/512/1494 3158/3341/1502 3969/1732/1500
f 3969/1732/1500 3158/3341/1502 498/516/1503 3159/3342/1504
f 3160/3343/1501 3969/1732/1500 3159/3342/1504 499/517/1505
f 386/399/1506 3161/3344/1507 3970/1733/1508 3164/3347/1509
f 3161/3344/1507 443/459/1510 3162/3345/1511 3970/1733/1508
f 3970/1733/1508 3162/3345/1511 445/461/1512 3163/3346/1513
f 3164/3347/1509 3970/1733/1508 3163/3346/1513 446/462/1514
f 386/399/1506 3165/3348/1515 3971/1734/1516 3161/3344/1507
f 3165/3348/1515 419/432/1517 3166/3349/1518 3971/1734/1516
f 3971/1734/1516 3166/3349/1518 430/444/1519 3167/3351/1520
f 3161/3344/1507 3971/1734/1516 3167/3351/1520 443/459/1510
f 386/399/1506 3168/3352/1521 3972/1735/1522 3165/3348/1515
f 3168/3352/1521 387/400/1523 3169/3353/1524 3972/1735/1522
f 3972/1735/1522 3169/3353/1524 490/507/1525 3170/3354/1526
f 3165/3348/1515 3972/1735/1522 3170/3354/1526 419/432/1517
f 386/399/1506 3164/3347/1509 3973/1736/1527 3168/3352/1521
f 3164/3347/1509 446/462/1514 3171/3356/1528 3973/1736/1527
f 3973/1736/1527 3171/3356/1528 447/463/1529 3172/3357/1530
f 3168/3352/1521 3973/1736/1527 3172/3357/1530 387/400/1523
f 387/400/1523 3173/3358/1531 3974/1737/1532 3169/3353/1524
f 3173/3358/1531 388/401/1533 3174/3359/1534 3974/1737/1532
f 3974/1737/1532 3174/3359/1534 489/505/1535 3175/3360/1536
f 3169/3353/1524 3974/1737/1532 3175/3360/1536 490/507/1525
f 387/400/1523 3172/3357/1530 3975/1738/1537 3173/3358/1531
f 3172/3357/1530 447/463/1529 3176/3362/1538 3975/1738/1537
f 3975/1738/1537 3176/3362/1538 448/464/1539 3177/3363/1540
f 3173/3358/1531 3975/1738/1537 3177/3363/1540 388/401/1533
f 389/402/1541 3178/3364/1542 3976/1739/1543 3181/3367/1544
f 3178/3364/1542 399/412/1545 3179/3365/1546 3976/1739/1543
f 3976/1739/1543 3179/3365/1546 400/413/1547 3180/3366/1548
f 3181/3367/1544 3976/1739/1543 3180/3366/1548 390/403/1549
f 389/402/1541 3182/3368/1550 3977/1740/1551 3178/3364/1542
f 3182/3368/1550 503/521/1552 3183/3369/1553 3977/1740/1551
f 3977/1740/1551 3183/3369/1553 502/520/1554 3184/3370/1555
f 3178/3364/1542 3977/1740/1551 3184/3370/1555 399/412/1545
f 390/403/1549 3180/3366/1548 3978/1741/1556 3187/3373/1557
f 3180/3366/1548 400/413/1547 3185/3371/1558 3978/1741/1556
f 3978/1741/1556 3185/3371/1558 401/414/1559 3186/3372/1560
f 3187/3373/1557 3978/1741/1556 3186/3372/1560 391/404/1561
f 391/404/1561 3186/3372/1560 3979/1742/1562 3190/3376/1563
f 3186/3372/1560 401/414/1559 3188/3374/1564 3979/1742/1562
f 3979/1742/1562 3188/3374/1564 402/415/1565 3189/3375/1566
f 3190/3376/1563 3979/1742/1562 3189/3375/1566 392/405/1567
f 392/405/1567 3189/3375/1566 3980/1743/1568 3193/3379/1569
f 3189/3375/1566 402/415/1565 3191/3377/1570 3980/1743/1568
f 3980/1743/1568 3191/3377/1570 403/416/1571 3192/3378/1572
f 3193/3379/1569 3980/1743/1568 3192/3378/1572 393/406/1573
f 393/406/1573 3192/3378/1572 3981/1744/1574 3196/3382/1575
f 3192/3378/1572 403/416/1571 3194/3380/1576 3981/1744/1574
f 3981/1744/1574 3194/3380/1576 404/417/1577 3195/3381/1578
f 3196/3382/1575 3981/1744/1574 3195/3381/1578 394/407/1579
f 394/407/1579 3195/3381/1578 3982/1745/1580 3199/3385/1581
f 3195/3381/1578 404/417/1577 3197/3383/1582 3982/1745/1580
f 3982/1745/1580 3197/3383/1582 405/418/1583 3198/3384/1584
f 3199/3385/1581 3982/1745/1580 3198/3384/1584 395/408/1585
f 395/408/1585 3198/3384/1584 3983/1746/1586 3202/3388/1587
f 3198/3384/1584 405/418/1583 3200/3386/1588 3983/1746/1586
f 3983/1746/1586 3200/3386/1588 406/419/1589 3201/3387/1590
f 3202/3388/1587 3983/1746/1586 3201/3387/1590 396/409/1591
f 396/409/1591 3201/3387/1590 3984/1747/1592 3205/3391/1593
f 3201/3387/1590 406/419/1589 3203/3389/1594 3984/1747/1592
f 3984/1747/1592 3203/3389/1594 407/420/1595 3204/3390/1596
f 3205/3391/1593 3984/1747/1592 3204/3390/1596 397/410/1597
f 397/410/1597 3204/3390/1596 3985/1748/1598 3208/3394/1599
f 3204/3390/1596 407/420/1595 3206/3392/1600 3985/1748/1598
f 3985/1748/1598 3206/3392/1600 408/421/1601 3207/3393/1602
f 3208/3394/1599 3985/1748/1598 3207/3393/1602 398/411/1603
f 398/411/1603 3207/3393/1602 3986/1749/1604 3210/3396/1605
f 3207/3393/1602 408/421/1601 3209/3395/1606 3986/1749/1604
f 3986/1749/1604 3209/3395/1606 490/508/1525 3175/3361/1536
f 3210/3396/1605 3986/1749/1604 3175/3361/1536 489/506/1535
f 399/412/1545 3211/3397/1607 3987/1750/1608 3179/3365/1546
f 3211/3397/1607 409/422/1609 3212/3398/1610 3987/1750/1608
f 3987/1750/1608 3212/3398/1610 410/423/1611 3213/3399/1612
f 3179/3365/1546 3987/1750/1608 3213/3399/1612 400/413/1547
f 399/412/1545 3184/3370/1555 3988/1751/1613 3211/3397/1607
f 3184/3370/1555 502/520/1554 3214/3400/1614 3988/1751/1613
f 3988/1751/1613 3214/3400/1614 501/519/1615 3215/3401/1616
f 3211/3397/1607 3988/1751/1613 3215/3401/1616 409/422/1609
f 400/413/1547 3213/3399/1612 3989/1752/1617 3185/3371/1558
f 3213/3399/1612 410/423/1611 3216/3402/1618 3989/1752/1617
f 3989/1752/1617 3216/3402/1618 411/424/1619 3217/3403/1620
f 3185/3371/1558 3989/1752/1617 3217/3403/1620 401/414/1559
f 401/414/1559 3217/3403/1620 3990/1753/1621 3188/3374/1564
f 3217/3403/1620 411/424/1619 3218/3404/1622 3990/1753/1621
f 3990/1753/1621 3218/3404/1622 412/425/1623 3219/3405/1624
f 3188/3374/1564 3990/1753/1621 3219/3405/1624 402/415/1565
f 402/415/1565 3219/3405/1624 3991/1754/1625 3191/3377/1570
f 3219/3405/1624 412/425/1623 3220/3406/1626 3991/1754/1625
f 3991/1754/1625 3220/3406/1626 413/426/1627 3221/3407/1628
f 3191/3377/1570 3991/1754/1625 3221/3407/1628 403/416/1571
f 403/416/1571 3221/3407/1628 3992/1755/1629 3194/3380/1576
f 3221/3407/1628 413/426/1627 3222/3408/1630 3992/1755/1629
f 3992/1755/1629 3222/3408/1630 414/427/1631 3223/3409/1632
f 3194/3380/1576 3992/1755/1629 3223/3409/1632 404/417/1577
f 404/417/1577 3223/3409/1632 3993/1756/1633 3197/3383/1582
f 3223/3409/1632 414/427/1631 3224/3410/1634 3993/1756/1633
f 3993/1756/1633 3224/3410/1634 415/428/1635 3225/3411/1636
f 3197/3383/1582 3993/1756/1633 3225/3411/1636 405/418/1583
f 405/418/1583 3225/3411/1636 3994/1757/1637 3200/3386/1588
f 3225/3411/1636 415/428/1635 3226/3412/1638 3994/1757/1637
f 3994/1757/1637 3226/3412/1638 416/429/1639 3227/3413/1640
f 3200/3386/1588 3994/1757/1637 3227/3413/1640 406/419/1589
f 406/419/1589 3227/3413/1640 3995/1758/1641 3203/3389/1594
f 3227/3413/1640 416/429/1639 3228/3414/1642 3995/1758/1641
f 3995/1758/1641 3228/3414/1642 417/430/1643 3229/3415/1644
f 3203/3389/1594 3995/1758/1641 3229/3415/1644 407/420/1595
f 407/420/1595 3229/3415/1644 3996/1759/1645 3206/3392/1600
f 3229/3415/1644 417/430/1643 3230/3416/1646 3996/1759/1645
f 3996/1759/1645 3230/3416/1646 418/431/1647 3231/3417/1648
f 3206/3392/1600 3996/1759/1645 3231/3417/1648 408/421/1601
f 408/421/1601 3231/3417/1648 3997/1760/1649 3209/3395/1606
f 3231/3417/1648 418/431/1647 3232/3418/1650 3997/1760/1649
f 3997/1760/1649 3232/3418/1650 419/433/1517 3170/3355/1526
f 3209/3395/1606 3997/1760/1649 3170/3355/1526 490/508/1525
f 409/422/1609 3233/3419/1651 3998/1761/1652 3212/3398/1610
f 3233/3419/1651 420/434/1653 3234/3420/1654 3998/1761/1652
f 3998/1761/1652 3234/3420/1654 421/435/1655 3235/3421/1656
f 3212/3398/1610 3998/1761/1652 3235/3421/1656 410/423/1611
f 409/422/1609 3215/3401/1616 3999/1762/1657 3233/3419/1651
f 3215/3401/1616 501/519/1615 3236/3422/1658 3999/1762/1657
f 3999/1762/1657 3236/3422/1658 500/518/1659 3237/3423/1660
f 3233/3419/1651 3999/1762/1657 3237/3423/1660 420/434/1653
f 410/423/1611 3235/3421/1656 4000/1763/1661 3216/3402/1618
f 3235/3421/1656 421/435/1655 3238/3424/1662 4000/1763/1661
f 4000/1763/1661 3238/3424/1662 422/436/1663 3239/3425/1664
f 3216/3402/1618 4000/1763/1661 3239/3425/1664 411/424/1619
f 411/424/1619 3239/3425/1664 4001/1764/1665 3218/3404/1622
f 3239/3425/1664 422/436/1663 3240/3426/1666 4001/1764/1665
f 4001/1764/1665 3240/3426/1666 423/437/1667 3241/3427/1668
f 3218/3404/1622 4001/1764/1665 3241/3427/1668 412/425/1623
f 412/425/1623 3241/3427/1668 4002/1765/1669 3220/3406/1626
f 3241/3427/1668 423/437/1667 3242/3428/1670 4002/1765/1669
f 4002/1765/1669 3242/3428/1670 424/438/1671 3243/3429/1672
f 3220/3406/1626 4002/1765/1669 3243/3429/1672 413/426/1627
f 413/426/1627 3243/3429/1672 4003/1766/1673 3222/3408/1630
f 3243/3429/1672 424/438/1671 3244/3430/1674 4003/1766/1673
f 4003/1766/1673 3244/3430/1674 425/439/1675 3245/3431/1676
f 3222/3408/1630 4003/1766/1673 3245/3431/1676 414/427/1631
f 414/427/1631 3245/3431/1676 4004/1767/1677 3224/3410/1634
f 3245/3431/1676 425/439/1675 3246/3432/1678 4004/1767/1677
f 4004/1767/1677 3246/3432/1678 426/440/1679 3247/3433/1680
f 3224/3410/1634 4004/1767/1677 3247/3433/1680 415/428/1635
f 415/428/1635 3247/3433/1680 4005/1768/1681 3226/3412/1638
f 3247/3433/1680 426/440/1679 3248/3434/1682 4005/1768/1681
f 4005/1768/1681 3248/3434/1682 427/441/1683 3249/3435/1684
f 3226/3412/1638 4005/1768/1681 3249/3435/1684 416/429/1639
f 416/429/1639 3249/3435/1684 4006/1769/1685 3228/3414/1642
f 3249/3435/1684 427/441/1683 3250/3436/1686 4006/1769/1685
f 4006/1769/1685 3250/3436/1686 428/442/1687 3251/3437/1688
f 3228/3414/1642 4006/1769/1685 3251/3437/1688 417/430/1643
f 417/430/1643 3251/3437/1688 4007/1770/1689 3230/3416/1646
f 3251/3437/1688 428/442/1687 3252/3438/1690 4007/1770/1689
f 4007/1770/1689 3252/3438/1690 429/443/1691 3253/3439/1692
f 3230/3416/1646 4007/1770/1689 3253/3439/1692 418/431/1647
f 418/431/1647 3253/3439/1692 4008/1771/1693 3232/3418/1650
f 3253/3439/1692 429/443/1691 3254/3440/1694 4008/1771/1693
f 4008/1771/1693 3254/3440/1694 430/445/1519 3166/3350/1518
f 3232/3418/1650 4008/1771/1693 3166/3350/1518 419/433/1517
f 420/434/1653 3255/3441/1695 4009/1772/1696 3234/3420/1654
f 3255/3441/1695 432/447/1697 3256/3442/1698 4009/1772/1696
f 4009/1772/1696 3256/3442/1698 433/448/1699 3257/3443/1700
f 3234/3420/1654 4009/1772/1696 3257/3443/1700 421/435/1655
f 420/434/1653 3237/3423/1660 4010/1773/1701 3255/3441/1695
f 3237/3423/1660 500/518/1659 3258/3444/1702 4010/1773/1701
f 4010/1773/1701 3258/3444/1702 431/446/1703 3259/3445/1704
f 3255/3441/1695 4010/1773/1701 3259/3445/1704 432/447/1697
f 421/435/1655 3257/3443/1700 4011/1774/1705 3238/3424/1662
f 3257/3443/1700 433/448/1699 3260/3446/1706 4011/1774/1705
f 4011/1774/1705 3260/3446/1706 434/449/1707 3261/3447/1708
f 3238/3424/1662 4011/1774/1705 3261/3447/1708 422/436/1663
f 422/436/1663 3261/3447/1708 4012/1775/1709 3240/3426/1666
f 3261/3447/1708 434/449/1707 3262/3448/1710 4012/1775/1709
f 4012/1775/1709 3262/3448/1710 435/450/1711 3263/3449/1712
f 3240/3426/1666 4012/1775/1709 3263/3449/1712 423/437/1667
f 423/437/1667 3263/3449/1712 4013/1776/1713 3242/3428/1670
f 3263/3449/1712 435/450/1711 3264/3450/1714 4013/1776/1713
f 4013/1776/1713 3264/3450/1714 436/451/1715 3265/3451/1716
f 3242/3428/1670 4013/1776/1713 3265/3451/1716 424/438/1671
f 424/438/1671 3265/3451/1716 4014/1777/1717 3244/3430/1674
f 3265/3451/1716 436/451/1715 3266/3452/1718 4014/1777/1717
f 4014/1777/1717 3266/3452/1718 437/452/1719 3267/3453/1720
f 3244/3430/1674 4014/1777/1717 3267/3453/1720 425/439/1675
f 425/439/1675 3267/3453/1720 4015/1778/1721 3246/3432/1678
f 3267/3453/1720 437/452/1719 3268/3454/1722 4015/1778/1721
f 4015/1778/1721 3268/3454/1722 438/453/1723 3269/3455/1724
f 3246/3432/1678 4015/1778/1721 3269/3455/1724 426/440/1679
f 426/440/1679 3269/3455/1724 4016/1779/1725 3248/3434/1682
f 3269/3455/1724 438/453/1723 3270/3456/1726 4016/1779/1725
f 4016/1779/1725 3270/3456/1726 439/454/1727 3271/3457/1728
f 3248/3434/1682 4016/1779/1725 3271/3457/1728 427/441/1683
f 427/441/1683 3271/3457/1728 4017/1780/1729 3250/3436/1686
f 3271/3457/1728 439/454/1727 3272/3458/1730 4017/1780/1729
f 4017/1780/1729 3272/3458/1730 440/455/1731 3273/3459/1732
f 3250/3436/1686 4017/1780/1729 3273/3459/1732 428/442/1687
f 428/442/1687 3273/3459/1732 4018/1781/1733 3252/3438/1690
f 3273/3459/1732 440/455/1731 3274/3460/1734 4018/1781/1733
f 4018/1781/1733 3274/3460/1734 441/456/1735 3275/3461/1736
f 3252/3438/1690 4018/1781/1733 3275/3461/1736 429/443/1691
f 429/443/1691 3275/3461/1736 4019/1782/1737 3254/3440/1694
f 3275/3461/1736 441/456/1735 3276/3462/1738 4019/1782/1737
f 4019/1782/1737 3276/3462/1738 442/457/1739 3277/3463/1740
f 3254/3440/1694 4019/1782/1737 3277/3463/1740 430/445/1519
f 430/444/1519 3277/3464/1740 4020/1783/1741 3167/3351/1520
f 3277/3464/1740 442/458/1739 3278/3465/1742 4020/1783/1741
f 4020/1783/1741 3278/3465/1742 504/522/1743 3279/3466/1744
f 3167/3351/1520 4020/1783/1741 3279/3466/1744 443/459/1510
f 431/446/1703 3258/3444/1702 4021/1784/1745 3282/3469/1746
f 3258/3444/1702 500/518/1659 3280/3467/1747 4021/1784/1745
f 4021/1784/1745 3280/3467/1747 496/514/1748 3281/3468/1749
f 3282/3469/1746 4021/1784/1745 3281/3468/1749 495/513/1750
f 443/459/1510 3279/3466/1744 4022/1785/1751 3162/3345/1511
f 3279/3466/1744 504/522/1743 3283/3470/1752 4022/1785/1751
f 4022/1785/1751 3283/3470/1752 444/460/1753 3284/3471/1754
f 3162/3345/1511 4022/1785/1751 3284/3471/1754 445/461/1512
f 444/460/1753 3285/3472/1755 4023/1786/1756 3284/3471/1754
f 3285/3472/1755 449/465/1757 3286/3473/1758 4023/1786/1756
f 4023/1786/1756 3286/3473/1758 450/466/1759 3287/3474/1760
f 3284/3471/1754 4023/1786/1756 3287/3474/1760 445/461/1512
f 445/461/1512 3287/3474/1760 4024/1787/1761 3163/3346/1513
f 3287/3474/1760 450/466/1759 3288/3475/1762 4024/1787/1761
f 4024/1787/1761 3288/3475/1762 451/467/1763 3289/3476/1764
f 3163/3346/1513 4024/1787/1761 3289/3476/1764 446/462/1514
f 446/462/1514 3289/3476/1764 4025/1788/1765 3171/3356/1528
f 3289/3476/1764 451/467/1763 3290/3477/1766 4025/1788/1765
f 4025/1788/1765 3290/3477/1766 452/468/1767 3291/3478/1768
f 3171/3356/1528 4025/1788/1765 3291/3478/1768 447/463/1529
f 447/463/1529 3291/3478/1768 4026/1789/1769 3176/3362/1538
f 3291/3478/1768 452/468/1767 3292/3479/1770 4026/1789/1769
f 4026/1789/1769 3292/3479/1770 453/469/1771 3293/3480/1772
f 3176/3362/1538 4026/1789/1769 3293/3480/1772 448/464/1539
f 449/465/1757 3294/3481/1773 4027/1790/1774 3286/3473/1758
f 3294/3481/1773 454/470/1775 3295/3482/1776 4027/1790/1774
f 4027/1790/1774 3295/3482/1776 455/471/1777 3296/3483/1778
f 3286/3473/1758 4027/1790/1774 3296/3483/1778 450/466/1759
f 450/466/1759 3296/3483/1778 4028/1791/1779 3288/3475/1762
f 3296/3483/1778 455/471/1777 3297/3484/1780 4028/1791/1779
f 4028/1791/1779 3297/3484/1780 456/472/1781 3298/3485/1782
f 3288/3475/1762 4028/1791/1779 3298/3485/1782 451/467/1763
f 451/467/1763 3298/3485/1782 4029/1792/1783 3290/3477/1766
f 3298/3485/1782 456/472/1781 3299/3486/1784 4029/1792/1783
f 4029/1792/1783 3299/3486/1784 457/473/1785 3300/3487/1786
f 3290/3477/1766 4029/1792/1783 3300/3487/1786 452/468/1767
f 452/468/1767 3300/3487/1786 4030/1793/1787 3292/3479/1770
f 3300/3487/1786 457/473/1785 3301/3488/1788 4030/1793/1787
f 4030/1793/1787 3301/3488/1788 458/474/1789 3302/3489/1790
f 3292/3479/1770 4030/1793/1787 3302/3489/1790 453/469/1771
f 454/470/1775 3303/3490/1791 4031/1794/1792 3295/3482/1776
f 3303/3490/1791 459/475/1793 3304/3491/1794 4031/1794/1792
f 4031/1794/1792 3304/3491/1794 460/476/1795 3305/3492/1796
f 3295/3482/1776 4031/1794/1792 3305/3492/1796 455/471/1777
f 455/471/1777 3305/3492/1796 4032/1795/1797 3297/3484/1780
f 3305/3492/1796 460/476/1795 3306/3493/1798 4032/1795/1797
f 4032/1795/1797 3306/3493/1798 461/477/1799 3307/3494/1800
f 3297/3484/1780 4032/1795/1797 3307/3494/1800 456/472/1781
f 456/472/1781 3307/3494/1800 4033/1796/1801 3299/3486/1784
f 3307/3494/1800 461/477/1799 3308/3495/1802 4033/1796/1801
f 4033/1796/1801 3308/3495/1802 462/478/1803 3309/3496/1804
f 3299/3486/1784 4033/1796/1801 3309/3496/1804 457/473/1785
f 457/473/1785 3309/3496/1804 4034/1797/1805 3301/3488/1788
f 3309/3496/1804 462/478/1803 3310/3497/1806 4034/1797/1805
f 4034/1797/1805 3310/3497/1806 463/479/1807 3311/3498/1808
f 3301/3488/1788 4034/1797/1805 3311/3498/1808 458/474/1789
f 459/475/1793 3312/3499/1809 4035/1798/1810 3304/3491/1794
f 3312/3499/1809 464/480/1811 3313/3500/1812 4035/1798/1810
f 4035/1798/1810 3313/3500/1812 465/481/1813 3314/3501/1814
f 3304/3491/1794 4035/1798/1810 3314/3501/1814 460/476/1795
f 460/476/1795 3314/3501/1814 4036/1799/1815 3306/3493/1798
f 3314/3501/1814 465/481/1813 3315/3502/1816 4036/1799/1815
f 4036/1799/1815 3315/3502/1816 466/482/1817 3316/3503/1818
f 3306/3493/1798 4036/1799/1815 3316/3503/1818 461/477/1799
f 461/477/1799 3316/3503/1818 4037/1800/1819 3308/3495/1802
f 3316/3503/1818 466/482/1817 3317/3504/1820 4037/1800/1819
f 4037/1800/1819 3317/3504/1820 467/483/1821 3318/3505/1822
f 3308/3495/1802 4037/1800/1819 3318/3505/1822 462/478/1803
f 462/478/1803 3318/3505/1822 4038/1801/1823 3310/3497/1806
f 3318/3505/1822 467/483/1821 3319/3506/1824 4038/1801/1823
f 4038/1801/1823 3319/3506/1824 468/484/1825 3320/3507/1826
f 3310/3497/1806 4038/1801/1823 3320/3507/1826 463/479/1807
f 464/480/1811 3321/3508/1827 4039/1802/1828 3313/3500/1812
f 3321/3508/1827 469/485/1829 3322/3509/1830 4039/1802/1828
f 4039/1802/1828 3322/3509/1830 470/486/1831 3323/3510/1832
f 3313/3500/1812 4039/1802/1828 3323/3510/1832 465/481/1813
f 465/481/1813 3323/3510/1832 4040/1803/1833 3315/3502/1816
f 3323/3510/1832 470/486/1831 3324/3511/1834 4040/1803/1833
f 4040/1803/1833 3324/3511/1834 471/487/1835 3325/3512/1836
f 3315/3502/1816 4040/1803/1833 3325/3512/1836 466/482/1817
f 466/482/1817 3325/3512/1836 4041/1804/1837 3317/3504/1820
f 3325/3512/1836 471/487/1835 3326/3513/1838 4041/1804/1837
f 4041/1804/1837 3326/3513/1838 472/488/1839 3327/3514/1840
f 3317/3504/1820 4041/1804/1837 3327/3514/1840 467/483/1821
f 467/483/1821 3327/3514/1840 4042/1805/1841 3319/3506/1824
f 3327/3514/1840 472/488/1839 3328/3515/1842 4042/1805/1841
f 4042/1805/1841 3328/3515/1842 473/489/1843 3329/3516/1844
f 3319/3506/1824 4042/1805/1841 3329/3516/1844 468/484/1825
f 469/485/1829 3330/3517/1845 4043/1806/1846 3322/3509/1830
f 3330/3517/1845 474/490/1847 3331/3518/1848 4043/1806/1846
f 4043/1806/1846 3331/3518/1848 475/491/1849 3332/3519/1850
f 3322/3509/1830 4043/1806/1846 3332/3519/1850 470/486/1831
f 470/486/1831 3332/3519/1850 4044/1807/1851 3324/3511/1834
f 3332/3519/1850 475/491/1849 3333/3520/1852 4044/1807/1851
f 4044/1807/1851 3333/3520/1852 476/492/1853 3334/3521/1854
f 3324/3511/1834 4044/1807/1851 3334/3521/1854 471/487/1835
f 471/487/1835 3334/3521/1854 4045/1808/1855 3326/3513/1838
f 3334/3521/1854 476/492/1853 3335/3522/1856 4045/1808/1855
f 4045/1808/1855 3335/3522/1856 477/493/1857 3336/3523/1858
f 3326/3513/1838 4045/1808/1855 3336/3523/1858 472/488/1839
f 472/488/1839 3336/3523/1858 4046/1809/1859 3328/3515/1842
f 3336/3523/1858 477/493/1857 3337/3524/1860 4046/1809/1859
f 4046/1809/1859 3337/3524/1860 478/494/1861 3338/3525/1862
f 3328/3515/1842 4046/1809/1859 3338/3525/1862 473/489/1843
f 474/490/1847 3339/3526/1863 4047/1810/1864 3331/3518/1848
f 3339/3526/1863 479/495/1865 3340/3527/1866 4047/1810/1864
f 4047/1810/1864 3340/3527/1866 480/496/1867 3341/3528/1868
f 3331/3518/1848 4047/1810/1864 3341/3528/1868 475/491/1849
f 475/491/1849 3341/3528/1868 4048/1811/1869 3333/3520/1852
f 3341/3528/1868 480/496/1867 3342/3529/1870 4048/1811/1869
f 4048/1811/1869 3342/3529/1870 481/497/1871 3343/3530/1872
f 3333/3520/1852 4048/1811/1869 3343/3530/1872 476/492/1853
f 476/492/1853 3343/3530/1872 4049/1812/1873 3335/3522/1856
f 3343/3530/1872 481/497/1871 3344/3531/1874 4049/1812/1873
f 4049/1812/1873 3344/3531/1874 482/498/1875 3345/3532/1876
f 3335/3522/1856 4049/1812/1873 3345/3532/1876 477/493/1857
f 477/493/1857 3345/3532/1876 4050/1813/1877 3337/3524/1860
f 3345/3532/1876 482/498/1875 3346/3533/1878 4050/1813/1877
f 4050/1813/1877 3346/3533/1878 483/499/1879 3347/3534/1880
f 3337/3524/1860 4050/1813/1877 3347/3534/1880 478/494/1861
f 479/495/1865 3348/3535/1881 4051/1814/1882 3340/3527/1866
f 3348/3535/1881 484/500/1415 3114/3297/1414 4051/1814/1882
f 4051/1814/1882 3114/3297/1414 485/501/1413 3349/3536/1883
f 3340/3527/1866 4051/1814/1882 3349/3536/1883 480/496/1867
f 480/496/1867 3349/3536/1883 4052/1815/1884 3342/3529/1870
f 3349/3536/1883 485/501/1413 3120/3303/1425 4052/1815/1884
f 4052/1815/1884 3120/3303/1425 486/502/1424 3350/3537/1885
f 3342/3529/1870 4052/1815/1884 3350/3537/1885 481/497/1871
f 481/497/1871 3350/3537/1885 4053/1816/1886 3344/3531/1874
f 3350/3537/1885 486/502/1424 3125/3308/1435 4053/1816/1886
f 4053/1816/1886 3125/3308/1435 487/503/1434 3351/3538/1887
f 3344/3531/1874 4053/1816/1886 3351/3538/1887 482/498/1875
f 482/498/1875 3351/3538/1887 4054/1817/1888 3346/3533/1878
f 3351/3538/1887 487/503/1434 3130/3313/1445 4054/1817/1888
f 4054/1817/1888 3130/3313/1445 488/504/1444 3352/3539/1889
f 3346/3533/1878 4054/1817/1888 3352/3539/1889 483/499/1879
f 491/509/1484 3353/3540/1890 4055/1818/1891 3150/3333/1485
f 3353/3540/1890 495/513/1750 3281/3468/1749 4055/1818/1891
f 4055/1818/1891 3281/3468/1749 496/514/1748 3354/3541/1892
f 3150/3333/1485 4055/1818/1891 3354/3541/1892 492/510/1486
f 492/510/1486 3354/3541/1892 4056/1819/1893 3152/3335/1489
f 3354/3541/1892 496/514/1748 3355/3542/1894 4056/1819/1893
f 4056/1819/1893 3355/3542/1894 497/515/1895 3356/3543/1896
f 3152/3335/1489 4056/1819/1893 3356/3543/1896 493/511/1490
f 493/511/1490 3356/3543/1896 4057/1820/1897 3154/3337/1493
f 3356/3543/1896 497/515/1895 3357/3544/1898 4057/1820/1897
f 4057/1820/1897 3357/3544/1898 498/516/1503 3158/3341/1502
f 3154/3337/1493 4057/1820/1897 3158/3341/1502 494/512/1494
f 496/514/1748 3280/3467/1747 4058/1821/1899 3355/3542/1894
f 3280/3467/1747 500/518/1659 3236/3422/1658 4058/1821/1899
f 4058/1821/1899 3236/3422/1658 501/519/1615 3358/3545/1900
f 3355/3542/1894 4058/1821/1899 3358/3545/1900 497/515/1895
f 497/515/1895 3358/3545/1900 4059/1822/1901 3357/3544/1898
f 3358/3545/1900 501/519/1615 3214/3400/1614 4059/1822/1901
f 4059/1822/1901 3214/3400/1614 502/520/1554 3359/3546/1902
f 3357/3544/1898 4059/1822/1901 3359/3546/1902 498/516/1503
f 498/516/1503 3359/3546/1902 4060/1823/1903 3159/3342/1504
f 3359/3546/1902 502/520/1554 3183/3369/1553 4060/1823/1903
f 4060/1823/1903 3183/3369/1553 503/521/1552 3360/3547/1904
f 3159/3342/1504 4060/1823/1903 3360/3547/1904 499/517/1505
s 14
f 505/523/1905 3361/3548/1906 4061/1824/1907 3364/3551/1908
f 3361/3548/1906 518/536/1909 3362/3549/1910 4061/1824/1907
f 4061/1824/1907 3362/3549/1910 519/537/1911 3363/3550/1912
f 3364/3551/1908 4061/1824/1907 3363/3550/1912 506/524/1913
f 505/523/1905 3364/3551/1908 4062/1825/1914 3367/3554/1915
f 3364/3551/1908 506/524/1913 3365/3552/1916 4062/1825/1914
f 4062/1825/1914 3365/3552/1916 796/833/1917 3366/3553/1918
f 3367/3554/1915 4062/1825/1914 3366/3553/1918 795/832/1919
f 506/524/1913 3363/3550/1912 4063/1826/1920 3370/3557/1921
f 3363/3550/1912 519/537/1911 3368/3555/1922 4063/1826/1920
f 4063/1826/1920 3368/3555/1922 520/538/1923 3369/3556/1924
f 3370/3557/1921 4063/1826/1920 3369/3556/1924 507/525/1925
f 506/524/1913 3370/3557/1921 4064/1827/1926 3365/3552/1916
f 3370/3557/1921 507/525/1925 3371/3558/1927 4064/1827/1926
f 4064/1827/1926 3371/3558/1927 797/834/1928 3372/3559/1929
f 3365/3552/1916 4064/1827/1926 3372/3559/1929 796/833/1917
f 507/525/1925 3369/3556/1924 4065/1828/1930 3375/3562/1931
f 3369/3556/1924 520/538/1923 3373/3560/1932 4065/1828/1930
f 4065/1828/1930 3373/3560/1932 521/539/1933 3374/3561/1934
f 3375/3562/1931 4065/1828/1930 3374/3561/1934 508/526/1935
f 507/525/1925 3375/3562/1931 4066/1829/1936 3371/3558/1927
f 3375/3562/1931 508/526/1935 3376/3563/1937 4066/1829/1936
f 4066/1829/1936 3376/3563/1937 798/835/1938 3377/3564/1939
f 3371/3558/1927 4066/1829/1936 3377/3564/1939 797/834/1928
f 508/526/1935 3374/3561/1934 4067/1830/1940 3380/3567/1941
f 3374/3561/1934 521/539/1933 3378/3565/1942 4067/1830/1940
f 4067/1830/1940 3378/3565/1942 522/540/1943 3379/3566/1944
f 3380/3567/1941 4067/1830/1940 3379/3566/1944 509/527/1945
f 508/526/1935 3380/3567/1941 4068/1831/1946 3376/3563/1937
f 3380/3567/1941 509/527/1945 3381/3568/1947 4068/1831/1946
f 4068/1831/1946 3381/3568/1947 799/836/1948 3382/3569/1949
f 3376/3563/1937 4068/1831/1946 3382/3569/1949 798/835/1938
s 15
f 510/528/1950 3383/3570/1951 4069/1832/1952 3386/3573/1953
f 3383/3570/1951 523/541/1954 3384/3571/1955 4069/1832/1952
f 4069/1832/1952 3384/3571/1955 524/542/1956 3385/3572/1957
f 3386/3573/1953 4069/1832/1952 3385/3572/1957 511/529/1958
f 510/528/1950 3386/3573/1953 4070/1833/1959 3389/3576/1960
f 3386/3573/1953 511/529/1958 3387/3574/1961 4070/1833/1959
f 4070/1833/1959 3387/3574/1961 801/838/1962 3388/3575/1963
f 3389/3576/1960 4070/1833/1959 3388/3575/1963 800/837/1964
f 511/529/1958 3385/3572/1957 4071/1834/1965 3392/3579/1966
f 3385/3572/1957 524/542/1956 3390/3577/1967 4071/1834/1965
f 4071/1834/1965 3390/3577/1967 525/543/1968 3391/3578/1969
f 3392/3579/1966 4071/1834/1965 3391/3578/1969 512/530/1970
f 511/529/1958 3392/3579/1966 4072/1835/1971 3387/3574/1961
f 3392/3579/1966 512/530/1970 3393/3580/1972 4072/1835/1971
f 4072/1835/1971 3393/3580/1972 802/839/1973 3394/3581/1974
f 3387/3574/1961 4072/1835/1971 3394/3581/1974 801/838/1962
f 512/530/1970 3391/3578/1969 4073/1836/1975 3397/3584/1976
f 3391/3578/1969 525/543/1968 3395/3582/1977 4073/1836/1975
f 4073/1836/1975 3395/3582/1977 526/544/1978 3396/3583/1979
f 3397/3584/1976 4073/1836/1975 3396/3583/1979 513/531/1980
f 512/530/1970 3397/3584/1976 4074/1837/1981 3393/3580/1972
f 3397/3584/1976 513/531/1980 3398/3585/1982 4074/1837/1981
f 4074/1837/1981 3398/3585/1982 803/840/1983 3399/3586/1984
f 3393/3580/1972 4074/1837/1981 3399/3586/1984 802/839/1973
f 513/531/1980 3396/3583/1979 4075/1838/1985 3402/3589/1986
f 3396/3583/1979 526/544/1978 3400/3587/1987 4075/1838/1985
f 4075/1838/1985 3400/3587/1987 527/545/1988 3401/3588/1989
f 3402/3589/1986 4075/1838/1985 3401/3588/1989 514/532/1990
f 513/531/1980 3402/3589/1986 4076/1839/1991 3398/3585/1982
f 3402/3589/1986 514/532/1990 3403/3590/1992 4076/1839/1991
f 4076/1839/1991 3403/3590/1992 804/841/1993 3404/3591/1994
f 3398/3585/1982 4076/1839/1991 3404/3591/1994 803/840/1983
f 514/532/1990 3401/3588/1989 4077/1840/1995 3407/3594/1996
f 3401/3588/1989 527/545/1988 3405/3592/1997 4077/1840/1995
f 4077/1840/1995 3405/3592/1997 528/546/1998 3406/3593/1999
f 3407/3594/1996 4077/1840/1995 3406/3593/1999 515/533/2000
f 514/532/1990 3407/3594/1996 4078/1841/2001 3403/3590/1992
f 3407/3594/1996 515/533/2000 3408/3595/2002 4078/1841/2001
f 4078/1841/2001 3408/3595/2002 805/842/2003 3409/3596/2004
f 3403/3590/1992 4078/1841/2001 3409/3596/2004 804/841/1993
f 515/533/2000 3406/3593/1999 4079/1842/2005 3412/3599/2006
f 3406/3593/1999 528/546/1998 3410/3597/2007 4079/1842/2005
f 4079/1842/2005 3410/3597/2007 529/547/2008 3411/3598/2009
f 3412/3599/2006 4079/1842/2005 3411/3598/2009 516/534/2010
f 515/533/2000 3412/3599/2006 4080/1843/2011 3408/3595/2002
f 3412/3599/2006 516/534/2010 3413/3600/2012 4080/1843/2011
f 4080/1843/2011 3413/3600/2012 806/843/2013 3414/3601/2014
f 3408/3595/2002 4080/1843/2011 3414/3601/2014 805/842/2003
f 516/534/2010 3411/3598/2009 4081/1844/2015 3417/3604/2016
f 3411/3598/2009 529/547/2008 3415/3602/2017 4081/1844/2015
f 4081/1844/2015 3415/3602/2017 530/548/2018 3416/3603/2019
f 3417/3604/2016 4081/1844/2015 3416/3603/2019 517/535/2020
f 516/534/2010 3417/3604/2016 4082/1845/2021 3413/3600/2012
f 3417/3604/2016 517/535/2020 3418/3605/2022 4082/1845/2021
f 4082/1845/2021 3418/3605/2022 807/844/2023 3419/3606/2024
f 3413/3600/2012 4082/1845/2021 3419/3606/2024 806/843/2013
s 14
f 518/536/1909 3420/3607/2025 4083/1846/2026 3362/3549/1910
f 3420/3607/2025 531/549/2027 3421/3608/2028 4083/1846/2026
f 4083/1846/2026 3421/3608/2028 532/550/2029 3422/3609/2030
f 3362/3549/1910 4083/1846/2026 3422/3609/2030 519/537/1911
f 519/537/1911 3422/3609/2030 4084/1847/2031 3368/3555/1922
f 3422/3609/2030 532/550/2029 3423/3610/2032 4084/1847/2031
f 4084/1847/2031 3423/3610/2032 533/551/2033 3424/3611/2034
f 3368/3555/1922 4084/1847/2031 3424/3611/2034 520/538/1923
f 520/538/1923 3424/3611/2034 4085/1848/2035 3373/3560/1932
f 3424/3611/2034 533/551/2033 3425/3612/2036 4085/1848/2035
f 4085/1848/2035 3425/3612/2036 534/552/2037 3426/3613/2038
f 3373/3560/1932 4085/1848/2035 3426/3613/2038 521/539/1933
f 521/539/1933 3426/3613/2038 4086/1849/2039 3378/3565/1942
f 3426/3613/2038 534/552/2037 3427/3614/2040 4086/1849/2039
f 4086/1849/2039 3427/3614/2040 535/553/2041 3428/3615/2042
f 3378/3565/1942 4086/1849/2039 3428/3615/2042 522/540/1943
s 15
f 523/541/1954 3429/3616/2043 4087/1850/2044 3384/3571/1955
f 3429/3616/2043 536/554/2045 3430/3617/2046 4087/1850/2044
f 4087/1850/2044 3430/3617/2046 537/555/2047 3431/3618/2048
f 3384/3571/1955 4087/1850/2044 3431/3618/2048 524/542/1956
f 524/542/1956 3431/3618/2048 4088/1851/2049 3390/3577/1967
f 3431/3618/2048 537/555/2047 3432/3619/2050 4088/1851/2049
f 4088/1851/2049 3432/3619/2050 538/556/2051 3433/3620/2052
f 3390/3577/1967 4088/1851/2049 3433/3620/2052 525/543/1968
f 525/543/1968 3433/3620/2052 4089/1852/2053 3395/3582/1977
f 3433/3620/2052 538/556/2051 3434/3621/2054 4089/1852/2053
f 4089/1852/2053 3434/3621/2054 539/557/2055 3435/3622/2056
f 3395/3582/1977 4089/1852/2053 3435/3622/2056 526/544/1978
f 526/544/1978 3435/3622/2056 4090/1853/2057 3400/3587/1987
f 3435/3622/2056 539/557/2055 3436/3623/2058 4090/1853/2057
f 4090/1853/2057 3436/3623/2058 540/558/2059 3437/3624/2060
f 3400/3587/1987 4090/1853/2057 3437/3624/2060 527/545/1988
f 527/545/1988 3437/3624/2060 4091/1854/2061 3405/3592/1997
f 3437/3624/2060 540/558/2059 3438/3625/2062 4091/1854/2061
f 4091/1854/2061 3438/3625/2062 541/559/2063 3439/3626/2064
f 3405/3592/1997 4091/1854/2061 3439/3626/2064 528/546/1998
f 528/546/1998 3439/3626/2064 4092/1855/2065 3410/3597/2007
f 3439/3626/2064 541/559/2063 3440/3627/2066 4092/1855/2065
f 4092/1855/2065 3440/3627/2066 542/560/2067 3441/3628/2068
f 3410/3597/2007 4092/1855/2065 3441/3628/2068 529/547/2008
f 529/547/2008 3441/3628/2068 4093/1856/2069 3415/3602/2017
f 3441/3628/2068 542/560/2067 3442/3629/2070 4093/1856/2069
f 4093/1856/2069 3442/3629/2070 543/561/2071 3443/3630/2072
f 3415/3602/2017 4093/1856/2069 3443/3630/2072 530/548/2018
s 14
f 531/549/2027 3444/3631/2073 4094/1857/2074 3421/3608/2028
f 3444/3631/2073 544/562/2075 3445/3632/2076 4094/1857/2074
f 4094/1857/2074 3445/3632/2076 545/563/2077 3446/3633/2078
f 3421/3608/2028 4094/1857/2074 3446/3633/2078 532/550/2029
f 532/550/2029 3446/3633/2078 4095/1858/2079 3423/3610/2032
f 3446/3633/2078 545/563/2077 3447/3634/2080 4095/1858/2079
f 4095/1858/2079 3447/3634/2080 546/564/2081 3448/3635/2082
f 3423/3610/2032 4095/1858/2079 3448/3635/2082 533/551/2033
f 533/551/2033 3448/3635/2082 4096/1859/2083 3425/3612/2036
f 3448/3635/2082 546/564/2081 3449/3636/2084 4096/1859/2083
f 4096/1859/2083 3449/3636/2084 547/565/2085 3450/3637/2086
f 3425/3612/2036 4096/1859/2083 3450/3637/2086 534/552/2037
f 534/552/2037 3450/3637/2086 4097/1860/2087 3427/3614/2040
f 3450/3637/2086 547/565/2085 3451/3638/2088 4097/1860/2087
f 4097/1860/2087 3451/3638/2088 548/566/2089 3452/3639/2090
f 3427/3614/2040 4097/1860/2087 3452/3639/2090 535/553/2041
s 15
f 536/554/2045 3453/3640/2091 4098/1861/2092 3430/3617/2046
f 3453/3640/2091 549/567/2093 3454/3641/2094 4098/1861/2092
f 4098/1861/2092 3454/3641/2094 550/569/2095 3455/3643/2096
f 3430/3617/2046 4098/1861/2092 3455/3643/2096 537/555/2047
f 537/555/2047 3455/3643/2096 4099/1862/2097 3432/3619/2050
f 3455/3643/2096 550/569/2095 3456/3644/2098 4099/1862/2097
f 4099/1862/2097 3456/3644/2098 551/571/2099 3457/3646/2100
f 3432/3619/2050 4099/1862/2097 3457/3646/2100 538/556/2051
f 538/556/2051 3457/3646/2100 4100/1863/2101 3434/3621/2054
f 3457/3646/2100 551/571/2099 3458/3647/2102 4100/1863/2101
f 4100/1863/2101 3458/3647/2102 552/573/2103 3459/3649/2104
f 3434/3621/2054 4100/1863/2101 3459/3649/2104 539/557/2055
f 539/557/2055 3459/3649/2104 4101/1864/2105 3436/3623/2058
f 3459/3649/2104 552/573/2103 3460/3650/2106 4101/1864/2105
f 4101/1864/2105 3460/3650/2106 553/575/2107 3461/3652/2108
f 3436/3623/2058 4101/1864/2105 3461/3652/2108 540/558/2059
f 540/558/2059 3461/3652/2108 4102/1865/2109 3438/3625/2062
f 3461/3652/2108 553/575/2107 3462/3653/2110 4102/1865/2109
f 4102/1865/2109 3462/3653/2110 554/577/2111 3463/3655/2112
f 3438/3625/2062 4102/1865/2109 3463/3655/2112 541/559/2063
f 541/559/2063 3463/3655/2112 4103/1866/2113 3440/3627/2066
f 3463/3655/2112 554/577/2111 3464/3656/2114 4103/1866/2113
f 4103/1866/2113 3464/3656/2114 555/579/2115 3465/3658/2116
f 3440/3627/2066 4103/1866/2113 3465/3658/2116 542/560/2067
f 542/560/2067 3465/3658/2116 4104/1867/2117 3442/3629/2070
f 3465/3658/2116 555/579/2115 3466/3659/2118 4104/1867/2117
f 4104/1867/2117 3466/3659/2118 556/581/2119 3467/3661/2120
f 3442/3629/2070 4104/1867/2117 3467/3661/2120 543/561/2071
s 14
f 544/562/2075 3468/3662/2121 4105/1868/2122 3445/3632/2076
f 3468/3662/2121 842/881/2123 3469/3663/2124 4105/1868/2122
f 4105/1868/2122 3469/3663/2124 843/882/2125 3470/3664/2126
f 3445/3632/2076 4105/1868/2122 3470/3664/2126 545/563/2077
f 545/563/2077 3470/3664/2126 4106/1869/2127 3447/3634/2080
f 3470/3664/2126 843/882/2125 3471/3665/2128 4106/1869/2127
f 4106/1869/2127 3471/3665/2128 844/883/2129 3472/3666/2130
f 3447/3634/2080 4106/1869/2127 3472/3666/2130 546/564/2081
f 546/564/2081 3472/3666/2130 4107/1870/2131 3449/3636/2084
f 3472/3666/2130 844/883/2129 3473/3667/2132 4107/1870/2131
f 4107/1870/2131 3473/3667/2132 845/884/2133 3474/3668/2134
f 3449/3636/2084 4107/1870/2131 3474/3668/2134 547/565/2085
f 547/565/2085 3474/3668/2134 4108/1871/2135 3451/3638/2088
f 3474/3668/2134 845/884/2133 3475/3669/2136 4108/1871/2135
f 4108/1871/2135 3475/3669/2136 557/583/2137 3476/3670/2138
f 3451/3638/2088 4108/1871/2135 3476/3670/2138 548/566/2089
s 15
f 549/568/2093 3477/3671/2139 4109/1872/2140 3454/3642/2094
f 3477/3671/2139 558/584/2141 3478/3672/2142 4109/1872/2140
f 4109/1872/2140 3478/3672/2142 559/585/2143 3479/3673/2144
f 3454/3642/2094 4109/1872/2140 3479/3673/2144 550/570/2095
f 550/570/2095 3479/3673/2144 4110/1873/2145 3456/3645/2098
f 3479/3673/2144 559/585/2143 3480/3674/2146 4110/1873/2145
f 4110/1873/2145 3480/3674/2146 560/586/2147 3481/3675/2148
f 3456/3645/2098 4110/1873/2145 3481/3675/2148 551/572/2099
f 551/572/2099 3481/3675/2148 4111/1874/2149 3458/3648/2102
f 3481/3675/2148 560/586/2147 3482/3676/2150 4111/1874/2149
f 4111/1874/2149 3482/3676/2150 561/587/2151 3483/3677/2152
f 3458/3648/2102 4111/1874/2149 3483/3677/2152 552/574/2103
f 552/574/2103 3483/3677/2152 4112/1875/2153 3460/3651/2106
f 3483/3677/2152 561/587/2151 3484/3678/2154 4112/1875/2153
f 4112/1875/2153 3484/3678/2154 562/588/2155 3485/3679/2156
f 3460/3651/2106 4112/1875/2153 3485/3679/2156 553/576/2107
f 553/576/2107 3485/3679/2156 4113/1876/2157 3462/3654/2110
f 3485/3679/2156 562/588/2155 3486/3680/2158 4113/1876/2157
f 4113/1876/2157 3486/3680/2158 563/589/2159 3487/3681/2160
f 3462/3654/2110 4113/1876/2157 3487/3681/2160 554/578/2111
f 554/578/2111 3487/3681/2160 4114/1877/2161 3464/3657/2114
f 3487/3681/2160 563/589/2159 3488/3682/2162 4114/1877/2161
f 4114/1877/2161 3488/3682/2162 564/590/2163 3489/3683/2164
f 3464/3657/2114 4114/1877/2161 3489/3683/2164 555/580/2115
f 555/580/2115 3489/3683/2164 4115/1878/2165 3466/3660/2118
f 3489/3683/2164 564/590/2163 3490/3684/2166 4115/1878/2165
f 4115/1878/2165 3490/3684/2166 565/591/2167 3491/3685/2168
f 3466/3660/2118 4115/1878/2165 3491/3685/2168 556/582/2119
s 14
f 557/583/2137 3475/3669/2136 4116/1879/2169 3494/3688/2170
f 3475/3669/2136 845/884/2133 3492/3686/2171 4116/1879/2169
f 4116/1879/2169 3492/3686/2171 849/888/2172 3493/3687/2173
f 3494/3688/2170 4116/1879/2169 3493/3687/2173 850/889/2174
s 15
f 558/584/2141 3495/3689/2175 4117/1880/2176 3478/3672/2142
f 3495/3689/2175 851/890/2177 3496/3690/2178 4117/1880/2176
f 4117/1880/2176 3496/3690/2178 852/891/2179 3497/3691/2180
f 3478/3672/2142 4117/1880/2176 3497/3691/2180 559/585/2143
f 559/585/2143 3497/3691/2180 4118/1881/2181 3480/3674/2146
f 3497/3691/2180 852/891/2179 3498/3692/2182 4118/1881/2181
f 4118/1881/2181 3498/3692/2182 566/592/2183 3499/3693/2184
f 3480/3674/2146 4118/1881/2181 3499/3693/2184 560/586/2147
f 560/586/2147 3499/3693/2184 4119/1882/2185 3482/3676/2150
f 3499/3693/2184 566/592/2183 3500/3694/2186 4119/1882/2185
f 4119/1882/2185 3500/3694/2186 567/593/2187 3501/3695/2188
f 3482/3676/2150 4119/1882/2185 3501/3695/2188 561/587/2151
f 561/587/2151 3501/3695/2188 4120/1883/2189 3484/3678/2154
f 3501/3695/2188 567/593/2187 3502/3696/2190 4120/1883/2189
f 4120/1883/2189 3502/3696/2190 568/594/2191 3503/3697/2192
f 3484/3678/2154 4120/1883/2189 3503/3697/2192 562/588/2155
f 562/588/2155 3503/3697/2192 4121/1884/2193 3486/3680/2158
f 3503/3697/2192 568/594/2191 3504/3698/2194 4121/1884/2193
f 4121/1884/2193 3504/3698/2194 569/595/2195 3505/3699/2196
f 3486/3680/2158 4121/1884/2193 3505/3699/2196 563/589/2159
f 563/589/2159 3505/3699/2196 4122/1885/2197 3488/3682/2162
f 3505/3699/2196 569/595/2195 3506/3700/2198 4122/1885/2197
f 4122/1885/2197 3506/3700/2198 570/596/2199 3507/3701/2200
f 3488/3682/2162 4122/1885/2197 3507/3701/2200 564/590/2163
f 564/590/2163 3507/3701/2200 4123/1886/2201 3490/3684/2166
f 3507/3701/2200 570/596/2199 3508/3702/2202 4123/1886/2201
f 4123/1886/2201 3508/3702/2202 571/597/2203 3509/3703/2204
f 3490/3684/2166 4123/1886/2201 3509/3703/2204 565/591/2167
f 566/592/2183 3510/3704/2205 4124/1887/2206 3500/3694/2186
f 3510/3704/2205 859/898/2207 3511/3705/2208 4124/1887/2206
f 4124/1887/2206 3511/3705/2208 860/899/2209 3512/3706/2210
f 3500/3694/2186 4124/1887/2206 3512/3706/2210 567/593/2187
f 566/592/2183 3498/3692/2182 4125/1888/2211 3510/3704/2205
f 3498/3692/2182 852/891/2179 3513/3707/2212 4125/1888/2211
f 4125/1888/2211 3513/3707/2212 858/897/2213 3514/3708/2214
f 3510/3704/2205 4125/1888/2211 3514/3708/2214 859/898/2207
f 567/593/2187 3512/3706/2210 4126/1889/2215 3502/3696/2190
f 3512/3706/2210 860/899/2209 3515/3709/2216 4126/1889/2215
f 4126/1889/2215 3515/3709/2216 861/900/2217 3516/3710/2218
f 3502/3696/2190 4126/1889/2215 3516/3710/2218 568/594/2191
f 568/594/2191 3516/3710/2218 4127/1890/2219 3504/3698/2194
f 3516/3710/2218 861/900/2217 3517/3711/2220 4127/1890/2219
f 4127/1890/2219 3517/3711/2220 862/901/2221 3518/3712/2222
f 3504/3698/2194 4127/1890/2219 3518/3712/2222 569/595/2195
f 569/595/2195 3518/3712/2222 4128/1891/2223 3506/3700/2198
f 3518/3712/2222 862/901/2221 3519/3713/2224 4128/1891/2223
f 4128/1891/2223 3519/3713/2224 572/598/2225 3520/3714/2226
f 3506/3700/2198 4128/1891/2223 3520/3714/2226 570/596/2199
f 570/596/2199 3520/3714/2226 4129/1892/2227 3508/3702/2202
f 3520/3714/2226 572/598/2225 3521/3715/2228 4129/1892/2227
f 4129/1892/2227 3521/3715/2228 573/599/2229 3522/3716/2230
f 3508/3702/2202 4129/1892/2227 3522/3716/2230 571/597/2203
f 572/598/2225 3523/3717/2231 4130/1893/2232 3521/3715/2228
f 3523/3717/2231 866/905/2233 3524/3718/2234 4130/1893/2232
f 4130/1893/2232 3524/3718/2234 867/906/2235 3525/3719/2236
f 3521/3715/2228 4130/1893/2232 3525/3719/2236 573/599/2229
f 572/598/2225 3519/3713/2224 4131/1894/2237 3523/3717/2231
f 3519/3713/2224 862/901/2221 3526/3720/2238 4131/1894/2237
f 4131/1894/2237 3526/3720/2238 865/904/2239 3527/3721/2240
f 3523/3717/2231 4131/1894/2237 3527/3721/2240 866/905/2233
s 14
f 574/600/2241 3528/3722/2242 4132/1895/2243 3531/3725/2244
f 3528/3722/2242 707/744/2245 3529/3723/2246 4132/1895/2243
f 4132/1895/2243 3529/3723/2246 709/746/2247 3530/3724/2248
f 3531/3725/2244 4132/1895/2243 3530/3724/2248 710/747/2249
f 574/600/2241 3532/3726/2250 4133/1896/2251 3528/3722/2242
f 3532/3726/2250 683/717/2252 3533/3727/2253 4133/1896/2251
f 4133/1896/2251 3533/3727/2253 694/729/2254 3534/3729/2255
f 3528/3722/2242 4133/1896/2251 3534/3729/2255 707/744/2245
f 574/600/2241 3535/3730/2256 4134/1897/2257 3532/3726/2250
f 3535/3730/2256 575/601/2258 3536/3731/2259 4134/1897/2257
f 4134/1897/2257 3536/3731/2259 841/879/2260 3537/3732/2261
f 3532/3726/2250 4134/1897/2257 3537/3732/2261 683/717/2252
f 574/600/2241 3531/3725/2244 4135/1898/2262 3535/3730/2256
f 3531/3725/2244 710/747/2249 3538/3734/2263 4135/1898/2262
f 4135/1898/2262 3538/3734/2263 711/748/2264 3539/3735/2265
f 3535/3730/2256 4135/1898/2262 3539/3735/2265 575/601/2258
f 575/601/2258 3540/3736/2266 4136/1899/2267 3536/3731/2259
f 3540/3736/2266 576/602/2268 3541/3737/2269 4136/1899/2267
f 4136/1899/2267 3541/3737/2269 840/877/2270 3542/3738/2271
f 3536/3731/2259 4136/1899/2267 3542/3738/2271 841/879/2260
f 575/601/2258 3539/3735/2265 4137/1900/2272 3540/3736/2266
f 3539/3735/2265 711/748/2264 3543/3740/2273 4137/1900/2272
f 4137/1900/2272 3543/3740/2273 712/749/2274 3544/3741/2275
f 3540/3736/2266 4137/1900/2272 3544/3741/2275 576/602/2268
s 15
f 577/603/2276 3545/3742/2277 4138/1901/2278 3548/3745/2279
f 3545/3742/2277 578/604/2280 3546/3743/2281 4138/1901/2278
f 4138/1901/2278 3546/3743/2281 837/874/2282 3547/3744/2283
f 3548/3745/2279 4138/1901/2278 3547/3744/2283 839/876/2284
f 577/603/2276 3549/3746/2285 4139/1902/2286 3545/3742/2277
f 3549/3746/2285 585/611/2287 3550/3747/2288 4139/1902/2286
f 4139/1902/2286 3550/3747/2288 586/613/2289 3551/3749/2290
f 3545/3742/2277 4139/1902/2286 3551/3749/2290 578/604/2280
f 578/604/2280 3552/3750/2291 4140/1903/2292 3546/3743/2281
f 3552/3750/2291 579/605/2293 3553/3751/2294 4140/1903/2292
f 4140/1903/2292 3553/3751/2294 834/871/2295 3554/3752/2296
f 3546/3743/2281 4140/1903/2292 3554/3752/2296 837/874/2282
f 578/604/2280 3551/3749/2290 4141/1904/2297 3552/3750/2291
f 3551/3749/2290 586/613/2289 3555/3753/2298 4141/1904/2297
f 4141/1904/2297 3555/3753/2298 587/615/2299 3556/3755/2300
f 3552/3750/2291 4141/1904/2297 3556/3755/2300 579/605/2293
f 579/605/2293 3557/3756/2301 4142/1905/2302 3553/3751/2294
f 3557/3756/2301 580/606/2303 3558/3757/2304 4142/1905/2302
f 4142/1905/2302 3558/3757/2304 831/868/2305 3559/3758/2306
f 3553/3751/2294 4142/1905/2302 3559/3758/2306 834/871/2295
f 579/605/2293 3556/3755/2300 4143/1906/2307 3557/3756/2301
f 3556/3755/2300 587/615/2299 3560/3759/2308 4143/1906/2307
f 4143/1906/2307 3560/3759/2308 588/617/2309 3561/3761/2310
f 3557/3756/2301 4143/1906/2307 3561/3761/2310 580/606/2303
f 580/606/2303 3561/3761/2310 4144/1907/2311 3564/3765/2312
f 3561/3761/2310 588/617/2309 3562/3762/2313 4144/1907/2311
f 4144/1907/2311 3562/3762/2313 589/619/2314 3563/3764/2315
f 3564/3765/2312 4144/1907/2311 3563/3764/2315 581/607/2316
f 580/606/2303 3564/3765/2312 4145/1908/2317 3558/3757/2304
f 3564/3765/2312 581/607/2316 3565/3766/2318 4145/1908/2317
f 4145/1908/2317 3565/3766/2318 827/864/2319 3566/3767/2320
f 3558/3757/2304 4145/1908/2317 3566/3767/2320 831/868/2305
f 581/607/2316 3563/3764/2315 4146/1909/2321 3569/3771/2322
f 3563/3764/2315 589/619/2314 3567/3768/2323 4146/1909/2321
f 4146/1909/2321 3567/3768/2323 590/621/2324 3568/3770/2325
f 3569/3771/2322 4146/1909/2321 3568/3770/2325 582/608/2326
f 581/607/2316 3569/3771/2322 4147/1910/2327 3565/3766/2318
f 3569/3771/2322 582/608/2326 3570/3772/2328 4147/1910/2327
f 4147/1910/2327 3570/3772/2328 823/860/2329 3571/3773/2330
f 3565/3766/2318 4147/1910/2327 3571/3773/2330 827/864/2319
f 582/608/2326 3568/3770/2325 4148/1911/2331 3574/3777/2332
f 3568/3770/2325 590/621/2324 3572/3774/2333 4148/1911/2331
f 4148/1911/2331 3572/3774/2333 591/623/2334 3573/3776/2335
f 3574/3777/2332 4148/1911/2331 3573/3776/2335 583/609/2336
f 582/608/2326 3574/3777/2332 4149/1912/2337 3570/3772/2328
f 3574/3777/2332 583/609/2336 3575/3778/2338 4149/1912/2337
f 4149/1912/2337 3575/3778/2338 818/855/2339 3576/3779/2340
f 3570/3772/2328 4149/1912/2337 3576/3779/2340 823/860/2329
f 583/609/2336 3573/3776/2335 4150/1913/2341 3579/3783/2342
f 3573/3776/2335 591/623/2334 3577/3780/2343 4150/1913/2341
f 4150/1913/2341 3577/3780/2343 592/625/2344 3578/3782/2345
f 3579/3783/2342 4150/1913/2341 3578/3782/2345 584/610/2346
f 583/609/2336 3579/3783/2342 4151/1914/2347 3575/3778/2338
f 3579/3783/2342 584/610/2346 3580/3784/2348 4151/1914/2347
f 4151/1914/2347 3580/3784/2348 813/850/2349 3581/3785/2350
f 3575/3778/2338 4151/1914/2347 3581/3785/2350 818/855/2339
f 585/612/2287 3582/3786/2351 4152/1915/2352 3550/3748/2288
f 3582/3786/2351 718/755/2353 3583/3787/2354 4152/1915/2352
f 4152/1915/2352 3583/3787/2354 719/756/2355 3584/3788/2356
f 3550/3748/2288 4152/1915/2352 3584/3788/2356 586/614/2289
f 586/614/2289 3584/3788/2356 4153/1916/2357 3555/3754/2298
f 3584/3788/2356 719/756/2355 3585/3789/2358 4153/1916/2357
f 4153/1916/2357 3585/3789/2358 593/627/2359 3586/3790/2360
f 3555/3754/2298 4153/1916/2357 3586/3790/2360 587/616/2299
f 587/616/2299 3586/3790/2360 4154/1917/2361 3560/3760/2308
f 3586/3790/2360 593/627/2359 3587/3791/2362 4154/1917/2361
f 4154/1917/2361 3587/3791/2362 594/628/2363 3588/3792/2364
f 3560/3760/2308 4154/1917/2361 3588/3792/2364 588/618/2309
f 588/618/2309 3588/3792/2364 4155/1918/2365 3562/3763/2313
f 3588/3792/2364 594/628/2363 3589/3793/2366 4155/1918/2365
f 4155/1918/2365 3589/3793/2366 595/629/2367 3590/3794/2368
f 3562/3763/2313 4155/1918/2365 3590/3794/2368 589/620/2314
f 589/620/2314 3590/3794/2368 4156/1919/2369 3567/3769/2323
f 3590/3794/2368 595/629/2367 3591/3795/2370 4156/1919/2369
f 4156/1919/2369 3591/3795/2370 596/630/2371 3592/3796/2372
f 3567/3769/2323 4156/1919/2369 3592/3796/2372 590/622/2324
f 590/622/2324 3592/3796/2372 4157/1920/2373 3572/3775/2333
f 3592/3796/2372 596/630/2371 3593/3797/2374 4157/1920/2373
f 4157/1920/2373 3593/3797/2374 597/631/2375 3594/3798/2376
f 3572/3775/2333 4157/1920/2373 3594/3798/2376 591/624/2334
f 591/624/2334 3594/3798/2376 4158/1921/2377 3577/3781/2343
f 3594/3798/2376 597/631/2375 3595/3799/2378 4158/1921/2377
f 4158/1921/2377 3595/3799/2378 598/632/2379 3596/3800/2380
f 3577/3781/2343 4158/1921/2377 3596/3800/2380 592/626/2344
f 593/627/2359 3585/3789/2358 4159/1922/2381 3599/3803/2382
f 3585/3789/2358 719/756/2355 3597/3801/2383 4159/1922/2381
f 4159/1922/2381 3597/3801/2383 726/763/2384 3598/3802/2385
f 3599/3803/2382 4159/1922/2381 3598/3802/2385 727/764/2386
f 593/627/2359 3599/3803/2382 4160/1923/2387 3587/3791/2362
f 3599/3803/2382 727/764/2386 3600/3804/2388 4160/1923/2387
f 4160/1923/2387 3600/3804/2388 728/765/2389 3601/3805/2390
f 3587/3791/2362 4160/1923/2387 3601/3805/2390 594/628/2363
f 594/628/2363 3601/3805/2390 4161/1924/2391 3589/3793/2366
f 3601/3805/2390 728/765/2389 3602/3806/2392 4161/1924/2391
f 4161/1924/2391 3602/3806/2392 729/766/2393 3603/3807/2394
f 3589/3793/2366 4161/1924/2391 3603/3807/2394 595/629/2367
f 595/629/2367 3603/3807/2394 4162/1925/2395 3591/3795/2370
f 3603/3807/2394 729/766/2393 3604/3808/2396 4162/1925/2395
f 4162/1925/2395 3604/3808/2396 599/633/2397 3605/3809/2398
f 3591/3795/2370 4162/1925/2395 3605/3809/2398 596/630/2371
f 596/630/2371 3605/3809/2398 4163/1926/2399 3593/3797/2374
f 3605/3809/2398 599/633/2397 3606/3810/2400 4163/1926/2399
f 4163/1926/2399 3606/3810/2400 600/634/2401 3607/3811/2402
f 3593/3797/2374 4163/1926/2399 3607/3811/2402 597/631/2375
f 597/631/2375 3607/3811/2402 4164/1927/2403 3595/3799/2378
f 3607/3811/2402 600/634/2401 3608/3812/2404 4164/1927/2403
f 4164/1927/2403 3608/3812/2404 601/635/2405 3609/3813/2406
f 3595/3799/2378 4164/1927/2403 3609/3813/2406 598/632/2379
f 599/633/2397 3604/3808/2396 4165/1928/2407 3612/3816/2408
f 3604/3808/2396 729/766/2393 3610/3814/2409 4165/1928/2407
f 4165/1928/2407 3610/3814/2409 739/776/2410 3611/3815/2411
f 3612/3816/2408 4165/1928/2407 3611/3815/2411 740/777/2412
f 599/633/2397 3612/3816/2408 4166/1929/2413 3606/3810/2400
f 3612/3816/2408 740/777/2412 1205/3817/2414 4166/1929/2413
f 4166/1929/2413 1205/3817/2414 741/778/2415 1206/3818/2416
f 3606/3810/2400 4166/1929/2413 1206/3818/2416 600/634/2401
f 600/634/2401 1206/3818/2416 4167/1930/2417 3608/3812/2404
f 1206/3818/2416 741/778/2415 1207/3819/2418 4167/1930/2417
f 4167/1930/2417 1207/3819/2418 742/779/2419 1208/3820/2420
f 3608/3812/2404 4167/1930/2417 1208/3820/2420 601/635/2405
f 602/636/2421 1209/3821/2422 4168/1931/2423 1212/3824/2424
f 1209/3821/2422 606/640/2425 1210/3822/2426 4168/1931/2423
f 4168/1931/2423 1210/3822/2426 607/641/2427 1211/3823/2428
f 1212/3824/2424 4168/1931/2423 1211/3823/2428 603/637/2429
f 602/636/2421 1213/3825/2430 4169/1932/2431 1209/3821/2422
f 1213/3825/2430 867/906/2235 3524/3718/2234 4169/1932/2431
f 4169/1932/2431 3524/3718/2234 866/905/2233 1214/3826/2432
f 1209/3821/2422 4169/1932/2431 1214/3826/2432 606/640/2425
f 603/637/2429 1211/3823/2428 4170/1933/2433 1217/3829/2434
f 1211/3823/2428 607/641/2427 1215/3827/2435 4170/1933/2433
f 4170/1933/2433 1215/3827/2435 608/642/2436 1216/3828/2437
f 1217/3829/2434 4170/1933/2433 1216/3828/2437 604/638/2438
f 604/638/2438 1216/3828/2437 4171/1934/2439 1220/3832/2440
f 1216/3828/2437 608/642/2436 1218/3830/2441 4171/1934/2439
f 4171/1934/2439 1218/3830/2441 609/643/2442 1219/3831/2443
f 1220/3832/2440 4171/1934/2439 1219/3831/2443 605/639/2444
f 605/639/2444 1219/3831/2443 4172/1935/2445 1223/3835/2446
f 1219/3831/2443 609/643/2442 1221/3833/2447 4172/1935/2445
f 4172/1935/2445 1221/3833/2447 610/644/2448 1222/3834/2449
f 1223/3835/2446 4172/1935/2445 1222/3834/2449 808/845/2450
f 606/640/2425 1224/3836/2451 4173/1936/2452 1210/3822/2426
f 1224/3836/2451 611/645/2453 1225/3837/2454 4173/1936/2452
f 4173/1936/2452 1225/3837/2454 612/646/2455 1226/3838/2456
f 1210/3822/2426 4173/1936/2452 1226/3838/2456 607/641/2427
f 606/640/2425 1214/3826/2432 4174/1937/2457 1224/3836/2451
f 1214/3826/2432 866/905/2233 3527/3721/2240 4174/1937/2457
f 4174/1937/2457 3527/3721/2240 865/904/2239 1227/3839/2458
f 1224/3836/2451 4174/1937/2457 1227/3839/2458 611/645/2453
f 607/641/2427 1226/3838/2456 4175/1938/2459 1215/3827/2435
f 1226/3838/2456 612/646/2455 1228/3840/2460 4175/1938/2459
f 4175/1938/2459 1228/3840/2460 613/647/2461 1229/3841/2462
f 1215/3827/2435 4175/1938/2459 1229/3841/2462 608/642/2436
f 608/642/2436 1229/3841/2462 4176/1939/2463 1218/3830/2441
f 1229/3841/2462 613/647/2461 1230/3842/2464 4176/1939/2463
f 4176/1939/2463 1230/3842/2464 614/648/2465 1231/3843/2466
f 1218/3830/2441 4176/1939/2463 1231/3843/2466 609/643/2442
f 609/643/2442 1231/3843/2466 4177/1940/2467 1221/3833/2447
f 1231/3843/2466 614/648/2465 1232/3844/2468 4177/1940/2467
f 4177/1940/2467 1232/3844/2468 615/649/2469 1233/3845/2470
f 1221/3833/2447 4177/1940/2467 1233/3845/2470 610/644/2448
f 610/644/2448 1234/3846/2471 4178/1941/2472 1222/3834/2449
f 1234/3846/2471 814/851/2473 1235/3847/2474 4178/1941/2472
f 4178/1941/2472 1235/3847/2474 809/846/2475 1236/3848/2476
f 1222/3834/2449 4178/1941/2472 1236/3848/2476 808/845/2450
f 610/644/2448 1233/3845/2470 4179/1942/2477 1234/3846/2471
f 1233/3845/2470 615/649/2469 1237/3849/2478 4179/1942/2477
f 4179/1942/2477 1237/3849/2478 819/856/2479 1238/3850/2480
f 1234/3846/2471 4179/1942/2477 1238/3850/2480 814/851/2473
f 611/645/2453 1239/3851/2481 4180/1943/2482 1225/3837/2454
f 1239/3851/2481 616/650/2483 1240/3852/2484 4180/1943/2482
f 4180/1943/2482 1240/3852/2484 617/651/2485 1241/3853/2486
f 1225/3837/2454 4180/1943/2482 1241/3853/2486 612/646/2455
f 611/645/2453 1227/3839/2458 4181/1944/2487 1239/3851/2481
f 1227/3839/2458 865/904/2239 1242/3854/2488 4181/1944/2487
f 4181/1944/2487 1242/3854/2488 864/903/2489 1243/3855/2490
f 1239/3851/2481 4181/1944/2487 1243/3855/2490 616/650/2483
f 612/646/2455 1241/3853/2486 4182/1945/2491 1228/3840/2460
f 1241/3853/2486 617/651/2485 1244/3856/2492 4182/1945/2491
f 4182/1945/2491 1244/3856/2492 618/652/2493 1245/3857/2494
f 1228/3840/2460 4182/1945/2491 1245/3857/2494 613/647/2461
f 613/647/2461 1245/3857/2494 4183/1946/2495 1230/3842/2464
f 1245/3857/2494 618/652/2493 1246/3858/2496 4183/1946/2495
f 4183/1946/2495 1246/3858/2496 619/653/2497 1247/3859/2498
f 1230/3842/2464 4183/1946/2495 1247/3859/2498 614/648/2465
f 614/648/2465 1247/3859/2498 4184/1947/2499 1232/3844/2468
f 1247/3859/2498 619/653/2497 1248/3860/2500 4184/1947/2499
f 4184/1947/2499 1248/3860/2500 620/654/2501 1249/3861/2502
f 1232/3844/2468 4184/1947/2499 1249/3861/2502 615/649/2469
f 615/649/2469 1249/3861/2502 4185/1948/2503 1237/3849/2478
f 1249/3861/2502 620/654/2501 1250/3862/2504 4185/1948/2503
f 4185/1948/2503 1250/3862/2504 621/655/2505 1251/3863/2506
f 1237/3849/2478 4185/1948/2503 1251/3863/2506 819/856/2479
f 616/650/2483 1252/3864/2507 4186/1949/2508 1240/3852/2484
f 1252/3864/2507 622/656/2509 1253/3865/2510 4186/1949/2508
f 4186/1949/2508 1253/3865/2510 623/657/2511 1254/3866/2512
f 1240/3852/2484 4186/1949/2508 1254/3866/2512 617/651/2485
f 616/650/2483 1243/3855/2490 4187/1950/2513 1252/3864/2507
f 1243/3855/2490 864/903/2489 1255/3867/2514 4187/1950/2513
f 4187/1950/2513 1255/3867/2514 863/902/2515 1256/3868/2516
f 1252/3864/2507 4187/1950/2513 1256/3868/2516 622/656/2509
f 617/651/2485 1254/3866/2512 4188/1951/2517 1244/3856/2492
f 1254/3866/2512 623/657/2511 1257/3869/2518 4188/1951/2517
f 4188/1951/2517 1257/3869/2518 624/658/2519 1258/3870/2520
f 1244/3856/2492 4188/1951/2517 1258/3870/2520 618/652/2493
f 618/652/2493 1258/3870/2520 4189/1952/2521 1246/3858/2496
f 1258/3870/2520 624/658/2519 1259/3871/2522 4189/1952/2521
f 4189/1952/2521 1259/3871/2522 625/659/2523 1260/3872/2524
f 1246/3858/2496 4189/1952/2521 1260/3872/2524 619/653/2497
f 619/653/2497 1260/3872/2524 4190/1953/2525 1248/3860/2500
f 1260/3872/2524 625/659/2523 1261/3873/2526 4190/1953/2525
f 4190/1953/2525 1261/3873/2526 626/660/2527 1262/3874/2528
f 1248/3860/2500 4190/1953/2525 1262/3874/2528 620/654/2501
f 620/654/2501 1262/3874/2528 4191/1954/2529 1250/3862/2504
f 1262/3874/2528 626/660/2527 1263/3875/2530 4191/1954/2529
f 4191/1954/2529 1263/3875/2530 627/661/2531 1264/3876/2532
f 1250/3862/2504 4191/1954/2529 1264/3876/2532 621/655/2505
f 621/655/2505 1265/3877/2533 4192/1955/2534 1251/3863/2506
f 1265/3877/2533 824/861/2535 1266/3878/2536 4192/1955/2534
f 4192/1955/2534 1266/3878/2536 820/857/2537 1267/3879/2538
f 1251/3863/2506 4192/1955/2534 1267/3879/2538 819/856/2479
f 621/655/2505 1264/3876/2532 4193/1956/2539 1265/3877/2533
f 1264/3876/2532 627/661/2531 1268/3880/2540 4193/1956/2539
f 4193/1956/2539 1268/3880/2540 828/865/2541 1269/3881/2542
f 1265/3877/2533 4193/1956/2539 1269/3881/2542 824/861/2535
f 622/656/2509 1270/3882/2543 4194/1957/2544 1253/3865/2510
f 1270/3882/2543 629/663/2545 1271/3883/2546 4194/1957/2544
f 4194/1957/2544 1271/3883/2546 630/664/2547 1272/3884/2548
f 1253/3865/2510 4194/1957/2544 1272/3884/2548 623/657/2511
f 622/656/2509 1256/3868/2516 4195/1958/2549 1270/3882/2543
f 1256/3868/2516 863/902/2515 1273/3885/2550 4195/1958/2549
f 4195/1958/2549 1273/3885/2550 628/662/2551 1274/3886/2552
f 1270/3882/2543 4195/1958/2549 1274/3886/2552 629/663/2545
f 623/657/2511 1272/3884/2548 4196/1959/2553 1257/3869/2518
f 1272/3884/2548 630/664/2547 1275/3887/2554 4196/1959/2553
f 4196/1959/2553 1275/3887/2554 631/665/2555 1276/3888/2556
f 1257/3869/2518 4196/1959/2553 1276/3888/2556 624/658/2519
f 624/658/2519 1276/3888/2556 4197/1960/2557 1259/3871/2522
f 1276/3888/2556 631/665/2555 1277/3889/2558 4197/1960/2557
f 4197/1960/2557 1277/3889/2558 632/666/2559 1278/3890/2560
f 1259/3871/2522 4197/1960/2557 1278/3890/2560 625/659/2523
f 625/659/2523 1278/3890/2560 4198/1961/2561 1261/3873/2526
f 1278/3890/2560 632/666/2559 1279/3891/2562 4198/1961/2561
f 4198/1961/2561 1279/3891/2562 633/667/2563 1280/3892/2564
f 1261/3873/2526 4198/1961/2561 1280/3892/2564 626/660/2527
f 626/660/2527 1280/3892/2564 4199/1962/2565 1263/3875/2530
f 1280/3892/2564 633/667/2563 1281/3893/2566 4199/1962/2565
f 4199/1962/2565 1281/3893/2566 634/668/2567 1282/3894/2568
f 1263/3875/2530 4199/1962/2565 1282/3894/2568 627/661/2531
f 627/661/2531 1282/3894/2568 4200/1963/2569 1268/3880/2540
f 1282/3894/2568 634/668/2567 1283/3895/2570 4200/1963/2569
f 4200/1963/2569 1283/3895/2570 635/669/2571 1284/3896/2572
f 1268/3880/2540 4200/1963/2569 1284/3896/2572 828/865/2541
f 628/662/2551 1285/3897/2573 4201/1964/2574 1287/3899/2575
f 1285/3897/2573 859/898/2207 3514/3708/2214 4201/1964/2574
f 4201/1964/2574 3514/3708/2214 858/897/2213 1286/3898/2576
f 1287/3899/2575 4201/1964/2574 1286/3898/2576 636/670/2577
f 628/662/2551 1273/3885/2550 4202/1965/2578 1285/3897/2573
f 1273/3885/2550 863/902/2515 1288/3900/2579 4202/1965/2578
f 4202/1965/2578 1288/3900/2579 860/899/2209 3511/3705/2208
f 1285/3897/2573 4202/1965/2578 3511/3705/2208 859/898/2207
f 628/662/2551 1287/3899/2575 4203/1966/2580 1274/3886/2552
f 1287/3899/2575 636/670/2577 1289/3901/2581 4203/1966/2580
f 4203/1966/2580 1289/3901/2581 637/671/2582 1290/3902/2583
f 1274/3886/2552 4203/1966/2580 1290/3902/2583 629/663/2545
f 629/663/2545 1290/3902/2583 4204/1967/2584 1271/3883/2546
f 1290/3902/2583 637/671/2582 1291/3903/2585 4204/1967/2584
f 4204/1967/2584 1291/3903/2585 638/672/2586 1292/3904/2587
f 1271/3883/2546 4204/1967/2584 1292/3904/2587 630/664/2547
f 630/664/2547 1292/3904/2587 4205/1968/2588 1275/3887/2554
f 1292/3904/2587 638/672/2586 1293/3905/2589 4205/1968/2588
f 4205/1968/2588 1293/3905/2589 639/673/2590 1294/3906/2591
f 1275/3887/2554 4205/1968/2588 1294/3906/2591 631/665/2555
f 631/665/2555 1294/3906/2591 4206/1969/2592 1277/3889/2558
f 1294/3906/2591 639/673/2590 1295/3907/2593 4206/1969/2592
f 4206/1969/2592 1295/3907/2593 640/674/2594 1296/3908/2595
f 1277/3889/2558 4206/1969/2592 1296/3908/2595 632/666/2559
f 632/666/2559 1296/3908/2595 4207/1970/2596 1279/3891/2562
f 1296/3908/2595 640/674/2594 1297/3909/2597 4207/1970/2596
f 4207/1970/2596 1297/3909/2597 641/675/2598 1298/3910/2599
f 1279/3891/2562 4207/1970/2596 1298/3910/2599 633/667/2563
f 633/667/2563 1298/3910/2599 4208/1971/2600 1281/3893/2566
f 1298/3910/2599 641/675/2598 1299/3911/2601 4208/1971/2600
f 4208/1971/2600 1299/3911/2601 642/676/2602 1300/3912/2603
f 1281/3893/2566 4208/1971/2600 1300/3912/2603 634/668/2567
f 634/668/2567 1300/3912/2603 4209/1972/2604 1283/3895/2570
f 1300/3912/2603 642/676/2602 1301/3913/2605 4209/1972/2604
f 4209/1972/2604 1301/3913/2605 643/677/2606 1302/3914/2607
f 1283/3895/2570 4209/1972/2604 1302/3914/2607 635/669/2571
f 635/669/2571 1303/3915/2608 4210/1973/2609 1284/3896/2572
f 1303/3915/2608 832/869/2610 1304/3916/2611 4210/1973/2609
f 4210/1973/2609 1304/3916/2611 829/866/2612 1305/3917/2613
f 1284/3896/2572 4210/1973/2609 1305/3917/2613 828/865/2541
f 635/669/2571 1302/3914/2607 4211/1974/2614 1303/3915/2608
f 1302/3914/2607 643/677/2606 1306/3918/2615 4211/1974/2614
f 4211/1974/2614 1306/3918/2615 835/872/2616 1307/3919/2617
f 1303/3915/2608 4211/1974/2614 1307/3919/2617 832/869/2610
f 636/670/2577 1286/3898/2576 4212/1975/2618 1310/3922/2619
f 1286/3898/2576 858/897/2213 1308/3920/2620 4212/1975/2618
f 4212/1975/2618 1308/3920/2620 857/896/2621 1309/3921/2622
f 1310/3922/2619 4212/1975/2618 1309/3921/2622 644/678/2623
f 636/670/2577 1310/3922/2619 4213/1976/2624 1289/3901/2581
f 1310/3922/2619 644/678/2623 1311/3923/2625 4213/1976/2624
f 4213/1976/2624 1311/3923/2625 645/679/2626 1312/3924/2627
f 1289/3901/2581 4213/1976/2624 1312/3924/2627 637/671/2582
f 637/671/2582 1312/3924/2627 4214/1977/2628 1291/3903/2585
f 1312/3924/2627 645/679/2626 1313/3925/2629 4214/1977/2628
f 4214/1977/2628 1313/3925/2629 646/680/2630 1314/3926/2631
f 1291/3903/2585 4214/1977/2628 1314/3926/2631 638/672/2586
f 638/672/2586 1314/3926/2631 4215/1978/2632 1293/3905/2589
f 1314/3926/2631 646/680/2630 1315/3927/2633 4215/1978/2632
f 4215/1978/2632 1315/3927/2633 647/681/2634 1316/3928/2635
f 1293/3905/2589 4215/1978/2632 1316/3928/2635 639/673/2590
f 639/673/2590 1316/3928/2635 4216/1979/2636 1295/3907/2593
f 1316/3928/2635 647/681/2634 1317/3929/2637 4216/1979/2636
f 4216/1979/2636 1317/3929/2637 648/682/2638 1318/3930/2639
f 1295/3907/2593 4216/1979/2636 1318/3930/2639 640/674/2594
f 640/674/2594 1318/3930/2639 4217/1980/2640 1297/3909/2597
f 1318/3930/2639 648/682/2638 1319/3931/2641 4217/1980/2640
f 4217/1980/2640 1319/3931/2641 649/683/2642 1320/3932/2643
f 1297/3909/2597 4217/1980/2640 1320/3932/2643 641/675/2598
f 641/675/2598 1320/3932/2643 4218/1981/2644 1299/3911/2601
f 1320/3932/2643 649/683/2642 1321/3933/2645 4218/1981/2644
f 4218/1981/2644 1321/3933/2645 650/684/2646 1322/3934/2647
f 1299/3911/2601 4218/1981/2644 1322/3934/2647 642/676/2602
f 642/676/2602 1322/3934/2647 4219/1982/2648 1301/3913/2605
f 1322/3934/2647 650/684/2646 1323/3935/2649 4219/1982/2648
f 4219/1982/2648 1323/3935/2649 651/685/2650 1324/3936/2651
f 1301/3913/2605 4219/1982/2648 1324/3936/2651 643/677/2606
f 643/677/2606 1324/3936/2651 4220/1983/2652 1306/3918/2615
f 1324/3936/2651 651/685/2650 1325/3937/2653 4220/1983/2652
f 4220/1983/2652 1325/3937/2653 652/686/2654 1326/3938/2655
f 1306/3918/2615 4220/1983/2652 1326/3938/2655 835/872/2616
f 652/686/2654 1327/3939/2656 4221/1984/2657 1326/3938/2655
f 1327/3939/2656 838/875/2658 1328/3940/2659 4221/1984/2657
f 4221/1984/2657 1328/3940/2659 836/873/2660 1329/3941/2661
f 1326/3938/2655 4221/1984/2657 1329/3941/2661 835/872/2616
s 14
f 653/687/2662 1330/3942/2663 4222/1985/2664 1333/3945/2665
f 1330/3942/2663 663/697/2666 1331/3943/2667 4222/1985/2664
f 4222/1985/2664 1331/3943/2667 664/698/2668 1332/3944/2669
f 1333/3945/2665 4222/1985/2664 1332/3944/2669 654/688/2670
f 653/687/2662 1334/3946/2671 4223/1986/2672 1330/3942/2663
f 1334/3946/2671 856/895/2673 1335/3947/2674 4223/1986/2672
f 4223/1986/2672 1335/3947/2674 855/894/2675 1336/3948/2676
f 1330/3942/2663 4223/1986/2672 1336/3948/2676 663/697/2666
f 654/688/2670 1332/3944/2669 4224/1987/2677 1339/3951/2678
f 1332/3944/2669 664/698/2668 1337/3949/2679 4224/1987/2677
f 4224/1987/2677 1337/3949/2679 665/699/2680 1338/3950/2681
f 1339/3951/2678 4224/1987/2677 1338/3950/2681 655/689/2682
f 655/689/2682 1338/3950/2681 4225/1988/2683 1342/3954/2684
f 1338/3950/2681 665/699/2680 1340/3952/2685 4225/1988/2683
f 4225/1988/2683 1340/3952/2685 666/700/2686 1341/3953/2687
f 1342/3954/2684 4225/1988/2683 1341/3953/2687 656/690/2688
f 656/690/2688 1341/3953/2687 4226/1989/2689 1345/3957/2690
f 1341/3953/2687 666/700/2686 1343/3955/2691 4226/1989/2689
f 4226/1989/2689 1343/3955/2691 667/701/2692 1344/3956/2693
f 1345/3957/2690 4226/1989/2689 1344/3956/2693 657/691/2694
f 657/691/2694 1344/3956/2693 4227/1990/2695 1348/3960/2696
f 1344/3956/2693 667/701/2692 1346/3958/2697 4227/1990/2695
f 4227/1990/2695 1346/3958/2697 668/702/2698 1347/3959/2699
f 1348/3960/2696 4227/1990/2695 1347/3959/2699 658/692/2700
f 658/692/2700 1347/3959/2699 4228/1991/2701 1351/3963/2702
f 1347/3959/2699 668/702/2698 1349/3961/2703 4228/1991/2701
f 4228/1991/2701 1349/3961/2703 669/703/2704 1350/3962/2705
f 1351/3963/2702 4228/1991/2701 1350/3962/2705 659/693/2706
f 659/693/2706 1350/3962/2705 4229/1992/2707 1354/3966/2708
f 1350/3962/2705 669/703/2704 1352/3964/2709 4229/1992/2707
f 4229/1992/2707 1352/3964/2709 670/704/2710 1353/3965/2711
f 1354/3966/2708 4229/1992/2707 1353/3965/2711 660/694/2712
f 660/694/2712 1353/3965/2711 4230/1993/2713 1357/3969/2714
f 1353/3965/2711 670/704/2710 1355/3967/2715 4230/1993/2713
f 4230/1993/2713 1355/3967/2715 671/705/2716 1356/3968/2717
f 1357/3969/2714 4230/1993/2713 1356/3968/2717 661/695/2718
f 661/695/2718 1356/3968/2717 4231/1994/2719 1360/3972/2720
f 1356/3968/2717 671/705/2716 1358/3970/2721 4231/1994/2719
f 4231/1994/2719 1358/3970/2721 672/706/2722 1359/3971/2723
f 1360/3972/2720 4231/1994/2719 1359/3971/2723 662/696/2724
f 662/696/2724 1359/3971/2723 4232/1995/2725 1362/3974/2726
f 1359/3971/2723 672/706/2722 1361/3973/2727 4232/1995/2725
f 4232/1995/2725 1361/3973/2727 841/880/2260 3542/3739/2271
f 1362/3974/2726 4232/1995/2725 3542/3739/2271 840/878/2270
f 663/697/2666 1363/3975/2728 4233/1996/2729 1331/3943/2667
f 1363/3975/2728 673/707/2730 1364/3976/2731 4233/1996/2729
f 4233/1996/2729 1364/3976/2731 674/708/2732 1365/3977/2733
f 1331/3943/2667 4233/1996/2729 1365/3977/2733 664/698/2668
f 663/697/2666 1336/3948/2676 4234/1997/2734 1363/3975/2728
f 1336/3948/2676 855/894/2675 1366/3978/2735 4234/1997/2734
f 4234/1997/2734 1366/3978/2735 854/893/2736 1367/3979/2737
f 1363/3975/2728 4234/1997/2734 1367/3979/2737 673/707/2730
f 664/698/2668 1365/3977/2733 4235/1998/2738 1337/3949/2679
f 1365/3977/2733 674/708/2732 1368/3980/2739 4235/1998/2738
f 4235/1998/2738 1368/3980/2739 675/709/2740 1369/3981/2741
f 1337/3949/2679 4235/1998/2738 1369/3981/2741 665/699/2680
f 665/699/2680 1369/3981/2741 4236/1999/2742 1340/3952/2685
f 1369/3981/2741 675/709/2740 1370/3982/2743 4236/1999/2742
f 4236/1999/2742 1370/3982/2743 676/710/2744 1371/3983/2745
f 1340/3952/2685 4236/1999/2742 1371/3983/2745 666/700/2686
f 666/700/2686 1371/3983/2745 4237/2000/2746 1343/3955/2691
f 1371/3983/2745 676/710/2744 1372/3984/2747 4237/2000/2746
f 4237/2000/2746 1372/3984/2747 677/711/2748 1373/3985/2749
f 1343/3955/2691 4237/2000/2746 1373/3985/2749 667/701/2692
f 667/701/2692 1373/3985/2749 4238/2001/2750 1346/3958/2697
f 1373/3985/2749 677/711/2748 1374/3986/2751 4238/2001/2750
f 4238/2001/2750 1374/3986/2751 678/712/2752 1375/3987/2753
f 1346/3958/2697 4238/2001/2750 1375/3987/2753 668/702/2698
f 668/702/2698 1375/3987/2753 4239/2002/2754 1349/3961/2703
f 1375/3987/2753 678/712/2752 1376/3988/2755 4239/2002/2754
f 4239/2002/2754 1376/3988/2755 679/713/2756 1377/3989/2757
f 1349/3961/2703 4239/2002/2754 1377/3989/2757 669/703/2704
f 669/703/2704 1377/3989/2757 4240/2003/2758 1352/3964/2709
f 1377/3989/2757 679/713/2756 1378/3990/2759 4240/2003/2758
f 4240/2003/2758 1378/3990/2759 680/714/2760 1379/3991/2761
f 1352/3964/2709 4240/2003/2758 1379/3991/2761 670/704/2710
f 670/704/2710 1379/3991/2761 4241/2004/2762 1355/3967/2715
f 1379/3991/2761 680/714/2760 1380/3992/2763 4241/2004/2762
f 4241/2004/2762 1380/3992/2763 681/715/2764 1381/3993/2765
f 1355/3967/2715 4241/2004/2762 1381/3993/2765 671/705/2716
f 671/705/2716 1381/3993/2765 4242/2005/2766 1358/3970/2721
f 1381/3993/2765 681/715/2764 1382/3994/2767 4242/2005/2766
f 4242/2005/2766 1382/3994/2767 682/716/2768 1383/3995/2769
f 1358/3970/2721 4242/2005/2766 1383/3995/2769 672/706/2722
f 672/706/2722 1383/3995/2769 4243/2006/2770 1361/3973/2727
f 1383/3995/2769 682/716/2768 1384/3996/2771 4243/2006/2770
f 4243/2006/2770 1384/3996/2771 683/718/2252 3537/3733/2261
f 1361/3973/2727 4243/2006/2770 3537/3733/2261 841/880/2260
f 673/707/2730 1385/3997/2772 4244/2007/2773 1364/3976/2731
f 1385/3997/2772 684/719/2774 1386/3998/2775 4244/2007/2773
f 4244/2007/2773 1386/3998/2775 685/720/2776 1387/3999/2777
f 1364/3976/2731 4244/2007/2773 1387/3999/2777 674/708/2732
f 673/707/2730 1367/3979/2737 4245/2008/2778 1385/3997/2772
f 1367/3979/2737 854/893/2736 1388/4000/2779 4245/2008/2778
f 4245/2008/2778 1388/4000/2779 853/892/2780 1389/4001/2781
f 1385/3997/2772 4245/2008/2778 1389/4001/2781 684/719/2774
f 674/708/2732 1387/3999/2777 4246/2009/2782 1368/3980/2739
f 1387/3999/2777 685/720/2776 1390/4002/2783 4246/2009/2782
f 4246/2009/2782 1390/4002/2783 686/721/2784 1391/4003/2785
f 1368/3980/2739 4246/2009/2782 1391/4003/2785 675/709/2740
f 675/709/2740 1391/4003/2785 4247/2010/2786 1370/3982/2743
f 1391/4003/2785 686/721/2784 1392/4004/2787 4247/2010/2786
f 4247/2010/2786 1392/4004/2787 687/722/2788 1393/4005/2789
f 1370/3982/2743 4247/2010/2786 1393/4005/2789 676/710/2744
f 676/710/2744 1393/4005/2789 4248/2011/2790 1372/3984/2747
f 1393/4005/2789 687/722/2788 1394/4006/2791 4248/2011/2790
f 4248/2011/2790 1394/4006/2791 688/723/2792 1395/4007/2793
f 1372/3984/2747 4248/2011/2790 1395/4007/2793 677/711/2748
f 677/711/2748 1395/4007/2793 4249/2012/2794 1374/3986/2751
f 1395/4007/2793 688/723/2792 1396/4008/2795 4249/2012/2794
f 4249/2012/2794 1396/4008/2795 689/724/2796 1397/4009/2797
f 1374/3986/2751 4249/2012/2794 1397/4009/2797 678/712/2752
f 678/712/2752 1397/4009/2797 4250/2013/2798 1376/3988/2755
f 1397/4009/2797 689/724/2796 1398/4010/2799 4250/2013/2798
f 4250/2013/2798 1398/4010/2799 690/725/2800 1399/4011/2801
f 1376/3988/2755 4250/2013/2798 1399/4011/2801 679/713/2756
f 679/713/2756 1399/4011/2801 4251/2014/2802 1378/3990/2759
f 1399/4011/2801 690/725/2800 1400/4012/2803 4251/2014/2802
f 4251/2014/2802 1400/4012/2803 691/726/2804 1401/4013/2805
f 1378/3990/2759 4251/2014/2802 1401/4013/2805 680/714/2760
f 680/714/2760 1401/4013/2805 4252/2015/2806 1380/3992/2763
f 1401/4013/2805 691/726/2804 1402/4014/2807 4252/2015/2806
f 4252/2015/2806 1402/4014/2807 692/727/2808 1403/4015/2809
f 1380/3992/2763 4252/2015/2806 1403/4015/2809 681/715/2764
f 681/715/2764 1403/4015/2809 4253/2016/2810 1382/3994/2767
f 1403/4015/2809 692/727/2808 1404/4016/2811 4253/2016/2810
f 4253/2016/2810 1404/4016/2811 693/728/2812 1405/4017/2813
f 1382/3994/2767 4253/2016/2810 1405/4017/2813 682/716/2768
f 682/716/2768 1405/4017/2813 4254/2017/2814 1384/3996/2771
f 1405/4017/2813 693/728/2812 1406/4018/2815 4254/2017/2814
f 4254/2017/2814 1406/4018/2815 694/730/2254 3533/3728/2253
f 1384/3996/2771 4254/2017/2814 3533/3728/2253 683/718/2252
f 684/719/2774 1407/4019/2816 4255/2018/2817 1386/3998/2775
f 1407/4019/2816 696/732/2818 1408/4020/2819 4255/2018/2817
f 4255/2018/2817 1408/4020/2819 697/733/2820 1409/4021/2821
f 1386/3998/2775 4255/2018/2817 1409/4021/2821 685/720/2776
f 684/719/2774 1389/4001/2781 4256/2019/2822 1407/4019/2816
f 1389/4001/2781 853/892/2780 1410/4022/2823 4256/2019/2822
f 4256/2019/2822 1410/4022/2823 695/731/2824 1411/4023/2825
f 1407/4019/2816 4256/2019/2822 1411/4023/2825 696/732/2818
f 685/720/2776 1409/4021/2821 4257/2020/2826 1390/4002/2783
f 1409/4021/2821 697/733/2820 1412/4024/2827 4257/2020/2826
f 4257/2020/2826 1412/4024/2827 698/734/2828 1413/4025/2829
f 1390/4002/2783 4257/2020/2826 1413/4025/2829 686/721/2784
f 686/721/2784 1413/4025/2829 4258/2021/2830 1392/4004/2787
f 1413/4025/2829 698/734/2828 1414/4026/2831 4258/2021/2830
f 4258/2021/2830 1414/4026/2831 699/735/2832 1415/4027/2833
f 1392/4004/2787 4258/2021/2830 1415/4027/2833 687/722/2788
f 687/722/2788 1415/4027/2833 4259/2022/2834 1394/4006/2791
f 1415/4027/2833 699/735/2832 1416/4028/2835 4259/2022/2834
f 4259/2022/2834 1416/4028/2835 700/736/2836 1417/4029/2837
f 1394/4006/2791 4259/2022/2834 1417/4029/2837 688/723/2792
f 688/723/2792 1417/4029/2837 4260/2023/2838 1396/4008/2795
f 1417/4029/2837 700/736/2836 1418/4030/2839 4260/2023/2838
f 4260/2023/2838 1418/4030/2839 701/737/2840 1419/4031/2841
f 1396/4008/2795 4260/2023/2838 1419/4031/2841 689/724/2796
f 689/724/2796 1419/4031/2841 4261/2024/2842 1398/4010/2799
f 1419/4031/2841 701/737/2840 1420/4032/2843 4261/2024/2842
f 4261/2024/2842 1420/4032/2843 702/738/2844 1421/4033/2845
f 1398/4010/2799 4261/2024/2842 1421/4033/2845 690/725/2800
f 690/725/2800 1421/4033/2845 4262/2025/2846 1400/4012/2803
f 1421/4033/2845 702/738/2844 1422/4034/2847 4262/2025/2846
f 4262/2025/2846 1422/4034/2847 703/739/2848 1423/4035/2849
f 1400/4012/2803 4262/2025/2846 1423/4035/2849 691/726/2804
f 691/726/2804 1423/4035/2849 4263/2026/2850 1402/4014/2807
f 1423/4035/2849 703/739/2848 1424/4036/2851 4263/2026/2850
f 4263/2026/2850 1424/4036/2851 704/740/2852 1425/4037/2853
f 1402/4014/2807 4263/2026/2850 1425/4037/2853 692/727/2808
f 692/727/2808 1425/4037/2853 4264/2027/2854 1404/4016/2811
f 1425/4037/2853 704/740/2852 1426/4038/2855 4264/2027/2854
f 4264/2027/2854 1426/4038/2855 705/741/2856 1427/4039/2857
f 1404/4016/2811 4264/2027/2854 1427/4039/2857 693/728/2812
f 693/728/2812 1427/4039/2857 4265/2028/2858 1406/4018/2815
f 1427/4039/2857 705/741/2856 1428/4040/2859 4265/2028/2858
f 4265/2028/2858 1428/4040/2859 706/742/2860 1429/4041/2861
f 1406/4018/2815 4265/2028/2858 1429/4041/2861 694/730/2254
f 694/729/2254 1429/4042/2861 4266/2029/2862 3534/3729/2255
f 1429/4042/2861 706/743/2860 1430/4043/2863 4266/2029/2862
f 4266/2029/2862 1430/4043/2863 868/907/2864 1431/4044/2865
f 3534/3729/2255 4266/2029/2862 1431/4044/2865 707/744/2245
f 695/731/2824 1410/4022/2823 4267/2030/2866 1434/4047/2867
f 1410/4022/2823 853/892/2780 1432/4045/2868 4267/2030/2866
f 4267/2030/2866 1432/4045/2868 847/886/2869 1433/4046/2870
f 1434/4047/2867 4267/2030/2866 1433/4046/2870 846/885/2871
f 707/744/2245 1431/4044/2865 4268/2031/2872 3529/3723/2246
f 1431/4044/2865 868/907/2864 1435/4048/2873 4268/2031/2872
f 4268/2031/2872 1435/4048/2873 708/745/2874 1436/4049/2875
f 3529/3723/2246 4268/2031/2872 1436/4049/2875 709/746/2247
f 708/745/2874 1437/4050/2876 4269/2032/2877 1436/4049/2875
f 1437/4050/2876 713/750/2878 1438/4051/2879 4269/2032/2877
f 4269/2032/2877 1438/4051/2879 714/751/2880 1439/4052/2881
f 1436/4049/2875 4269/2032/2877 1439/4052/2881 709/746/2247
f 709/746/2247 1439/4052/2881 4270/2033/2882 3530/3724/2248
f 1439/4052/2881 714/751/2880 1440/4053/2883 4270/2033/2882
f 4270/2033/2882 1440/4053/2883 715/752/2884 1441/4054/2885
f 3530/3724/2248 4270/2033/2882 1441/4054/2885 710/747/2249
f 710/747/2249 1441/4054/2885 4271/2034/2886 3538/3734/2263
f 1441/4054/2885 715/752/2884 1442/4055/2887 4271/2034/2886
f 4271/2034/2886 1442/4055/2887 716/753/2888 1443/4056/2889
f 3538/3734/2263 4271/2034/2886 1443/4056/2889 711/748/2264
f 711/748/2264 1443/4056/2889 4272/2035/2890 3543/3740/2273
f 1443/4056/2889 716/753/2888 1444/4057/2891 4272/2035/2890
f 4272/2035/2890 1444/4057/2891 717/754/2892 1445/4058/2893
f 3543/3740/2273 4272/2035/2890 1445/4058/2893 712/749/2274
f 713/750/2878 1446/4059/2894 4273/2036/2895 1438/4051/2879
f 1446/4059/2894 720/757/2896 1447/4060/2897 4273/2036/2895
f 4273/2036/2895 1447/4060/2897 721/758/2898 1448/4061/2899
f 1438/4051/2879 4273/2036/2895 1448/4061/2899 714/751/2880
f 714/751/2880 1448/4061/2899 4274/2037/2900 1440/4053/2883
f 1448/4061/2899 721/758/2898 1449/4062/2901 4274/2037/2900
f 4274/2037/2900 1449/4062/2901 722/759/2902 1450/4063/2903
f 1440/4053/2883 4274/2037/2900 1450/4063/2903 715/752/2884
f 715/752/2884 1450/4063/2903 4275/2038/2904 1442/4055/2887
f 1450/4063/2903 722/759/2902 1451/4064/2905 4275/2038/2904
f 4275/2038/2904 1451/4064/2905 723/760/2906 1452/4065/2907
f 1442/4055/2887 4275/2038/2904 1452/4065/2907 716/753/2888
f 716/753/2888 1452/4065/2907 4276/2039/2908 1444/4057/2891
f 1452/4065/2907 723/760/2906 1453/4066/2909 4276/2039/2908
f 4276/2039/2908 1453/4066/2909 724/761/2910 1454/4067/2911
f 1444/4057/2891 4276/2039/2908 1454/4067/2911 717/754/2892
s 15
f 718/755/2353 1455/4068/2912 4277/2040/2913 3583/3787/2354
f 1455/4068/2912 725/762/2914 1456/4069/2915 4277/2040/2913
f 4277/2040/2913 1456/4069/2915 726/763/2384 3597/3801/2383
f 3583/3787/2354 4277/2040/2913 3597/3801/2383 719/756/2355
s 14
f 720/757/2896 1457/4070/2916 4278/2041/2917 1447/4060/2897
f 1457/4070/2916 730/767/2918 1458/4071/2919 4278/2041/2917
f 4278/2041/2917 1458/4071/2919 731/768/2920 1459/4072/2921
f 1447/4060/2897 4278/2041/2917 1459/4072/2921 721/758/2898
f 721/758/2898 1459/4072/2921 4279/2042/2922 1449/4062/2901
f 1459/4072/2921 731/768/2920 1460/4073/2923 4279/2042/2922
f 4279/2042/2922 1460/4073/2923 732/769/2924 1461/4074/2925
f 1449/4062/2901 4279/2042/2922 1461/4074/2925 722/759/2902
f 722/759/2902 1461/4074/2925 4280/2043/2926 1451/4064/2905
f 1461/4074/2925 732/769/2924 1462/4075/2927 4280/2043/2926
f 4280/2043/2926 1462/4075/2927 733/770/2928 1463/4076/2929
f 1451/4064/2905 4280/2043/2926 1463/4076/2929 723/760/2906
f 723/760/2906 1463/4076/2929 4281/2044/2930 1453/4066/2909
f 1463/4076/2929 733/770/2928 1464/4077/2931 4281/2044/2930
f 4281/2044/2930 1464/4077/2931 734/771/2932 1465/4078/2933
f 1453/4066/2909 4281/2044/2930 1465/4078/2933 724/761/2910
s 15
f 725/762/2914 1466/4079/2934 4282/2045/2935 1456/4069/2915
f 1466/4079/2934 735/772/2936 1467/4080/2937 4282/2045/2935
f 4282/2045/2935 1467/4080/2937 736/773/2938 1468/4081/2939
f 1456/4069/2915 4282/2045/2935 1468/4081/2939 726/763/2384
f 726/763/2384 1468/4081/2939 4283/2046/2940 3598/3802/2385
f 1468/4081/2939 736/773/2938 1469/4082/2941 4283/2046/2940
f 4283/2046/2940 1469/4082/2941 737/774/2942 1470/4083/2943
f 3598/3802/2385 4283/2046/2940 1470/4083/2943 727/764/2386
f 727/764/2386 1470/4083/2943 4284/2047/2944 3600/3804/2388
f 1470/4083/2943 737/774/2942 1471/4084/2945 4284/2047/2944
f 4284/2047/2944 1471/4084/2945 738/775/2946 1472/4085/2947
f 3600/3804/2388 4284/2047/2944 1472/4085/2947 728/765/2389
f 728/765/2389 1472/4085/2947 4285/2048/2948 3602/3806/2392
f 1472/4085/2947 738/775/2946 1473/4086/2949 4285/2048/2948
f 4285/2048/2948 1473/4086/2949 739/776/2410 3610/3814/2409
f 3602/3806/2392 4285/2048/2948 3610/3814/2409 729/766/2393
s 14
f 730/767/2918 1474/4087/2950 4286/2049/2951 1458/4071/2919
f 1474/4087/2950 743/780/2952 1475/4088/2953 4286/2049/2951
f 4286/2049/2951 1475/4088/2953 744/781/2954 1476/4089/2955
f 1458/4071/2919 4286/2049/2951 1476/4089/2955 731/768/2920
f 731/768/2920 1476/4089/2955 4287/2050/2956 1460/4073/2923
f 1476/4089/2955 744/781/2954 1477/4090/2957 4287/2050/2956
f 4287/2050/2956 1477/4090/2957 745/782/2958 1478/4091/2959
f 1460/4073/2923 4287/2050/2956 1478/4091/2959 732/769/2924
f 732/769/2924 1478/4091/2959 4288/2051/2960 1462/4075/2927
f 1478/4091/2959 745/782/2958 1479/4092/2961 4288/2051/2960
f 4288/2051/2960 1479/4092/2961 746/783/2962 1480/4093/2963
f 1462/4075/2927 4288/2051/2960 1480/4093/2963 733/770/2928
f 733/770/2928 1480/4093/2963 4289/2052/2964 1464/4077/2931
f 1480/4093/2963 746/783/2962 1481/4094/2965 4289/2052/2964
f 4289/2052/2964 1481/4094/2965 747/784/2966 1482/4095/2967
f 1464/4077/2931 4289/2052/2964 1482/4095/2967 734/771/2932
s 15
f 735/772/2936 1483/4096/2968 4290/2053/2969 1467/4080/2937
f 1483/4096/2968 748/785/2970 1484/4097/2971 4290/2053/2969
f 4290/2053/2969 1484/4097/2971 749/786/2972 1485/4098/2973
f 1467/4080/2937 4290/2053/2969 1485/4098/2973 736/773/2938
f 736/773/2938 1485/4098/2973 4291/2054/2974 1469/4082/2941
f 1485/4098/2973 749/786/2972 1486/4099/2975 4291/2054/2974
f 4291/2054/2974 1486/4099/2975 750/787/2976 1487/4100/2977
f 1469/4082/2941 4291/2054/2974 1487/4100/2977 737/774/2942
f 737/774/2942 1487/4100/2977 4292/2055/2978 1471/4084/2945
f 1487/4100/2977 750/787/2976 1488/4101/2979 4292/2055/2978
f 4292/2055/2978 1488/4101/2979 751/788/2980 1489/4102/2981
f 1471/4084/2945 4292/2055/2978 1489/4102/2981 738/775/2946
f 738/775/2946 1489/4102/2981 4293/2056/2982 1473/4086/2949
f 1489/4102/2981 751/788/2980 1490/4103/2983 4293/2056/2982
f 4293/2056/2982 1490/4103/2983 752/789/2984 1491/4104/2985
f 1473/4086/2949 4293/2056/2982 1491/4104/2985 739/776/2410
f 739/776/2410 1491/4104/2985 4294/2057/2986 3611/3815/2411
f 1491/4104/2985 752/789/2984 1492/4105/2987 4294/2057/2986
f 4294/2057/2986 1492/4105/2987 753/790/2988 1493/4106/2989
f 3611/3815/2411 4294/2057/2986 1493/4106/2989 740/777/2412
f 740/777/2412 1493/4106/2989 4295/2058/2990 1205/3817/2414
f 1493/4106/2989 753/790/2988 1494/4107/2991 4295/2058/2990
f 4295/2058/2990 1494/4107/2991 754/791/2992 1495/4108/2993
f 1205/3817/2414 4295/2058/2990 1495/4108/2993 741/778/2415
f 741/778/2415 1495/4108/2993 4296/2059/2994 1207/3819/2418
f 1495/4108/2993 754/791/2992 1496/4109/2995 4296/2059/2994
f 4296/2059/2994 1496/4109/2995 755/792/2996 1497/4110/2997
f 1207/3819/2418 4296/2059/2994 1497/4110/2997 742/779/2419
s 14
f 743/780/2952 1498/4111/2998 4297/2060/2999 1475/4088/2953
f 1498/4111/2998 756/793/3000 1499/4112/3001 4297/2060/2999
f 4297/2060/2999 1499/4112/3001 757/794/3002 1500/4113/3003
f 1475/4088/2953 4297/2060/2999 1500/4113/3003 744/781/2954
f 744/781/2954 1500/4113/3003 4298/2061/3004 1477/4090/2957
f 1500/4113/3003 757/794/3002 1501/4114/3005 4298/2061/3004
f 4298/2061/3004 1501/4114/3005 758/795/3006 1502/4115/3007
f 1477/4090/2957 4298/2061/3004 1502/4115/3007 745/782/2958
f 745/782/2958 1502/4115/3007 4299/2062/3008 1479/4092/2961
f 1502/4115/3007 758/795/3006 1503/4116/3009 4299/2062/3008
f 4299/2062/3008 1503/4116/3009 759/796/3010 1504/4117/3011
f 1479/4092/2961 4299/2062/3008 1504/4117/3011 746/783/2962
f 746/783/2962 1504/4117/3011 4300/2063/3012 1481/4094/2965
f 1504/4117/3011 759/796/3010 1505/4118/3013 4300/2063/3012
f 4300/2063/3012 1505/4118/3013 760/797/3014 1506/4119/3015
f 1481/4094/2965 4300/2063/3012 1506/4119/3015 747/784/2966
s 15
f 748/785/2970 1507/4120/3016 4301/2064/3017 1484/4097/2971
f 1507/4120/3016 761/798/3018 1508/4121/3019 4301/2064/3017
f 4301/2064/3017 1508/4121/3019 762/799/3020 1509/4122/3021
f 1484/4097/2971 4301/2064/3017 1509/4122/3021 749/786/2972
f 749/786/2972 1509/4122/3021 4302/2065/3022 1486/4099/2975
f 1509/4122/3021 762/799/3020 1510/4123/3023 4302/2065/3022
f 4302/2065/3022 1510/4123/3023 763/800/3024 1511/4124/3025
f 1486/4099/2975 4302/2065/3022 1511/4124/3025 750/787/2976
f 750/787/2976 1511/4124/3025 4303/2066/3026 1488/4101/2979
f 1511/4124/3025 763/800/3024 1512/4125/3027 4303/2066/3026
f 4303/2066/3026 1512/4125/3027 764/801/3028 1513/4126/3029
f 1488/4101/2979 4303/2066/3026 1513/4126/3029 751/788/2980
f 751/788/2980 1513/4126/3029 4304/2067/3030 1490/4103/2983
f 1513/4126/3029 764/801/3028 1514/4127/3031 4304/2067/3030
f 4304/2067/3030 1514/4127/3031 765/802/3032 1515/4128/3033
f 1490/4103/2983 4304/2067/3030 1515/4128/3033 752/789/2984
f 752/789/2984 1515/4128/3033 4305/2068/3034 1492/4105/2987
f 1515/4128/3033 765/802/3032 1516/4129/3035 4305/2068/3034
f 4305/2068/3034 1516/4129/3035 766/803/3036 1517/4130/3037
f 1492/4105/2987 4305/2068/3034 1517/4130/3037 753/790/2988
f 753/790/2988 1517/4130/3037 4306/2069/3038 1494/4107/2991
f 1517/4130/3037 766/803/3036 1518/4131/3039 4306/2069/3038
f 4306/2069/3038 1518/4131/3039 767/804/3040 1519/4132/3041
f 1494/4107/2991 4306/2069/3038 1519/4132/3041 754/791/2992
f 754/791/2992 1519/4132/3041 4307/2070/3042 1496/4109/2995
f 1519/4132/3041 767/804/3040 1520/4133/3043 4307/2070/3042
f 4307/2070/3042 1520/4133/3043 768/805/3044 1521/4134/3045
f 1496/4109/2995 4307/2070/3042 1521/4134/3045 755/792/2996
s 14
f 756/793/3000 1522/4135/3046 4308/2071/3047 1499/4112/3001
f 1522/4135/3046 769/806/3048 1523/4136/3049 4308/2071/3047
f 4308/2071/3047 1523/4136/3049 770/807/3050 1524/4137/3051
f 1499/4112/3001 4308/2071/3047 1524/4137/3051 757/794/3002
f 757/794/3002 1524/4137/3051 4309/2072/3052 1501/4114/3005
f 1524/4137/3051 770/807/3050 1525/4138/3053 4309/2072/3052
f 4309/2072/3052 1525/4138/3053 771/808/3054 1526/4139/3055
f 1501/4114/3005 4309/2072/3052 1526/4139/3055 758/795/3006
f 758/795/3006 1526/4139/3055 4310/2073/3056 1503/4116/3009
f 1526/4139/3055 771/808/3054 1527/4140/3057 4310/2073/3056
f 4310/2073/3056 1527/4140/3057 772/809/3058 1528/4141/3059
f 1503/4116/3009 4310/2073/3056 1528/4141/3059 759/796/3010
f 759/796/3010 1528/4141/3059 4311/2074/3060 1505/4118/3013
f 1528/4141/3059 772/809/3058 1529/4142/3061 4311/2074/3060
f 4311/2074/3060 1529/4142/3061 773/810/3062 1530/4143/3063
f 1505/4118/3013 4311/2074/3060 1530/4143/3063 760/797/3014
s 15
f 761/798/3018 1531/4144/3064 4312/2075/3065 1508/4121/3019
f 1531/4144/3064 774/811/3066 1532/4145/3067 4312/2075/3065
f 4312/2075/3065 1532/4145/3067 775/812/3068 1533/4146/3069
f 1508/4121/3019 4312/2075/3065 1533/4146/3069 762/799/3020
f 762/799/3020 1533/4146/3069 4313/2076/3070 1510/4123/3023
f 1533/4146/3069 775/812/3068 1534/4147/3071 4313/2076/3070
f 4313/2076/3070 1534/4147/3071 776/813/3072 1535/4148/3073
f 1510/4123/3023 4313/2076/3070 1535/4148/3073 763/800/3024
f 763/800/3024 1535/4148/3073 4314/2077/3074 1512/4125/3027
f 1535/4148/3073 776/813/3072 1536/4149/3075 4314/2077/3074
f 4314/2077/3074 1536/4149/3075 777/814/3076 1537/4150/3077
f 1512/4125/3027 4314/2077/3074 1537/4150/3077 764/801/3028
f 764/801/3028 1537/4150/3077 4315/2078/3078 1514/4127/3031
f 1537/4150/3077 777/814/3076 1538/4151/3079 4315/2078/3078
f 4315/2078/3078 1538/4151/3079 778/815/3080 1539/4152/3081
f 1514/4127/3031 4315/2078/3078 1539/4152/3081 765/802/3032
f 765/802/3032 1539/4152/3081 4316/2079/3082 1516/4129/3035
f 1539/4152/3081 778/815/3080 1540/4153/3083 4316/2079/3082
f 4316/2079/3082 1540/4153/3083 779/816/3084 1541/4154/3085
f 1516/4129/3035 4316/2079/3082 1541/4154/3085 766/803/3036
f 766/803/3036 1541/4154/3085 4317/2080/3086 1518/4131/3039
f 1541/4154/3085 779/816/3084 1542/4155/3087 4317/2080/3086
f 4317/2080/3086 1542/4155/3087 780/817/3088 1543/4156/3089
f 1518/4131/3039 4317/2080/3086 1543/4156/3089 767/804/3040
f 767/804/3040 1543/4156/3089 4318/2081/3090 1520/4133/3043
f 1543/4156/3089 780/817/3088 1544/4157/3091 4318/2081/3090
f 4318/2081/3090 1544/4157/3091 781/818/3092 1545/4158/3093
f 1520/4133/3043 4318/2081/3090 1545/4158/3093 768/805/3044
s 14
f 769/806/3048 1546/4159/3094 4319/2082/3095 1523/4136/3049
f 1546/4159/3094 782/819/3096 1547/4160/3097 4319/2082/3095
f 4319/2082/3095 1547/4160/3097 783/820/3098 1548/4161/3099
f 1523/4136/3049 4319/2082/3095 1548/4161/3099 770/807/3050
f 770/807/3050 1548/4161/3099 4320/2083/3100 1525/4138/3053
f 1548/4161/3099 783/820/3098 1549/4162/3101 4320/2083/3100
f 4320/2083/3100 1549/4162/3101 784/821/3102 1550/4163/3103
f 1525/4138/3053 4320/2083/3100 1550/4163/3103 771/808/3054
f 771/808/3054 1550/4163/3103 4321/2084/3104 1527/4140/3057
f 1550/4163/3103 784/821/3102 1551/4164/3105 4321/2084/3104
f 4321/2084/3104 1551/4164/3105 785/822/3106 1552/4165/3107
f 1527/4140/3057 4321/2084/3104 1552/4165/3107 772/809/3058
f 772/809/3058 1552/4165/3107 4322/2085/3108 1529/4142/3061
f 1552/4165/3107 785/822/3106 1553/4166/3109 4322/2085/3108
f 4322/2085/3108 1553/4166/3109 786/823/3110 1554/4167/3111
f 1529/4142/3061 4322/2085/3108 1554/4167/3111 773/810/3062
s 15
f 774/811/3066 1555/4168/3112 4323/2086/3113 1532/4145/3067
f 1555/4168/3112 787/824/3114 1556/4169/3115 4323/2086/3113
f 4323/2086/3113 1556/4169/3115 788/825/3116 1557/4170/3117
f 1532/4145/3067 4323/2086/3113 1557/4170/3117 775/812/3068
f 775/812/3068 1557/4170/3117 4324/2087/3118 1534/4147/3071
f 1557/4170/3117 788/825/3116 1558/4171/3119 4324/2087/3118
f 4324/2087/3118 1558/4171/3119 789/826/3120 1559/4172/3121
f 1534/4147/3071 4324/2087/3118 1559/4172/3121 776/813/3072
f 776/813/3072 1559/4172/3121 4325/2088/3122 1536/4149/3075
f 1559/4172/3121 789/826/3120 1560/4173/3123 4325/2088/3122
f 4325/2088/3122 1560/4173/3123 790/827/3124 1561/4174/3125
f 1536/4149/3075 4325/2088/3122 1561/4174/3125 777/814/3076
f 777/814/3076 1561/4174/3125 4326/2089/3126 1538/4151/3079
f 1561/4174/3125 790/827/3124 1562/4175/3127 4326/2089/3126
f 4326/2089/3126 1562/4175/3127 791/828/3128 1563/4176/3129
f 1538/4151/3079 4326/2089/3126 1563/4176/3129 778/815/3080
f 778/815/3080 1563/4176/3129 4327/2090/3130 1540/4153/3083
f 1563/4176/3129 791/828/3128 1564/4177/3131 4327/2090/3130
f 4327/2090/3130 1564/4177/3131 792/829/3132 1565/4178/3133
f 1540/4153/3083 4327/2090/3130 1565/4178/3133 779/816/3084
f 779/816/3084 1565/4178/3133 4328/2091/3134 1542/4155/3087
f 1565/4178/3133 792/829/3132 1566/4179/3135 4328/2091/3134
f 4328/2091/3134 1566/4179/3135 793/830/3136 1567/4180/3137
f 1542/4155/3087 4328/2091/3134 1567/4180/3137 780/817/3088
f 780/817/3088 1567/4180/3137 4329/2092/3138 1544/4157/3091
f 1567/4180/3137 793/830/3136 1568/4181/3139 4329/2092/3138
f 4329/2092/3138 1568/4181/3139 794/831/3140 1569/4182/3141
f 1544/4157/3091 4329/2092/3138 1569/4182/3141 781/818/3092
s 14
f 782/819/3096 1570/4183/3142 4330/2093/3143 1547/4160/3097
f 1570/4183/3142 795/832/1919 3366/3553/1918 4330/2093/3143
f 4330/2093/3143 3366/3553/1918 796/833/1917 1571/4184/3144
f 1547/4160/3097 4330/2093/3143 1571/4184/3144 783/820/3098
f 783/820/3098 1571/4184/3144 4331/2094/3145 1549/4162/3101
f 1571/4184/3144 796/833/1917 3372/3559/1929 4331/2094/3145
f 4331/2094/3145 3372/3559/1929 797/834/1928 1572/4185/3146
f 1549/4162/3101 4331/2094/3145 1572/4185/3146 784/821/3102
f 784/821/3102 1572/4185/3146 4332/2095/3147 1551/4164/3105
f 1572/4185/3146 797/834/1928 3377/3564/1939 4332/2095/3147
f 4332/2095/3147 3377/3564/1939 798/835/1938 1573/4186/3148
f 1551/4164/3105 4332/2095/3147 1573/4186/3148 785/822/3106
f 785/822/3106 1573/4186/3148 4333/2096/3149 1553/4166/3109
f 1573/4186/3148 798/835/1938 3382/3569/1949 4333/2096/3149
f 4333/2096/3149 3382/3569/1949 799/836/1948 1574/4187/3150
f 1553/4166/3109 4333/2096/3149 1574/4187/3150 786/823/3110
s 15
f 787/824/3114 1575/4188/3151 4334/2097/3152 1556/4169/3115
f 1575/4188/3151 800/837/1964 3388/3575/1963 4334/2097/3152
f 4334/2097/3152 3388/3575/1963 801/838/1962 1576/4189/3153
f 1556/4169/3115 4334/2097/3152 1576/4189/3153 788/825/3116
f 788/825/3116 1576/4189/3153 4335/2098/3154 1558/4171/3119
f 1576/4189/3153 801/838/1962 3394/3581/1974 4335/2098/3154
f 4335/2098/3154 3394/3581/1974 802/839/1973 1577/4190/3155
f 1558/4171/3119 4335/2098/3154 1577/4190/3155 789/826/3120
f 789/826/3120 1577/4190/3155 4336/2099/3156 1560/4173/3123
f 1577/4190/3155 802/839/1973 3399/3586/1984 4336/2099/3156
f 4336/2099/3156 3399/3586/1984 803/840/1983 1578/4191/3157
f 1560/4173/3123 4336/2099/3156 1578/4191/3157 790/827/3124
f 790/827/3124 1578/4191/3157 4337/2100/3158 1562/4175/3127
f 1578/4191/3157 803/840/1983 3404/3591/1994 4337/2100/3158
f 4337/2100/3158 3404/3591/1994 804/841/1993 1579/4192/3159
f 1562/4175/3127 4337/2100/3158 1579/4192/3159 791/828/3128
f 791/828/3128 1579/4192/3159 4338/2101/3160 1564/4177/3131
f 1579/4192/3159 804/841/1993 3409/3596/2004 4338/2101/3160
f 4338/2101/3160 3409/3596/2004 805/842/2003 1580/4193/3161
f 1564/4177/3131 4338/2101/3160 1580/4193/3161 792/829/3132
f 792/829/3132 1580/4193/3161 4339/2102/3162 1566/4179/3135
f 1580/4193/3161 805/842/2003 3414/3601/2014 4339/2102/3162
f 4339/2102/3162 3414/3601/2014 806/843/2013 1581/4194/3163
f 1566/4179/3135 4339/2102/3162 1581/4194/3163 793/830/3136
f 793/830/3136 1581/4194/3163 4340/2103/3164 1568/4181/3139
f 1581/4194/3163 806/843/2013 3419/3606/2024 4340/2103/3164
f 4340/2103/3164 3419/3606/2024 807/844/2023 1582/4195/3165
f 1568/4181/3139 4340/2103/3164 1582/4195/3165 794/831/3140
f 809/846/2475 1235/3847/2474 4341/2104/3166 1585/4198/3167
f 1235/3847/2474 814/851/2473 1583/4196/3168 4341/2104/3166
f 4341/2104/3166 1583/4196/3168 815/852/3169 1584/4197/3170
f 1585/4198/3167 4341/2104/3166 1584/4197/3170 810/847/3171
f 810/847/3171 1584/4197/3170 4342/2105/3172 1588/4201/3173
f 1584/4197/3170 815/852/3169 1586/4199/3174 4342/2105/3172
f 4342/2105/3172 1586/4199/3174 816/853/3175 1587/4200/3176
f 1588/4201/3173 4342/2105/3172 1587/4200/3176 811/848/3177
f 811/848/3177 1587/4200/3176 4343/2106/3178 1591/4204/3179
f 1587/4200/3176 816/853/3175 1589/4202/3180 4343/2106/3178
f 4343/2106/3178 1589/4202/3180 817/854/3181 1590/4203/3182
f 1591/4204/3179 4343/2106/3178 1590/4203/3182 812/849/3183
f 812/849/3183 1590/4203/3182 4344/2107/3184 1593/4206/3185
f 1590/4203/3182 817/854/3181 1592/4205/3186 4344/2107/3184
f 4344/2107/3184 1592/4205/3186 818/855/2339 3581/3785/2350
f 1593/4206/3185 4344/2107/3184 3581/3785/2350 813/850/2349
f 814/851/2473 1238/3850/2480 4345/2108/3187 1583/4196/3168
f 1238/3850/2480 819/856/2479 1267/3879/2538 4345/2108/3187
f 4345/2108/3187 1267/3879/2538 820/857/2537 1594/4207/3188
f 1583/4196/3168 4345/2108/3187 1594/4207/3188 815/852/3169
f 815/852/3169 1594/4207/3188 4346/2109/3189 1586/4199/3174
f 1594/4207/3188 820/857/2537 1595/4208/3190 4346/2109/3189
f 4346/2109/3189 1595/4208/3190 821/858/3191 1596/4209/3192
f 1586/4199/3174 4346/2109/3189 1596/4209/3192 816/853/3175
f 816/853/3175 1596/4209/3192 4347/2110/3193 1589/4202/3180
f 1596/4209/3192 821/858/3191 1597/4210/3194 4347/2110/3193
f 4347/2110/3193 1597/4210/3194 822/859/3195 1598/4211/3196
f 1589/4202/3180 4347/2110/3193 1598/4211/3196 817/854/3181
f 817/854/3181 1598/4211/3196 4348/2111/3197 1592/4205/3186
f 1598/4211/3196 822/859/3195 1599/4212/3198 4348/2111/3197
f 4348/2111/3197 1599/4212/3198 823/860/2329 3576/3779/2340
f 1592/4205/3186 4348/2111/3197 3576/3779/2340 818/855/2339
f 820/857/2537 1266/3878/2536 4349/2112/3199 1595/4208/3190
f 1266/3878/2536 824/861/2535 1600/4213/3200 4349/2112/3199
f 4349/2112/3199 1600/4213/3200 825/862/3201 1601/4214/3202
f 1595/4208/3190 4349/2112/3199 1601/4214/3202 821/858/3191
f 821/858/3191 1601/4214/3202 4350/2113/3203 1597/4210/3194
f 1601/4214/3202 825/862/3201 1602/4215/3204 4350/2113/3203
f 4350/2113/3203 1602/4215/3204 826/863/3205 1603/4216/3206
f 1597/4210/3194 4350/2113/3203 1603/4216/3206 822/859/3195
f 822/859/3195 1603/4216/3206 4351/2114/3207 1599/4212/3198
f 1603/4216/3206 826/863/3205 1604/4217/3208 4351/2114/3207
f 4351/2114/3207 1604/4217/3208 827/864/2319 3571/3773/2330
f 1599/4212/3198 4351/2114/3207 3571/3773/2330 823/860/2329
f 824/861/2535 1269/3881/2542 4352/2115/3209 1600/4213/3200
f 1269/3881/2542 828/865/2541 1305/3917/2613 4352/2115/3209
f 4352/2115/3209 1305/3917/2613 829/866/2612 1605/4218/3210
f 1600/4213/3200 4352/2115/3209 1605/4218/3210 825/862/3201
f 825/862/3201 1605/4218/3210 4353/2116/3211 1602/4215/3204
f 1605/4218/3210 829/866/2612 1606/4219/3212 4353/2116/3211
f 4353/2116/3211 1606/4219/3212 830/867/3213 1607/4220/3214
f 1602/4215/3204 4353/2116/3211 1607/4220/3214 826/863/3205
f 826/863/3205 1607/4220/3214 4354/2117/3215 1604/4217/3208
f 1607/4220/3214 830/867/3213 1608/4221/3216 4354/2117/3215
f 4354/2117/3215 1608/4221/3216 831/868/2305 3566/3767/2320
f 1604/4217/3208 4354/2117/3215 3566/3767/2320 827/864/2319
f 829/866/2612 1304/3916/2611 4355/2118/3217 1606/4219/3212
f 1304/3916/2611 832/869/2610 1609/4222/3218 4355/2118/3217
f 4355/2118/3217 1609/4222/3218 833/870/3219 1610/4223/3220
f 1606/4219/3212 4355/2118/3217 1610/4223/3220 830/867/3213
f 830/867/3213 1610/4223/3220 4356/2119/3221 1608/4221/3216
f 1610/4223/3220 833/870/3219 1611/4224/3222 4356/2119/3221
f 4356/2119/3221 1611/4224/3222 834/871/2295 3559/3758/2306
f 1608/4221/3216 4356/2119/3221 3559/3758/2306 831/868/2305
f 832/869/2610 1307/3919/2617 4357/2120/3223 1609/4222/3218
f 1307/3919/2617 835/872/2616 1329/3941/2661 4357/2120/3223
f 4357/2120/3223 1329/3941/2661 836/873/2660 1612/4225/3224
f 1609/4222/3218 4357/2120/3223 1612/4225/3224 833/870/3219
f 833/870/3219 1612/4225/3224 4358/2121/3225 1611/4224/3222
f 1612/4225/3224 836/873/2660 1613/4226/3226 4358/2121/3225
f 4358/2121/3225 1613/4226/3226 837/874/2282 3554/3752/2296
f 1611/4224/3222 4358/2121/3225 3554/3752/2296 834/871/2295
f 836/873/2660 1328/3940/2659 4359/2122/3227 1613/4226/3226
f 1328/3940/2659 838/875/2658 1614/4227/3228 4359/2122/3227
f 4359/2122/3227 1614/4227/3228 839/876/2284 3547/3744/2283
f 1613/4226/3226 4359/2122/3227 3547/3744/2283 837/874/2282
s 14
f 842/881/2123 1615/4228/3229 4360/2123/3230 3469/3663/2124
f 1615/4228/3229 846/885/2871 1433/4046/2870 4360/2123/3230
f 4360/2123/3230 1433/4046/2870 847/886/2869 1616/4229/3231
f 3469/3663/2124 4360/2123/3230 1616/4229/3231 843/882/2125
f 843/882/2125 1616/4229/3231 4361/2124/3232 3471/3665/2128
f 1616/4229/3231 847/886/2869 1617/4230/3233 4361/2124/3232
f 4361/2124/3232 1617/4230/3233 848/887/3234 1618/4231/3235
f 3471/3665/2128 4361/2124/3232 1618/4231/3235 844/883/2129
f 844/883/2129 1618/4231/3235 4362/2125/3236 3473/3667/2132
f 1618/4231/3235 848/887/3234 1619/4232/3237 4362/2125/3236
f 4362/2125/3236 1619/4232/3237 849/888/2172 3492/3686/2171
f 3473/3667/2132 4362/2125/3236 3492/3686/2171 845/884/2133
f 847/886/2869 1432/4045/2868 4363/2126/3238 1617/4230/3233
f 1432/4045/2868 853/892/2780 1388/4000/2779 4363/2126/3238
f 4363/2126/3238 1388/4000/2779 854/893/2736 1620/4233/3239
f 1617/4230/3233 4363/2126/3238 1620/4233/3239 848/887/3234
f 848/887/3234 1620/4233/3239 4364/2127/3240 1619/4232/3237
f 1620/4233/3239 854/893/2736 1366/3978/2735 4364/2127/3240
f 4364/2127/3240 1366/3978/2735 855/894/2675 1621/4234/3241
f 1619/4232/3237 4364/2127/3240 1621/4234/3241 849/888/2172
f 849/888/2172 1621/4234/3241 4365/2128/3242 3493/3687/2173
f 1621/4234/3241 855/894/2675 1335/3947/2674 4365/2128/3242
f 4365/2128/3242 1335/3947/2674 856/895/2673 1622/4235/3243
f 3493/3687/2173 4365/2128/3242 1622/4235/3243 850/889/2174
s 15
f 851/890/2177 1623/4236/3244 4366/2129/3245 3496/3690/2178
f 1623/4236/3244 857/896/2621 1308/3920/2620 4366/2129/3245
f 4366/2129/3245 1308/3920/2620 858/897/2213 3513/3707/2212
f 3496/3690/2178 4366/2129/3245 3513/3707/2212 852/891/2179
f 860/899/2209 1288/3900/2579 4367/2130/3246 3515/3709/2216
f 1288/3900/2579 863/902/2515 1255/3867/2514 4367/2130/3246
f 4367/2130/3246 1255/3867/2514 864/903/2489 1624/4237/3247
f 3515/3709/2216 4367/2130/3246 1624/4237/3247 861/900/2217
f 861/900/2217 1624/4237/3247 4368/2131/3248 3517/3711/2220
f 1624/4237/3247 864/903/2489 1242/3854/2488 4368/2131/3248
f 4368/2131/3248 1242/3854/2488 865/904/2239 3526/3720/2238
f 3517/3711/2220 4368/2131/3248 3526/3720/2238 862/901/2221
f 1039/1143/3249 1625/4238/3250 4369/2132/3251 1628/4242/3252
f 1625/4238/3250 1038/1141/3253 1626/4239/3254 4369/2132/3251
f 4369/2132/3251 1626/4239/3254 1041/1145/3255 1627/4241/3256
f 1628/4242/3252 4369/2132/3251 1627/4241/3256 1040/1144/3257
s 14
f 1038/1142/3258 1629/4243/3259 4370/2133/3260 1626/4240/3261
f 1629/4243/3259 1037/1140/3262 1630/4244/3263 4370/2133/3260
f 4370/2133/3260 1630/4244/3263 1042/1147/3264 1631/4245/3265
f 1626/4240/3261 4370/2133/3260 1631/4245/3265 1041/1146/3266
s 15
f 1090/1215/3267 1632/4246/3268 4371/2134/3269 1635/4251/3270
f 1632/4246/3268 1089/1213/3271 1633/4247/3272 4371/2134/3269
f 4371/2134/3269 1633/4247/3272 1095/1224/3273 1634/4249/3274
f 1635/4251/3270 4371/2134/3269 1634/4249/3274 1094/1222/3275
s 14
f 1089/1214/3276 1636/4252/3277 4372/2135/3278 1633/4248/3279
f 1636/4252/3277 1088/1212/3280 1637/4253/3281 4372/2135/3278
f 4372/2135/3278 1637/4253/3281 1096/1227/3282 1638/4254/3283
f 1633/4248/3279 4372/2135/3278 1638/4254/3283 1095/1225/3284
f 1135/1281/3285 1639/4255/3286 4373/2136/3287 1642/4259/3288
f 1639/4255/3286 1134/1279/3289 1640/4256/3290 4373/2136/3287
f 4373/2136/3287 1640/4256/3290 1137/1283/3291 1641/4258/3292
f 1642/4259/3288 4373/2136/3287 1641/4258/3292 1136/1282/3293
s 15
f 1134/1280/3294 1643/4260/3295 4374/2137/3296 1640/4257/3297
f 1643/4260/3295 1133/1278/3298 1644/4261/3299 4374/2137/3296
f 4374/2137/3296 1644/4261/3299 1138/1285/3300 1645/4262/3301
f 1640/4257/3297 4374/2137/3296 1645/4262/3301 1137/1284/3302
s 1
f 7/7/61 2437/2608/60 4375/2138/3303 1648/4265/3304
f 2437/2608/60 14/14/59 1646/4263/3305 4375/2138/3303
f 4375/2138/3303 1646/4263/3305 872/912/3306 1647/4264/3307
f 1648/4265/3304 4375/2138/3303 1647/4264/3307 869/908/3308
f 7/7/61 1648/4265/3304 4376/2139/3309 2439/2610/63
f 1648/4265/3304 869/908/3308 1649/4266/3310 4376/2139/3309
f 4376/2139/3309 1649/4266/3310 875/916/3311 1650/4267/3312
f 2439/2610/63 4376/2139/3309 1650/4267/3312 117/117/64
f 14/14/59 2453/2624/91 4377/2140/3313 1646/4263/3305
f 2453/2624/91 17/17/90 1651/4268/3314 4377/2140/3313
f 4377/2140/3313 1651/4268/3314 878/920/3315 1652/4269/3316
f 1646/4263/3305 4377/2140/3313 1652/4269/3316 872/912/3306
f 17/17/90 2460/2631/105 4378/2141/3317 1651/4268/3314
f 2460/2631/105 128/128/104 1653/4270/3318 4378/2141/3317
f 4378/2141/3317 1653/4270/3318 881/924/3319 1654/4271/3320
f 1651/4268/3314 4378/2141/3317 1654/4271/3320 878/920/3315
f 887/932/3321 1655/4272/3322 4379/2142/3323 1657/4275/3324
f 1655/4272/3322 890/936/3325 1656/4273/3326 4379/2142/3323
f 4379/2142/3323 1656/4273/3326 142/148/110 2461/2632/107
f 1657/4275/3324 4379/2142/3323 2461/2632/107 18/18/106
f 887/932/3321 1657/4275/3324 4380/2143/3327 1659/4277/3328
f 1657/4275/3324 18/18/106 2467/2639/116 4380/2143/3327
f 4380/2143/3327 2467/2639/116 19/19/120 1658/4276/3329
f 1659/4277/3328 4380/2143/3327 1658/4276/3329 893/942/3330
f 893/942/3330 1658/4276/3329 4381/2144/3331 1661/4279/3332
f 1658/4276/3329 19/19/120 2470/2642/122 4381/2144/3331
f 4381/2144/3331 2470/2642/122 20/20/126 1660/4278/3333
f 1661/4279/3332 4381/2144/3331 1660/4278/3333 896/946/3334
f 896/946/3334 1660/4278/3333 4382/2145/3335 1663/4281/3336
f 1660/4278/3333 20/20/126 2473/2645/128 4382/2145/3335
f 4382/2145/3335 2473/2645/128 21/21/132 1662/4280/3337
f 1663/4281/3336 4382/2145/3335 1662/4280/3337 899/950/3338
f 899/950/3338 1662/4280/3337 4383/2146/3339 1665/4283/3340
f 1662/4280/3337 21/21/132 2476/2648/134 4383/2146/3339
f 4383/2146/3339 2476/2648/134 22/22/138 1664/4282/3341
f 1665/4283/3340 4383/2146/3339 1664/4282/3341 902/954/3342
f 902/954/3342 1664/4282/3341 4384/2147/3343 1667/4285/3344
f 1664/4282/3341 22/22/138 2479/2651/140 4384/2147/3343
f 4384/2147/3343 2479/2651/140 23/23/144 1666/4284/3345
f 1667/4285/3344 4384/2147/3343 1666/4284/3345 905/958/3346
f 905/958/3346 1666/4284/3345 4385/2148/3347 1669/4287/3348
f 1666/4284/3345 23/23/144 2482/2654/146 4385/2148/3347
f 4385/2148/3347 2482/2654/146 24/24/150 1668/4286/3349
f 1669/4287/3348 4385/2148/3347 1668/4286/3349 908/962/3350
f 908/962/3350 1668/4286/3349 4386/2149/3351 1671/4289/3352
f 1668/4286/3349 24/24/150 2485/2657/152 4386/2149/3351
f 4386/2149/3351 2485/2657/152 25/25/156 1670/4288/3353
f 1671/4289/3352 4386/2149/3351 1670/4288/3353 911/966/3354
f 911/966/3354 1670/4288/3353 4387/2150/3355 1673/4291/3356
f 1670/4288/3353 25/25/156 2488/2660/158 4387/2150/3355
f 4387/2150/3355 2488/2660/158 26/26/162 1672/4290/3357
f 1673/4291/3356 4387/2150/3355 1672/4290/3357 914/970/3358
f 914/970/3358 1672/4290/3357 4388/2151/3359 1675/4293/3360
f 1672/4290/3357 26/26/162 2491/2663/164 4388/2151/3359
f 4388/2151/3359 2491/2663/164 27/27/168 1674/4292/3361
f 1675/4293/3360 4388/2151/3359 1674/4292/3361 917/974/3362
f 917/974/3362 1674/4292/3361 4389/2152/3363 1677/4295/3364
f 1674/4292/3361 27/27/168 2494/2666/170 4389/2152/3363
f 4389/2152/3363 2494/2666/170 152/159/174 1676/4294/3365
f 1677/4295/3364 4389/2152/3363 1676/4294/3365 920/978/3366
f 920/978/3366 1676/4294/3365 4390/2153/3367 1679/4297/3368
f 1676/4294/3365 152/159/174 2720/2897/621 4390/2153/3367
f 4390/2153/3367 2720/2897/621 172/179/625 1678/4296/3369
f 1679/4297/3368 4390/2153/3367 1678/4296/3369 923/982/3370
f 929/992/3371 1680/4298/3372 4391/2154/3373 1682/4300/3374
f 1680/4298/3372 186/193/380 2596/2773/379 4391/2154/3373
f 4391/2154/3373 2596/2773/379 73/73/378 1681/4299/3375
f 1682/4300/3374 4391/2154/3373 1681/4299/3375 932/996/3376
f 929/992/3371 1683/4301/3377 4392/2155/3378 1680/4298/3372
f 1683/4301/3377 926/988/3379 1684/4302/3380 4392/2155/3378
f 4392/2155/3378 1684/4302/3380 179/186/686 2762/2939/708
f 1680/4298/3372 4392/2155/3378 2762/2939/708 186/193/380
f 73/73/378 2599/2776/385 4393/2156/3381 1681/4299/3375
f 2599/2776/385 77/77/384 1685/4303/3382 4393/2156/3381
f 4393/2156/3381 1685/4303/3382 935/1000/3383 1686/4304/3384
f 1681/4299/3375 4393/2156/3381 1686/4304/3384 932/996/3376
f 77/77/384 2614/2791/415 4394/2157/3385 1685/4303/3382
f 2614/2791/415 82/82/414 1687/4305/3386 4394/2157/3385
f 4394/2157/3385 1687/4305/3386 938/1004/3387 1688/4306/3388
f 1685/4303/3382 4394/2157/3385 1688/4306/3388 935/1000/3383
f 82/82/414 2628/2805/443 4395/2158/3389 1687/4305/3386
f 2628/2805/443 89/89/442 1689/4307/3390 4395/2158/3389
f 4395/2158/3389 1689/4307/3390 941/1008/3391 1690/4308/3392
f 1687/4305/3386 4395/2158/3389 1690/4308/3392 938/1004/3387
f 89/89/442 2644/2821/475 4396/2159/3393 1689/4307/3390
f 2644/2821/475 96/96/474 1691/4309/3394 4396/2159/3393
f 4396/2159/3393 1691/4309/3394 944/1012/3395 1692/4310/3396
f 1689/4307/3390 4396/2159/3393 1692/4310/3396 941/1008/3391
f 96/96/474 2657/2834/501 4397/2160/3397 1691/4309/3394
f 2657/2834/501 103/103/500 1693/4311/3398 4397/2160/3397
f 4397/2160/3397 1693/4311/3398 947/1016/3399 1694/4312/3400
f 1691/4309/3394 4397/2160/3397 1694/4312/3400 944/1012/3395
f 103/103/500 2670/2847/527 4398/2161/3401 1693/4311/3398
f 2670/2847/527 110/110/526 1695/4313/3402 4398/2161/3401
f 4398/2161/3401 1695/4313/3402 950/1020/3403 1696/4314/3404
f 1693/4311/3398 4398/2161/3401 1696/4314/3404 947/1016/3399
f 110/110/526 2677/2854/540 4399/2162/3405 1695/4313/3402
f 2677/2854/540 117/117/64 1650/4267/3312 4399/2162/3405
f 4399/2162/3405 1650/4267/3312 875/916/3311 1697/4315/3406
f 1695/4313/3402 4399/2162/3405 1697/4315/3406 950/1020/3403
f 128/128/104 2696/2873/578 4400/2163/3407 1653/4270/3318
f 2696/2873/578 135/135/577 1698/4316/3408 4400/2163/3407
f 4400/2163/3407 1698/4316/3408 884/928/3409 1699/4317/3410
f 1653/4270/3318 4400/2163/3407 1699/4317/3410 881/924/3319
f 135/135/577 2703/2880/591 4401/2164/3411 1698/4316/3408
f 2703/2880/591 142/149/110 1656/4274/3326 4401/2164/3411
f 4401/2164/3411 1656/4274/3326 890/937/3325 1700/4318/3412
f 1698/4316/3408 4401/2164/3411 1700/4318/3412 884/928/3409
f 172/179/625 2751/2928/687 4402/2165/3413 1678/4296/3369
f 2751/2928/687 179/186/686 1684/4302/3380 4402/2165/3413
f 4402/2165/3413 1684/4302/3380 926/988/3379 1701/4319/3414
f 1678/4296/3369 4402/2165/3413 1701/4319/3414 923/982/3370
s 11
f 953/1024/3415 1702/4320/3416 4403/2166/3417 1704/4322/3418
f 1702/4320/3416 956/1028/3419 1703/4321/3420 4403/2166/3417
f 4403/2166/3417 1703/4321/3420 370/383/1405 3109/3292/1402
f 1704/4322/3418 4403/2166/3417 3109/3292/1402 365/378/1401
f 953/1024/3415 1704/4322/3418 4404/2167/3421 1706/4324/3422
f 1704/4322/3418 365/378/1401 3115/3298/1411 4404/2167/3421
f 4404/2167/3421 3115/3298/1411 484/500/1415 1705/4323/3423
f 1706/4324/3422 4404/2167/3421 1705/4323/3423 959/1032/3424
f 956/1028/3419 1707/4325/3425 4405/2168/3426 1703/4321/3420
f 1707/4325/3425 962/1038/3427 1708/4326/3428 4405/2168/3426
f 4405/2168/3426 1708/4326/3428 375/388/1448 3131/3314/1446
f 1703/4321/3420 4405/2168/3426 3131/3314/1446 370/383/1405
f 962/1038/3427 1709/4327/3429 4406/2169/3430 1708/4326/3428
f 1709/4327/3429 965/1042/3431 1710/4328/3432 4406/2169/3430
f 4406/2169/3430 1710/4328/3432 380/393/1466 3140/3323/1464
f 1708/4326/3428 4406/2169/3430 3140/3323/1464 375/388/1448
f 380/393/1466 1710/4328/3432 4407/2170/3433 3149/3332/1482
f 1710/4328/3432 965/1042/3431 1711/4329/3434 4407/2170/3433
f 4407/2170/3433 1711/4329/3434 968/1046/3435 1712/4330/3436
f 3149/3332/1482 4407/2170/3433 1712/4330/3436 491/509/1484
f 431/446/1703 3282/3469/1746 4408/2171/3437 1715/4333/3438
f 3282/3469/1746 495/513/1750 1713/4331/3439 4408/2171/3437
f 4408/2171/3437 1713/4331/3439 974/1054/3440 1714/4332/3441
f 1715/4333/3438 4408/2171/3437 1714/4332/3441 971/1050/3442
f 431/446/1703 1715/4333/3438 4409/2172/3443 3259/3445/1704
f 1715/4333/3438 971/1050/3442 1716/4334/3444 4409/2172/3443
f 4409/2172/3443 1716/4334/3444 977/1058/3445 1717/4335/3446
f 3259/3445/1704 4409/2172/3443 1717/4335/3446 432/447/1697
f 432/447/1697 1717/4335/3446 4410/2173/3447 3256/3442/1698
f 1717/4335/3446 977/1058/3445 1718/4336/3448 4410/2173/3447
f 4410/2173/3447 1718/4336/3448 980/1062/3449 1719/4337/3450
f 3256/3442/1698 4410/2173/3447 1719/4337/3450 433/448/1699
f 433/448/1699 1719/4337/3450 4411/2174/3451 3260/3446/1706
f 1719/4337/3450 980/1062/3449 1720/4338/3452 4411/2174/3451
f 4411/2174/3451 1720/4338/3452 983/1066/3453 1721/4339/3454
f 3260/3446/1706 4411/2174/3451 1721/4339/3454 434/449/1707
f 434/449/1707 1721/4339/3454 4412/2175/3455 3262/3448/1710
f 1721/4339/3454 983/1066/3453 1722/4340/3456 4412/2175/3455
f 4412/2175/3455 1722/4340/3456 986/1070/3457 1723/4341/3458
f 3262/3448/1710 4412/2175/3455 1723/4341/3458 435/450/1711
f 435/450/1711 1723/4341/3458 4413/2176/3459 3264/3450/1714
f 1723/4341/3458 986/1070/3457 1724/4342/3460 4413/2176/3459
f 4413/2176/3459 1724/4342/3460 989/1074/3461 1725/4343/3462
f 3264/3450/1714 4413/2176/3459 1725/4343/3462 436/451/1715
f 436/451/1715 1725/4343/3462 4414/2177/3463 3266/3452/1718
f 1725/4343/3462 989/1074/3461 1726/4344/3464 4414/2177/3463
f 4414/2177/3463 1726/4344/3464 992/1078/3465 1727/4345/3466
f 3266/3452/1718 4414/2177/3463 1727/4345/3466 437/452/1719
f 437/452/1719 1727/4345/3466 4415/2178/3467 3268/3454/1722
f 1727/4345/3466 992/1078/3465 1728/4346/3468 4415/2178/3467
f 4415/2178/3467 1728/4346/3468 995/1082/3469 1729/4347/3470
f 3268/3454/1722 4415/2178/3467 1729/4347/3470 438/453/1723
f 438/453/1723 1729/4347/3470 4416/2179/3471 3270/3456/1726
f 1729/4347/3470 995/1082/3469 1730/4348/3472 4416/2179/3471
f 4416/2179/3471 1730/4348/3472 998/1086/3473 1731/4349/3474
f 3270/3456/1726 4416/2179/3471 1731/4349/3474 439/454/1727
f 439/454/1727 1731/4349/3474 4417/2180/3475 3272/3458/1730
f 1731/4349/3474 998/1086/3473 1732/4350/3476 4417/2180/3475
f 4417/2180/3475 1732/4350/3476 1001/1090/3477 1733/4351/3478
f 3272/3458/1730 4417/2180/3475 1733/4351/3478 440/455/1731
f 440/455/1731 1733/4351/3478 4418/2181/3479 3274/3460/1734
f 1733/4351/3478 1001/1090/3477 1734/4352/3480 4418/2181/3479
f 4418/2181/3479 1734/4352/3480 1004/1094/3481 1735/4353/3482
f 3274/3460/1734 4418/2181/3479 1735/4353/3482 441/456/1735
f 441/456/1735 1735/4353/3482 4419/2182/3483 3276/3462/1738
f 1735/4353/3482 1004/1094/3481 1736/4354/3484 4419/2182/3483
f 4419/2182/3483 1736/4354/3484 1007/1098/3485 1737/4355/3486
f 3276/3462/1738 4419/2182/3483 1737/4355/3486 442/457/1739
f 442/458/1739 1737/4356/3486 4420/2183/3487 3278/3465/1742
f 1737/4356/3486 1007/1099/3485 1738/4357/3488 4420/2183/3487
f 4420/2183/3487 1738/4357/3488 1010/1104/3489 1739/4358/3490
f 3278/3465/1742 4420/2183/3487 1739/4358/3490 504/522/1743
f 1013/1108/3491 1740/4359/3492 4421/2184/3493 1742/4361/3494
f 1740/4359/3492 1016/1112/3495 1741/4360/3496 4421/2184/3493
f 4421/2184/3493 1741/4360/3496 449/465/1757 3285/3472/1755
f 1742/4361/3494 4421/2184/3493 3285/3472/1755 444/460/1753
f 1013/1108/3491 1742/4361/3494 4422/2185/3497 1743/4362/3498
f 1742/4361/3494 444/460/1753 3283/3470/1752 4422/2185/3497
f 4422/2185/3497 3283/3470/1752 504/522/1743 1739/4358/3490
f 1743/4362/3498 4422/2185/3497 1739/4358/3490 1010/1104/3489
f 1016/1112/3495 1744/4363/3499 4423/2186/3500 1741/4360/3496
f 1744/4363/3499 1019/1116/3501 1745/4364/3502 4423/2186/3500
f 4423/2186/3500 1745/4364/3502 454/470/1775 3294/3481/1773
f 1741/4360/3496 4423/2186/3500 3294/3481/1773 449/465/1757
f 1019/1116/3501 1746/4365/3503 4424/2187/3504 1745/4364/3502
f 1746/4365/3503 1022/1120/3505 1747/4366/3506 4424/2187/3504
f 4424/2187/3504 1747/4366/3506 459/475/1793 3303/3490/1791
f 1745/4364/3502 4424/2187/3504 3303/3490/1791 454/470/1775
f 1022/1120/3505 1748/4367/3507 4425/2188/3508 1747/4366/3506
f 1748/4367/3507 1025/1124/3509 1749/4368/3510 4425/2188/3508
f 4425/2188/3508 1749/4368/3510 464/480/1811 3312/3499/1809
f 1747/4366/3506 4425/2188/3508 3312/3499/1809 459/475/1793
f 1025/1124/3509 1750/4369/3511 4426/2189/3512 1749/4368/3510
f 1750/4369/3511 1028/1128/3513 1751/4370/3514 4426/2189/3512
f 4426/2189/3512 1751/4370/3514 469/485/1829 3321/3508/1827
f 1749/4368/3510 4426/2189/3512 3321/3508/1827 464/480/1811
f 1028/1128/3513 1752/4371/3515 4427/2190/3516 1751/4370/3514
f 1752/4371/3515 1031/1132/3517 1753/4372/3518 4427/2190/3516
f 4427/2190/3516 1753/4372/3518 474/490/1847 3330/3517/1845
f 1751/4370/3514 4427/2190/3516 3330/3517/1845 469/485/1829
f 1031/1132/3517 1754/4373/3519 4428/2191/3520 1753/4372/3518
f 1754/4373/3519 1034/1136/3521 1755/4374/3522 4428/2191/3520
f 4428/2191/3520 1755/4374/3522 479/495/1865 3339/3526/1863
f 1753/4372/3518 4428/2191/3520 3339/3526/1863 474/490/1847
f 1034/1136/3521 1756/4375/3523 4429/2192/3524 1755/4374/3522
f 1756/4375/3523 959/1032/3424 1705/4323/3423 4429/2192/3524
f 4429/2192/3524 1705/4323/3423 484/500/1415 3348/3535/1881
f 1755/4374/3522 4429/2192/3524 3348/3535/1881 479/495/1865
f 968/1046/3435 1757/4376/3525 4430/2193/3526 1712/4330/3436
f 1757/4376/3525 974/1054/3440 1713/4331/3439 4430/2193/3526
f 4430/2193/3526 1713/4331/3439 495/513/1750 3353/3540/1890
f 1712/4330/3436 4430/2193/3526 3353/3540/1890 491/509/1484
s 14
f 871/911/3527 1758/4377/3528 4431/2194/3529 1760/4379/3530
f 1758/4377/3528 874/915/3531 1759/4378/3532 4431/2194/3529
f 4431/2194/3529 1759/4378/3532 518/536/1909 3361/3548/1906
f 1760/4379/3530 4431/2194/3529 3361/3548/1906 505/523/1905
f 871/911/3527 1760/4379/3530 4432/2195/3533 1762/4381/3534
f 1760/4379/3530 505/523/1905 3367/3554/1915 4432/2195/3533
f 4432/2195/3533 3367/3554/1915 795/832/1919 1761/4380/3535
f 1762/4381/3534 4432/2195/3533 1761/4380/3535 877/919/3536
f 509/527/1945 3379/3566/1944 4433/2196/3537 1764/4383/3538
f 3379/3566/1944 522/540/1943 1763/4382/3539 4433/2196/3537
f 4433/2196/3537 1763/4382/3539 1042/1147/3264 1630/4244/3263
f 1764/4383/3538 4433/2196/3537 1630/4244/3263 1037/1140/3262
f 509/527/1945 1764/4383/3538 4434/2197/3540 3381/3568/1947
f 1764/4383/3538 1037/1140/3262 1765/4384/3541 4434/2197/3540
f 4434/2197/3540 1765/4384/3541 1043/1148/3542 1766/4385/3543
f 3381/3568/1947 4434/2197/3540 1766/4385/3543 799/836/1948
s 15
f 1039/1143/3249 1628/4242/3252 4435/2198/3544 1768/4387/3545
f 1628/4242/3252 1040/1144/3257 1767/4386/3546 4435/2198/3544
f 4435/2198/3544 1767/4386/3546 523/541/1954 3383/3570/1951
f 1768/4387/3545 4435/2198/3544 3383/3570/1951 510/528/1950
f 1039/1143/3249 1768/4387/3545 4436/2199/3547 1770/4389/3548
f 1768/4387/3545 510/528/1950 3389/3576/1960 4436/2199/3547
f 4436/2199/3547 3389/3576/1960 800/837/1964 1769/4388/3549
f 1770/4389/3548 4436/2199/3547 1769/4388/3549 1045/1151/3550
f 517/535/2020 3416/3603/2019 4437/2200/3551 1773/4392/3552
f 3416/3603/2019 530/548/2018 1771/4390/3553 4437/2200/3551
f 4437/2200/3551 1771/4390/3553 1049/1156/3554 1772/4391/3555
f 1773/4392/3552 4437/2200/3551 1772/4391/3555 1046/1152/3556
f 517/535/2020 1773/4392/3552 4438/2201/3557 3418/3605/2022
f 1773/4392/3552 1046/1152/3556 1774/4393/3558 4438/2201/3557
f 4438/2201/3557 1774/4393/3558 1052/1160/3559 1775/4394/3560
f 3418/3605/2022 4438/2201/3557 1775/4394/3560 807/844/2023
s 14
f 874/915/3531 1776/4395/3561 4439/2202/3562 1759/4378/3532
f 1776/4395/3561 880/923/3563 1777/4396/3564 4439/2202/3562
f 4439/2202/3562 1777/4396/3564 531/549/2027 3420/3607/2025
f 1759/4378/3532 4439/2202/3562 3420/3607/2025 518/536/1909
f 522/540/1943 3428/3615/2042 4440/2203/3565 1763/4382/3539
f 3428/3615/2042 535/553/2041 1778/4397/3566 4440/2203/3565
f 4440/2203/3565 1778/4397/3566 1057/1167/3567 1779/4398/3568
f 1763/4382/3539 4440/2203/3565 1779/4398/3568 1042/1147/3264
s 15
f 1040/1144/3257 1780/4399/3569 4441/2204/3570 1767/4386/3546
f 1780/4399/3569 1055/1164/3571 1781/4400/3572 4441/2204/3570
f 4441/2204/3570 1781/4400/3572 536/554/2045 3429/3616/2043
f 1767/4386/3546 4441/2204/3570 3429/3616/2043 523/541/1954
f 530/548/2018 3443/3630/2072 4442/2205/3573 1771/4390/3553
f 3443/3630/2072 543/561/2071 1782/4401/3574 4442/2205/3573
f 4442/2205/3573 1782/4401/3574 1058/1168/3575 1783/4402/3576
f 1771/4390/3553 4442/2205/3573 1783/4402/3576 1049/1156/3554
s 14
f 880/923/3563 1784/4403/3577 4443/2206/3578 1777/4396/3564
f 1784/4403/3577 883/927/3579 1785/4404/3580 4443/2206/3578
f 4443/2206/3578 1785/4404/3580 544/562/2075 3444/3631/2073
f 1777/4396/3564 4443/2206/3578 3444/3631/2073 531/549/2027
f 535/553/2041 3452/3639/2090 4444/2207/3581 1778/4397/3566
f 3452/3639/2090 548/566/2089 1786/4405/3582 4444/2207/3581
f 4444/2207/3581 1786/4405/3582 1063/1177/3583 1787/4406/3584
f 1778/4397/3566 4444/2207/3581 1787/4406/3584 1057/1167/3567
s 15
f 1055/1164/3571 1788/4407/3585 4445/2208/3586 1781/4400/3572
f 1788/4407/3585 1061/1172/3587 1789/4408/3588 4445/2208/3586
f 4445/2208/3586 1789/4408/3588 549/567/2093 3453/3640/2091
f 1781/4400/3572 4445/2208/3586 3453/3640/2091 536/554/2045
f 543/561/2071 3467/3661/2120 4446/2209/3589 1782/4401/3574
f 3467/3661/2120 556/581/2119 1790/4410/3590 4446/2209/3589
f 4446/2209/3589 1790/4410/3590 1064/1178/3591 1791/4412/3592
f 1782/4401/3574 4446/2209/3589 1791/4412/3592 1058/1168/3575
s 14
f 544/562/2075 1785/4404/3580 4447/2210/3593 3468/3662/2121
f 1785/4404/3580 883/927/3579 1792/4413/3594 4447/2210/3593
f 4447/2210/3593 1792/4413/3594 886/931/3595 1793/4414/3596
f 3468/3662/2121 4447/2210/3593 1793/4414/3596 842/881/2123
f 548/566/2089 3476/3670/2138 4448/2211/3597 1786/4405/3582
f 3476/3670/2138 557/583/2137 1794/4415/3598 4448/2211/3597
f 4448/2211/3597 1794/4415/3598 1069/1187/3599 1795/4416/3600
f 1786/4405/3582 4448/2211/3597 1795/4416/3600 1063/1177/3583
s 15
f 1061/1173/3587 1796/4417/3601 4449/2212/3602 1789/4409/3588
f 1796/4417/3601 1067/1184/3603 1797/4418/3604 4449/2212/3602
f 4449/2212/3602 1797/4418/3604 558/584/2141 3477/3671/2139
f 1789/4409/3588 4449/2212/3602 3477/3671/2139 549/568/2093
f 556/582/2119 3491/3685/2168 4450/2213/3605 1790/4411/3590
f 3491/3685/2168 565/591/2167 1798/4419/3606 4450/2213/3605
f 4450/2213/3605 1798/4419/3606 1070/1188/3607 1799/4420/3608
f 1790/4411/3590 4450/2213/3605 1799/4420/3608 1064/1179/3591
s 14
f 557/583/2137 3494/3688/2170 4451/2214/3609 1794/4415/3598
f 3494/3688/2170 850/889/2174 1800/4421/3610 4451/2214/3609
f 4451/2214/3609 1800/4421/3610 1075/1195/3611 1801/4422/3612
f 1794/4415/3598 4451/2214/3609 1801/4422/3612 1069/1187/3599
s 15
f 1067/1184/3603 1802/4423/3613 4452/2215/3614 1797/4418/3604
f 1802/4423/3613 1073/1192/3615 1803/4424/3616 4452/2215/3614
f 4452/2215/3614 1803/4424/3616 851/890/2177 3495/3689/2175
f 1797/4418/3604 4452/2215/3614 3495/3689/2175 558/584/2141
f 565/591/2167 3509/3703/2204 4453/2216/3617 1798/4419/3606
f 3509/3703/2204 571/597/2203 1804/4425/3618 4453/2216/3617
f 4453/2216/3617 1804/4425/3618 1076/1196/3619 1805/4426/3620
f 1798/4419/3606 4453/2216/3617 1805/4426/3620 1070/1188/3607
f 571/597/2203 3522/3716/2230 4454/2217/3621 1804/4425/3618
f 3522/3716/2230 573/599/2229 1806/4427/3622 4454/2217/3621
f 4454/2217/3621 1806/4427/3622 1079/1200/3623 1807/4428/3624
f 1804/4425/3618 4454/2217/3621 1807/4428/3624 1076/1196/3619
f 573/599/2229 3525/3719/2236 4455/2218/3625 1806/4427/3622
f 3525/3719/2236 867/906/2235 1808/4429/3626 4455/2218/3625
f 4455/2218/3625 1808/4429/3626 1082/1204/3627 1809/4430/3628
f 1806/4427/3622 4455/2218/3625 1809/4430/3628 1079/1200/3623
s 14
f 576/602/2268 1810/4431/3629 4456/2219/3630 3541/3737/2269
f 1810/4431/3629 1088/1212/3280 1811/4432/3631 4456/2219/3630
f 4456/2219/3630 1811/4432/3631 1091/1216/3632 1812/4433/3633
f 3541/3737/2269 4456/2219/3630 1812/4433/3633 840/877/2270
f 576/602/2268 3544/3741/2275 4457/2220/3634 1810/4431/3629
f 3544/3741/2275 712/749/2274 1813/4435/3635 4457/2220/3634
f 4457/2220/3634 1813/4435/3635 1096/1227/3282 1637/4253/3281
f 1810/4431/3629 4457/2220/3634 1637/4253/3281 1088/1212/3280
s 15
f 1090/1215/3267 1814/4436/3636 4458/2221/3637 1816/4438/3638
f 1814/4436/3636 577/603/2276 3548/3745/2279 4458/2221/3637
f 4458/2221/3637 3548/3745/2279 839/876/2284 1815/4437/3639
f 1816/4438/3638 4458/2221/3637 1815/4437/3639 1093/1221/3640
f 1090/1215/3267 1635/4251/3270 4459/2222/3641 1814/4436/3636
f 1635/4251/3270 1094/1222/3275 1817/4439/3642 4459/2222/3641
f 4459/2222/3641 1817/4439/3642 585/611/2287 3549/3746/2285
f 1814/4436/3636 4459/2222/3641 3549/3746/2285 577/603/2276
f 584/610/2346 3578/3782/2345 4460/2223/3643 1820/4444/3644
f 3578/3782/2345 592/625/2344 1818/4441/3645 4460/2223/3643
f 4460/2223/3643 1818/4441/3645 1100/1232/3646 1819/4443/3647
f 1820/4444/3644 4460/2223/3643 1819/4443/3647 1097/1228/3648
f 584/610/2346 1820/4444/3644 4461/2224/3649 3580/3784/2348
f 1820/4444/3644 1097/1228/3648 1821/4445/3650 4461/2224/3649
f 4461/2224/3649 1821/4445/3650 1103/1238/3651 1822/4446/3652
f 3580/3784/2348 4461/2224/3649 1822/4446/3652 813/850/2349
s 14
f 1096/1227/3282 1813/4435/3635 4462/2225/3653 1824/4448/3654
f 1813/4435/3635 712/749/2274 1445/4058/2893 4462/2225/3653
f 4462/2225/3653 1445/4058/2893 717/754/2892 1823/4447/3655
f 1824/4448/3654 4462/2225/3653 1823/4447/3655 1108/1245/3656
s 15
f 1094/1223/3275 1825/4449/3657 4463/2226/3658 1817/4440/3642
f 1825/4449/3657 1106/1242/3659 1826/4450/3660 4463/2226/3658
f 4463/2226/3658 1826/4450/3660 718/755/2353 3582/3786/2351
f 1817/4440/3642 4463/2226/3658 3582/3786/2351 585/612/2287
f 592/626/2344 3596/3800/2380 4464/2227/3661 1818/4442/3645
f 3596/3800/2380 598/632/2379 1827/4451/3662 4464/2227/3661
f 4464/2227/3661 1827/4451/3662 1109/1246/3663 1828/4452/3664
f 1818/4442/3645 4464/2227/3661 1828/4452/3664 1100/1233/3646
f 598/632/2379 3609/3813/2406 4465/2228/3665 1827/4451/3662
f 3609/3813/2406 601/635/2405 1829/4453/3666 4465/2228/3665
f 4465/2228/3665 1829/4453/3666 1112/1250/3667 1830/4454/3668
f 1827/4451/3662 4465/2228/3665 1830/4454/3668 1109/1246/3663
f 601/635/2405 1208/3820/2420 4466/2229/3669 1829/4453/3666
f 1208/3820/2420 742/779/2419 1831/4455/3670 4466/2229/3669
f 4466/2229/3669 1831/4455/3670 1115/1254/3671 1832/4456/3672
f 1829/4453/3666 4466/2229/3669 1832/4456/3672 1112/1250/3667
f 1115/1254/3671 1831/4455/3670 4467/2230/3673 1834/4458/3674
f 1831/4455/3670 742/779/2419 1497/4110/2997 4467/2230/3673
f 4467/2230/3673 1497/4110/2997 755/792/2996 1833/4457/3675
f 1834/4458/3674 4467/2230/3673 1833/4457/3675 1118/1258/3676
f 1085/1208/3677 1835/4459/3678 4468/2231/3679 1836/4460/3680
f 1835/4459/3678 1082/1204/3627 1808/4429/3626 4468/2231/3679
f 4468/2231/3679 1808/4429/3626 867/906/2235 1213/3825/2430
f 1836/4460/3680 4468/2231/3679 1213/3825/2430 602/636/2421
f 1085/1208/3677 1836/4460/3680 4469/2232/3681 1838/4462/3682
f 1836/4460/3680 602/636/2421 1212/3824/2424 4469/2232/3681
f 4469/2232/3681 1212/3824/2424 603/637/2429 1837/4461/3683
f 1838/4462/3682 4469/2232/3681 1837/4461/3683 1121/1262/3684
f 1121/1262/3684 1837/4461/3683 4470/2233/3685 1840/4464/3686
f 1837/4461/3683 603/637/2429 1217/3829/2434 4470/2233/3685
f 4470/2233/3685 1217/3829/2434 604/638/2438 1839/4463/3687
f 1840/4464/3686 4470/2233/3685 1839/4463/3687 1124/1266/3688
f 1124/1266/3688 1839/4463/3687 4471/2234/3689 1842/4466/3690
f 1839/4463/3687 604/638/2438 1220/3832/2440 4471/2234/3689
f 4471/2234/3689 1220/3832/2440 605/639/2444 1841/4465/3691
f 1842/4466/3690 4471/2234/3689 1841/4465/3691 1127/1270/3692
f 1127/1270/3692 1841/4465/3691 4472/2235/3693 1844/4468/3694
f 1841/4465/3691 605/639/2444 1223/3835/2446 4472/2235/3693
f 4472/2235/3693 1223/3835/2446 808/845/2450 1843/4467/3695
f 1844/4468/3694 4472/2235/3693 1843/4467/3695 1130/1274/3696
f 644/678/2623 1309/3921/2622 4473/2236/3697 1846/4470/3698
f 1309/3921/2622 857/896/2621 1845/4469/3699 4473/2236/3697
f 4473/2236/3697 1845/4469/3699 1138/1285/3300 1644/4261/3299
f 1846/4470/3698 4473/2236/3697 1644/4261/3299 1133/1278/3298
f 644/678/2623 1846/4470/3698 4474/2237/3700 1311/3923/2625
f 1846/4470/3698 1133/1278/3298 1847/4471/3701 4474/2237/3700
f 4474/2237/3700 1847/4471/3701 1139/1286/3702 1848/4472/3703
f 1311/3923/2625 4474/2237/3700 1848/4472/3703 645/679/2626
f 645/679/2626 1848/4472/3703 4475/2238/3704 1313/3925/2629
f 1848/4472/3703 1139/1286/3702 1849/4473/3705 4475/2238/3704
f 4475/2238/3704 1849/4473/3705 1142/1290/3706 1850/4474/3707
f 1313/3925/2629 4475/2238/3704 1850/4474/3707 646/680/2630
f 646/680/2630 1850/4474/3707 4476/2239/3708 1315/3927/2633
f 1850/4474/3707 1142/1290/3706 1851/4475/3709 4476/2239/3708
f 4476/2239/3708 1851/4475/3709 1145/1294/3710 1852/4476/3711
f 1315/3927/2633 4476/2239/3708 1852/4476/3711 647/681/2634
f 647/681/2634 1852/4476/3711 4477/2240/3712 1317/3929/2637
f 1852/4476/3711 1145/1294/3710 1853/4477/3713 4477/2240/3712
f 4477/2240/3712 1853/4477/3713 1148/1298/3714 1854/4478/3715
f 1317/3929/2637 4477/2240/3712 1854/4478/3715 648/682/2638
f 648/682/2638 1854/4478/3715 4478/2241/3716 1319/3931/2641
f 1854/4478/3715 1148/1298/3714 1855/4479/3717 4478/2241/3716
f 4478/2241/3716 1855/4479/3717 1151/1302/3718 1856/4480/3719
f 1319/3931/2641 4478/2241/3716 1856/4480/3719 649/683/2642
f 649/683/2642 1856/4480/3719 4479/2242/3720 1321/3933/2645
f 1856/4480/3719 1151/1302/3718 1857/4481/3721 4479/2242/3720
f 4479/2242/3720 1857/4481/3721 1154/1306/3722 1858/4482/3723
f 1321/3933/2645 4479/2242/3720 1858/4482/3723 650/684/2646
f 650/684/2646 1858/4482/3723 4480/2243/3724 1323/3935/2649
f 1858/4482/3723 1154/1306/3722 1859/4483/3725 4480/2243/3724
f 4480/2243/3724 1859/4483/3725 1157/1310/3726 1860/4484/3727
f 1323/3935/2649 4480/2243/3724 1860/4484/3727 651/685/2650
f 651/685/2650 1860/4484/3727 4481/2244/3728 1325/3937/2653
f 1860/4484/3727 1157/1310/3726 1861/4485/3729 4481/2244/3728
f 4481/2244/3728 1861/4485/3729 1160/1314/3730 1862/4486/3731
f 1325/3937/2653 4481/2244/3728 1862/4486/3731 652/686/2654
f 652/686/2654 1862/4486/3731 4482/2245/3732 1327/3939/2656
f 1862/4486/3731 1160/1314/3730 1863/4487/3733 4482/2245/3732
f 4482/2245/3732 1863/4487/3733 1163/1318/3734 1864/4488/3735
f 1327/3939/2656 4482/2245/3732 1864/4488/3735 838/875/2658
s 14
f 1135/1281/3285 1642/4259/3288 4483/2246/3736 1866/4490/3737
f 1642/4259/3288 1136/1282/3293 1865/4489/3738 4483/2246/3736
f 4483/2246/3736 1865/4489/3738 856/895/2673 1334/3946/2671
f 1866/4490/3737 4483/2246/3736 1334/3946/2671 653/687/2662
f 1135/1281/3285 1866/4490/3737 4484/2247/3739 1868/4492/3740
f 1866/4490/3737 653/687/2662 1333/3945/2665 4484/2247/3739
f 4484/2247/3739 1333/3945/2665 654/688/2670 1867/4491/3741
f 1868/4492/3740 4484/2247/3739 1867/4491/3741 1141/1289/3742
f 1141/1289/3742 1867/4491/3741 4485/2248/3743 1870/4494/3744
f 1867/4491/3741 654/688/2670 1339/3951/2678 4485/2248/3743
f 4485/2248/3743 1339/3951/2678 655/689/2682 1869/4493/3745
f 1870/4494/3744 4485/2248/3743 1869/4493/3745 1144/1293/3746
f 1144/1293/3746 1869/4493/3745 4486/2249/3747 1872/4496/3748
f 1869/4493/3745 655/689/2682 1342/3954/2684 4486/2249/3747
f 4486/2249/3747 1342/3954/2684 656/690/2688 1871/4495/3749
f 1872/4496/3748 4486/2249/3747 1871/4495/3749 1147/1297/3750
f 1147/1297/3750 1871/4495/3749 4487/2250/3751 1874/4498/3752
f 1871/4495/3749 656/690/2688 1345/3957/2690 4487/2250/3751
f 4487/2250/3751 1345/3957/2690 657/691/2694 1873/4497/3753
f 1874/4498/3752 4487/2250/3751 1873/4497/3753 1150/1301/3754
f 1150/1301/3754 1873/4497/3753 4488/2251/3755 1876/4500/3756
f 1873/4497/3753 657/691/2694 1348/3960/2696 4488/2251/3755
f 4488/2251/3755 1348/3960/2696 658/692/2700 1875/4499/3757
f 1876/4500/3756 4488/2251/3755 1875/4499/3757 1153/1305/3758
f 1153/1305/3758 1875/4499/3757 4489/2252/3759 1878/4502/3760
f 1875/4499/3757 658/692/2700 1351/3963/2702 4489/2252/3759
f 4489/2252/3759 1351/3963/2702 659/693/2706 1877/4501/3761
f 1878/4502/3760 4489/2252/3759 1877/4501/3761 1156/1309/3762
f 1156/1309/3762 1877/4501/3761 4490/2253/3763 1880/4504/3764
f 1877/4501/3761 659/693/2706 1354/3966/2708 4490/2253/3763
f 4490/2253/3763 1354/3966/2708 660/694/2712 1879/4503/3765
f 1880/4504/3764 4490/2253/3763 1879/4503/3765 1159/1313/3766
f 1159/1313/3766 1879/4503/3765 4491/2254/3767 1882/4506/3768
f 1879/4503/3765 660/694/2712 1357/3969/2714 4491/2254/3767
f 4491/2254/3767 1357/3969/2714 661/695/2718 1881/4505/3769
f 1882/4506/3768 4491/2254/3767 1881/4505/3769 1162/1317/3770
f 1162/1317/3770 1881/4505/3769 4492/2255/3771 1884/4508/3772
f 1881/4505/3769 661/695/2718 1360/3972/2720 4492/2255/3771
f 4492/2255/3771 1360/3972/2720 662/696/2724 1883/4507/3773
f 1884/4508/3772 4492/2255/3771 1883/4507/3773 1165/1321/3774
f 662/696/2724 1362/3974/2726 4493/2256/3775 1883/4507/3773
f 1362/3974/2726 840/878/2270 1812/4434/3633 4493/2256/3775
f 4493/2256/3775 1812/4434/3633 1091/1217/3632 1885/4509/3776
f 1883/4507/3773 4493/2256/3775 1885/4509/3776 1165/1321/3774
f 695/731/2824 1434/4047/2867 4494/2257/3777 1888/4512/3778
f 1434/4047/2867 846/885/2871 1886/4510/3779 4494/2257/3777
f 4494/2257/3777 1886/4510/3779 892/941/3780 1887/4511/3781
f 1888/4512/3778 4494/2257/3777 1887/4511/3781 889/935/3782
f 695/731/2824 1888/4512/3778 4495/2258/3783 1411/4023/2825
f 1888/4512/3778 889/935/3782 1889/4513/3784 4495/2258/3783
f 4495/2258/3783 1889/4513/3784 895/945/3785 1890/4514/3786
f 1411/4023/2825 4495/2258/3783 1890/4514/3786 696/732/2818
f 696/732/2818 1890/4514/3786 4496/2259/3787 1408/4020/2819
f 1890/4514/3786 895/945/3785 1891/4515/3788 4496/2259/3787
f 4496/2259/3787 1891/4515/3788 898/949/3789 1892/4516/3790
f 1408/4020/2819 4496/2259/3787 1892/4516/3790 697/733/2820
f 697/733/2820 1892/4516/3790 4497/2260/3791 1412/4024/2827
f 1892/4516/3790 898/949/3789 1893/4517/3792 4497/2260/3791
f 4497/2260/3791 1893/4517/3792 901/953/3793 1894/4518/3794
f 1412/4024/2827 4497/2260/3791 1894/4518/3794 698/734/2828
f 698/734/2828 1894/4518/3794 4498/2261/3795 1414/4026/2831
f 1894/4518/3794 901/953/3793 1895/4519/3796 4498/2261/3795
f 4498/2261/3795 1895/4519/3796 904/957/3797 1896/4520/3798
f 1414/4026/2831 4498/2261/3795 1896/4520/3798 699/735/2832
f 699/735/2832 1896/4520/3798 4499/2262/3799 1416/4028/2835
f 1896/4520/3798 904/957/3797 1897/4521/3800 4499/2262/3799
f 4499/2262/3799 1897/4521/3800 907/961/3801 1898/4522/3802
f 1416/4028/2835 4499/2262/3799 1898/4522/3802 700/736/2836
f 700/736/2836 1898/4522/3802 4500/2263/3803 1418/4030/2839
f 1898/4522/3802 907/961/3801 1899/4523/3804 4500/2263/3803
f 4500/2263/3803 1899/4523/3804 910/965/3805 1900/4524/3806
f 1418/4030/2839 4500/2263/3803 1900/4524/3806 701/737/2840
f 701/737/2840 1900/4524/3806 4501/2264/3807 1420/4032/2843
f 1900/4524/3806 910/965/3805 1901/4525/3808 4501/2264/3807
f 4501/2264/3807 1901/4525/3808 913/969/3809 1902/4526/3810
f 1420/4032/2843 4501/2264/3807 1902/4526/3810 702/738/2844
f 702/738/2844 1902/4526/3810 4502/2265/3811 1422/4034/2847
f 1902/4526/3810 913/969/3809 1903/4527/3812 4502/2265/3811
f 4502/2265/3811 1903/4527/3812 916/973/3813 1904/4528/3814
f 1422/4034/2847 4502/2265/3811 1904/4528/3814 703/739/2848
f 703/739/2848 1904/4528/3814 4503/2266/3815 1424/4036/2851
f 1904/4528/3814 916/973/3813 1905/4529/3816 4503/2266/3815
f 4503/2266/3815 1905/4529/3816 919/977/3817 1906/4530/3818
f 1424/4036/2851 4503/2266/3815 1906/4530/3818 704/740/2852
f 704/740/2852 1906/4530/3818 4504/2267/3819 1426/4038/2855
f 1906/4530/3818 919/977/3817 1907/4531/3820 4504/2267/3819
f 4504/2267/3819 1907/4531/3820 922/981/3821 1908/4532/3822
f 1426/4038/2855 4504/2267/3819 1908/4532/3822 705/741/2856
f 705/741/2856 1908/4532/3822 4505/2268/3823 1428/4040/2859
f 1908/4532/3822 922/981/3821 1909/4533/3824 4505/2268/3823
f 4505/2268/3823 1909/4533/3824 925/986/3825 1910/4534/3826
f 1428/4040/2859 4505/2268/3823 1910/4534/3826 706/742/2860
f 706/743/2860 1910/4535/3826 4506/2269/3827 1430/4043/2863
f 1910/4535/3826 925/987/3825 1911/4536/3828 4506/2269/3827
f 4506/2269/3827 1911/4536/3828 928/991/3829 1912/4537/3830
f 1430/4043/2863 4506/2269/3827 1912/4537/3830 868/907/2864
f 931/995/3831 1913/4538/3832 4507/2270/3833 1915/4540/3834
f 1913/4538/3832 934/999/3835 1914/4539/3836 4507/2270/3833
f 4507/2270/3833 1914/4539/3836 713/750/2878 1437/4050/2876
f 1915/4540/3834 4507/2270/3833 1437/4050/2876 708/745/2874
f 931/995/3831 1915/4540/3834 4508/2271/3837 1916/4541/3838
f 1915/4540/3834 708/745/2874 1435/4048/2873 4508/2271/3837
f 4508/2271/3837 1435/4048/2873 868/907/2864 1912/4537/3830
f 1916/4541/3838 4508/2271/3837 1912/4537/3830 928/991/3829
f 934/999/3835 1917/4542/3839 4509/2272/3840 1914/4539/3836
f 1917/4542/3839 937/1003/3841 1918/4543/3842 4509/2272/3840
f 4509/2272/3840 1918/4543/3842 720/757/2896 1446/4059/2894
f 1914/4539/3836 4509/2272/3840 1446/4059/2894 713/750/2878
f 717/754/2892 1454/4067/2911 4510/2273/3843 1823/4447/3655
f 1454/4067/2911 724/761/2910 1919/4544/3844 4510/2273/3843
f 4510/2273/3843 1919/4544/3844 1168/1325/3845 1920/4545/3846
f 1823/4447/3655 4510/2273/3843 1920/4545/3846 1108/1245/3656
s 15
f 1106/1242/3659 1921/4546/3847 4511/2274/3848 1826/4450/3660
f 1921/4546/3847 1166/1322/3849 1922/4547/3850 4511/2274/3848
f 4511/2274/3848 1922/4547/3850 725/762/2914 1455/4068/2912
f 1826/4450/3660 4511/2274/3848 1455/4068/2912 718/755/2353
s 14
f 937/1003/3841 1923/4548/3851 4512/2275/3852 1918/4543/3842
f 1923/4548/3851 940/1007/3853 1924/4549/3854 4512/2275/3852
f 4512/2275/3852 1924/4549/3854 730/767/2918 1457/4070/2916
f 1918/4543/3842 4512/2275/3852 1457/4070/2916 720/757/2896
f 724/761/2910 1465/4078/2933 4513/2276/3855 1919/4544/3844
f 1465/4078/2933 734/771/2932 1925/4550/3856 4513/2276/3855
f 4513/2276/3855 1925/4550/3856 1171/1329/3857 1926/4551/3858
f 1919/4544/3844 4513/2276/3855 1926/4551/3858 1168/1325/3845
s 15
f 1166/1322/3849 1927/4552/3859 4514/2277/3860 1922/4547/3850
f 1927/4552/3859 1169/1326/3861 1928/4553/3862 4514/2277/3860
f 4514/2277/3860 1928/4553/3862 735/772/2936 1466/4079/2934
f 1922/4547/3850 4514/2277/3860 1466/4079/2934 725/762/2914
s 14
f 940/1007/3853 1929/4554/3863 4515/2278/3864 1924/4549/3854
f 1929/4554/3863 943/1011/3865 1930/4555/3866 4515/2278/3864
f 4515/2278/3864 1930/4555/3866 743/780/2952 1474/4087/2950
f 1924/4549/3854 4515/2278/3864 1474/4087/2950 730/767/2918
f 734/771/2932 1482/4095/2967 4516/2279/3867 1925/4550/3856
f 1482/4095/2967 747/784/2966 1931/4556/3868 4516/2279/3867
f 4516/2279/3867 1931/4556/3868 1174/1333/3869 1932/4557/3870
f 1925/4550/3856 4516/2279/3867 1932/4557/3870 1171/1329/3857
s 15
f 1169/1326/3861 1933/4558/3871 4517/2280/3872 1928/4553/3862
f 1933/4558/3871 1172/1330/3873 1934/4559/3874 4517/2280/3872
f 4517/2280/3872 1934/4559/3874 748/785/2970 1483/4096/2968
f 1928/4553/3862 4517/2280/3872 1483/4096/2968 735/772/2936
s 14
f 943/1011/3865 1935/4560/3875 4518/2281/3876 1930/4555/3866
f 1935/4560/3875 946/1015/3877 1936/4561/3878 4518/2281/3876
f 4518/2281/3876 1936/4561/3878 756/793/3000 1498/4111/2998
f 1930/4555/3866 4518/2281/3876 1498/4111/2998 743/780/2952
f 747/784/2966 1506/4119/3015 4519/2282/3879 1931/4556/3868
f 1506/4119/3015 760/797/3014 1937/4562/3880 4519/2282/3879
f 4519/2282/3879 1937/4562/3880 1177/1337/3881 1938/4563/3882
f 1931/4556/3868 4519/2282/3879 1938/4563/3882 1174/1333/3869
s 15
f 1172/1330/3873 1939/4564/3883 4520/2283/3884 1934/4559/3874
f 1939/4564/3883 1175/1334/3885 1940/4565/3886 4520/2283/3884
f 4520/2283/3884 1940/4565/3886 761/798/3018 1507/4120/3016
f 1934/4559/3874 4520/2283/3884 1507/4120/3016 748/785/2970
f 755/792/2996 1521/4134/3045 4521/2284/3887 1833/4457/3675
f 1521/4134/3045 768/805/3044 1941/4566/3888 4521/2284/3887
f 4521/2284/3887 1941/4566/3888 1178/1338/3889 1942/4567/3890
f 1833/4457/3675 4521/2284/3887 1942/4567/3890 1118/1258/3676
s 14
f 946/1015/3877 1943/4568/3891 4522/2285/3892 1936/4561/3878
f 1943/4568/3891 949/1019/3893 1944/4569/3894 4522/2285/3892
f 4522/2285/3892 1944/4569/3894 769/806/3048 1522/4135/3046
f 1936/4561/3878 4522/2285/3892 1522/4135/3046 756/793/3000
f 760/797/3014 1530/4143/3063 4523/2286/3895 1937/4562/3880
f 1530/4143/3063 773/810/3062 1945/4570/3896 4523/2286/3895
f 4523/2286/3895 1945/4570/3896 1183/1345/3897 1946/4571/3898
f 1937/4562/3880 4523/2286/3895 1946/4571/3898 1177/1337/3881
s 15
f 1175/1334/3885 1947/4572/3899 4524/2287/3900 1940/4565/3886
f 1947/4572/3899 1181/1342/3901 1948/4573/3902 4524/2287/3900
f 4524/2287/3900 1948/4573/3902 774/811/3066 1531/4144/3064
f 1940/4565/3886 4524/2287/3900 1531/4144/3064 761/798/3018
f 768/805/3044 1545/4158/3093 4525/2288/3903 1941/4566/3888
f 1545/4158/3093 781/818/3092 1949/4574/3904 4525/2288/3903
f 4525/2288/3903 1949/4574/3904 1184/1346/3905 1950/4575/3906
f 1941/4566/3888 4525/2288/3903 1950/4575/3906 1178/1338/3889
s 14
f 949/1019/3893 1951/4576/3907 4526/2289/3908 1944/4569/3894
f 1951/4576/3907 952/1023/3909 1952/4577/3910 4526/2289/3908
f 4526/2289/3908 1952/4577/3910 782/819/3096 1546/4159/3094
f 1944/4569/3894 4526/2289/3908 1546/4159/3094 769/806/3048
f 773/810/3062 1554/4167/3111 4527/2290/3911 1945/4570/3896
f 1554/4167/3111 786/823/3110 1953/4578/3912 4527/2290/3911
f 4527/2290/3911 1953/4578/3912 1189/1353/3913 1954/4579/3914
f 1945/4570/3896 4527/2290/3911 1954/4579/3914 1183/1345/3897
s 15
f 1181/1342/3901 1955/4580/3915 4528/2291/3916 1948/4573/3902
f 1955/4580/3915 1187/1350/3917 1956/4581/3918 4528/2291/3916
f 4528/2291/3916 1956/4581/3918 787/824/3114 1555/4168/3112
f 1948/4573/3902 4528/2291/3916 1555/4168/3112 774/811/3066
f 781/818/3092 1569/4182/3141 4529/2292/3919 1949/4574/3904
f 1569/4182/3141 794/831/3140 1957/4582/3920 4529/2292/3919
f 4529/2292/3919 1957/4582/3920 1190/1354/3921 1958/4583/3922
f 1949/4574/3904 4529/2292/3919 1958/4583/3922 1184/1346/3905
s 14
f 952/1023/3909 1959/4584/3923 4530/2293/3924 1952/4577/3910
f 1959/4584/3923 877/919/3536 1761/4380/3535 4530/2293/3924
f 4530/2293/3924 1761/4380/3535 795/832/1919 1570/4183/3142
f 1952/4577/3910 4530/2293/3924 1570/4183/3142 782/819/3096
f 786/823/3110 1574/4187/3150 4531/2294/3925 1953/4578/3912
f 1574/4187/3150 799/836/1948 1766/4385/3543 4531/2294/3925
f 4531/2294/3925 1766/4385/3543 1043/1148/3542 1960/4585/3926
f 1953/4578/3912 4531/2294/3925 1960/4585/3926 1189/1353/3913
s 15
f 1187/1350/3917 1961/4586/3927 4532/2295/3928 1956/4581/3918
f 1961/4586/3927 1045/1151/3550 1769/4388/3549 4532/2295/3928
f 4532/2295/3928 1769/4388/3549 800/837/1964 1575/4188/3151
f 1956/4581/3918 4532/2295/3928 1575/4188/3151 787/824/3114
f 794/831/3140 1582/4195/3165 4533/2296/3929 1957/4582/3920
f 1582/4195/3165 807/844/2023 1775/4394/3560 4533/2296/3929
f 4533/2296/3929 1775/4394/3560 1052/1160/3559 1962/4587/3930
f 1957/4582/3920 4533/2296/3929 1962/4587/3930 1190/1354/3921
f 1130/1274/3696 1843/4467/3695 4534/2297/3931 1964/4589/3932
f 1843/4467/3695 808/845/2450 1236/3848/2476 4534/2297/3931
f 4534/2297/3931 1236/3848/2476 809/846/2475 1963/4588/3933
f 1964/4589/3932 4534/2297/3931 1963/4588/3933 1193/1358/3934
f 1193/1358/3934 1963/4588/3933 4535/2298/3935 1966/4591/3936
f 1963/4588/3933 809/846/2475 1585/4198/3167 4535/2298/3935
f 4535/2298/3935 1585/4198/3167 810/847/3171 1965/4590/3937
f 1966/4591/3936 4535/2298/3935 1965/4590/3937 1196/1362/3938
f 1196/1362/3938 1965/4590/3937 4536/2299/3939 1968/4593/3940
f 1965/4590/3937 810/847/3171 1588/4201/3173 4536/2299/3939
f 4536/2299/3939 1588/4201/3173 811/848/3177 1967/4592/3941
f 1968/4593/3940 4536/2299/3939 1967/4592/3941 1199/1366/3942
f 1199/1366/3942 1967/4592/3941 4537/2300/3943 1970/4595/3944
f 1967/4592/3941 811/848/3177 1591/4204/3179 4537/2300/3943
f 4537/2300/3943 1591/4204/3179 812/849/3183 1969/4594/3945
f 1970/4595/3944 4537/2300/3943 1969/4594/3945 1202/1372/3946
f 1202/1372/3946 1969/4594/3945 4538/2301/3947 1971/4596/3948
f 1969/4594/3945 812/849/3183 1593/4206/3185 4538/2301/3947
f 4538/2301/3947 1593/4206/3185 813/850/2349 1822/4446/3652
f 1971/4596/3948 4538/2301/3947 1822/4446/3652 1103/1238/3651
f 838/875/2658 1864/4488/3735 4539/2302/3949 1614/4227/3228
f 1864/4488/3735 1163/1318/3734 1972/4597/3950 4539/2302/3949
f 4539/2302/3949 1972/4597/3950 1093/1221/3640 1815/4437/3639
f 1614/4227/3228 4539/2302/3949 1815/4437/3639 839/876/2284
s 14
f 886/931/3595 1973/4598/3951 4540/2303/3952 1793/4414/3596
f 1973/4598/3951 892/941/3780 1886/4510/3779 4540/2303/3952
f 4540/2303/3952 1886/4510/3779 846/885/2871 1615/4228/3229
f 1793/4414/3596 4540/2303/3952 1615/4228/3229 842/881/2123
f 850/889/2174 1622/4235/3243 4541/2304/3953 1800/4421/3610
f 1622/4235/3243 856/895/2673 1865/4489/3738 4541/2304/3953
f 4541/2304/3953 1865/4489/3738 1136/1282/3293 1974/4599/3954
f 1800/4421/3610 4541/2304/3953 1974/4599/3954 1075/1195/3611
s 15
f 1073/1192/3615 1975/4600/3955 4542/2305/3956 1803/4424/3616
f 1975/4600/3955 1138/1285/3300 1845/4469/3699 4542/2305/3956
f 4542/2305/3956 1845/4469/3699 857/896/2621 1623/4236/3244
f 1803/4424/3616 4542/2305/3956 1623/4236/3244 851/890/2177
s 11
f 369/382/1441 3127/3310/1440 4543/2306/3957 1978/4603/3958
f 3127/3310/1440 374/387/1439 1976/4601/3959 4543/2306/3957
f 4543/2306/3957 1976/4601/3959 1066/1183/3960 1977/4602/3961
f 1978/4603/3958 4543/2306/3957 1977/4602/3961 1072/1191/3962
f 374/387/1439 3139/3322/1463 4544/2307/3963 1976/4601/3959
f 3139/3322/1463 379/392/1462 1979/4604/3964 4544/2307/3963
f 4544/2307/3963 1979/4604/3964 1060/1171/3965 1980/4605/3966
f 1976/4601/3959 4544/2307/3963 1980/4605/3966 1066/1183/3960
f 379/392/1462 3148/3331/1481 4545/2308/3967 1979/4604/3964
f 3148/3331/1481 384/397/1480 1981/4606/3968 4545/2308/3967
f 4545/2308/3967 1981/4606/3968 1051/1159/3969 1982/4607/3970
f 1979/4604/3964 4545/2308/3967 1982/4607/3970 1060/1171/3965
f 384/397/1480 3157/3340/1499 4546/2309/3971 1981/4606/3968
f 3157/3340/1499 385/398/1498 1983/4608/3972 4546/2309/3971
f 4546/2309/3971 1983/4608/3972 1048/1155/3973 1984/4609/3974
f 1981/4606/3968 4546/2309/3971 1984/4609/3974 1051/1159/3969
f 385/398/1498 3160/3343/1501 4547/2310/3975 1983/4608/3972
f 3160/3343/1501 499/517/1505 1985/4610/3976 4547/2310/3975
f 4547/2310/3975 1985/4610/3976 1054/1163/3977 1986/4611/3978
f 1983/4608/3972 4547/2310/3975 1986/4611/3978 1048/1155/3973
f 499/517/1505 3360/3547/1904 4548/2311/3979 1985/4610/3976
f 3360/3547/1904 503/521/1552 1987/4612/3980 4548/2311/3979
f 4548/2311/3979 1987/4612/3980 1192/1357/3981 1988/4613/3982
f 1985/4610/3976 4548/2311/3979 1988/4613/3982 1054/1163/3977
f 503/521/1552 3182/3368/1550 4549/2312/3983 1987/4612/3980
f 3182/3368/1550 389/402/1541 1989/4614/3984 4549/2312/3983
f 4549/2312/3983 1989/4614/3984 1186/1349/3985 1990/4615/3986
f 1987/4612/3980 4549/2312/3983 1990/4615/3986 1192/1357/3981
f 389/402/1541 3181/3367/1544 4550/2313/3987 1989/4614/3984
f 3181/3367/1544 390/403/1549 1991/4616/3988 4550/2313/3987
f 4550/2313/3987 1991/4616/3988 1180/1341/3989 1992/4617/3990
f 1989/4614/3984 4550/2313/3987 1992/4617/3990 1186/1349/3985
f 390/403/1549 3187/3373/1557 4551/2314/3991 1991/4616/3988
f 3187/3373/1557 391/404/1561 1993/4618/3992 4551/2314/3991
f 4551/2314/3991 1993/4618/3992 1120/1261/3993 1994/4619/3994
f 1991/4616/3988 4551/2314/3991 1994/4619/3994 1180/1341/3989
f 391/404/1561 3190/3376/1563 4552/2315/3995 1993/4618/3992
f 3190/3376/1563 392/405/1567 1995/4620/3996 4552/2315/3995
f 4552/2315/3995 1995/4620/3996 1117/1257/3997 1996/4621/3998
f 1993/4618/3992 4552/2315/3995 1996/4621/3998 1120/1261/3993
f 392/405/1567 3193/3379/1569 4553/2316/3999 1995/4620/3996
f 3193/3379/1569 393/406/1573 1997/4622/4000 4553/2316/3999
f 4553/2316/3999 1997/4622/4000 1114/1253/4001 1998/4623/4002
f 1995/4620/3996 4553/2316/3999 1998/4623/4002 1117/1257/3997
f 393/406/1573 3196/3382/1575 4554/2317/4003 1997/4622/4000
f 3196/3382/1575 394/407/1579 1999/4624/4004 4554/2317/4003
f 4554/2317/4003 1999/4624/4004 1111/1249/4005 2000/4625/4006
f 1997/4622/4000 4554/2317/4003 2000/4625/4006 1114/1253/4001
f 394/407/1579 3199/3385/1581 4555/2318/4007 1999/4624/4004
f 3199/3385/1581 395/408/1585 2001/4626/4008 4555/2318/4007
f 4555/2318/4007 2001/4626/4008 1102/1237/4009 2002/4627/4010
f 1999/4624/4004 4555/2318/4007 2002/4627/4010 1111/1249/4005
f 395/408/1585 3202/3388/1587 4556/2319/4011 2001/4626/4008
f 3202/3388/1587 396/409/1591 2003/4628/4012 4556/2319/4011
f 4556/2319/4011 2003/4628/4012 1099/1231/4013 2004/4629/4014
f 2001/4626/4008 4556/2319/4011 2004/4629/4014 1102/1237/4009
f 396/409/1591 3205/3391/1593 4557/2320/4015 2003/4628/4012
f 3205/3391/1593 397/410/1597 2005/4630/4016 4557/2320/4015
f 4557/2320/4015 2005/4630/4016 1105/1241/4017 2006/4631/4018
f 2003/4628/4012 4557/2320/4015 2006/4631/4018 1099/1231/4013
f 397/410/1597 3208/3394/1599 4558/2321/4019 2005/4630/4016
f 3208/3394/1599 398/411/1603 2007/4632/4020 4558/2321/4019
f 4558/2321/4019 2007/4632/4020 1204/1375/4021 2008/4633/4022
f 2005/4630/4016 4558/2321/4019 2008/4633/4022 1105/1241/4017
f 398/411/1603 3210/3396/1605 4559/2322/4023 2007/4632/4020
f 3210/3396/1605 489/506/1535 2009/4634/4024 4559/2322/4023
f 4559/2322/4023 2009/4634/4024 1201/1370/4025 2010/4636/4026
f 2007/4632/4020 4559/2322/4023 2010/4636/4026 1204/1375/4021
f 489/505/1535 3174/3359/1534 4560/2323/4027 2009/4635/4024
f 3174/3359/1534 388/401/1533 2011/4637/4028 4560/2323/4027
f 4560/2323/4027 2011/4637/4028 1198/1365/4029 2012/4638/4030
f 2009/4635/4024 4560/2323/4027 2012/4638/4030 1201/1371/4025
f 388/401/1533 3177/3363/1540 4561/2324/4031 2011/4637/4028
f 3177/3363/1540 448/464/1539 2013/4639/4032 4561/2324/4031
f 4561/2324/4031 2013/4639/4032 1195/1361/4033 2014/4640/4034
f 2011/4637/4028 4561/2324/4031 2014/4640/4034 1198/1365/4029
f 448/464/1539 3293/3480/1772 4562/2325/4035 2013/4639/4032
f 3293/3480/1772 453/469/1771 2015/4641/4036 4562/2325/4035
f 4562/2325/4035 2015/4641/4036 1132/1277/4037 2016/4642/4038
f 2013/4639/4032 4562/2325/4035 2016/4642/4038 1195/1361/4033
f 453/469/1771 3302/3489/1790 4563/2326/4039 2015/4641/4036
f 3302/3489/1790 458/474/1789 2017/4643/4040 4563/2326/4039
f 4563/2326/4039 2017/4643/4040 1129/1273/4041 2018/4644/4042
f 2015/4641/4036 4563/2326/4039 2018/4644/4042 1132/1277/4037
f 458/474/1789 3311/3498/1808 4564/2327/4043 2017/4643/4040
f 3311/3498/1808 463/479/1807 2019/4645/4044 4564/2327/4043
f 4564/2327/4043 2019/4645/4044 1126/1269/4045 2020/4646/4046
f 2017/4643/4040 4564/2327/4043 2020/4646/4046 1129/1273/4041
f 463/479/1807 3320/3507/1826 4565/2328/4047 2019/4645/4044
f 3320/3507/1826 468/484/1825 2021/4647/4048 4565/2328/4047
f 4565/2328/4047 2021/4647/4048 1123/1265/4049 2022/4648/4050
f 2019/4645/4044 4565/2328/4047 2022/4648/4050 1126/1269/4045
f 468/484/1825 3329/3516/1844 4566/2329/4051 2021/4647/4048
f 3329/3516/1844 473/489/1843 2023/4649/4052 4566/2329/4051
f 4566/2329/4051 2023/4649/4052 1087/1211/4053 2024/4650/4054
f 2021/4647/4048 4566/2329/4051 2024/4650/4054 1123/1265/4049
f 473/489/1843 3338/3525/1862 4567/2330/4055 2023/4649/4052
f 3338/3525/1862 478/494/1861 2025/4651/4056 4567/2330/4055
f 4567/2330/4055 2025/4651/4056 1084/1207/4057 2026/4652/4058
f 2023/4649/4052 4567/2330/4055 2026/4652/4058 1087/1211/4053
f 478/494/1861 3347/3534/1880 4568/2331/4059 2025/4651/4056
f 3347/3534/1880 483/499/1879 2027/4653/4060 4568/2331/4059
f 4568/2331/4059 2027/4653/4060 1081/1203/4061 2028/4654/4062
f 2025/4651/4056 4568/2331/4059 2028/4654/4062 1084/1207/4057
f 483/499/1879 3352/3539/1889 4569/2332/4063 2027/4653/4060
f 3352/3539/1889 488/504/1444 2029/4655/4064 4569/2332/4063
f 4569/2332/4063 2029/4655/4064 1078/1199/4065 2030/4656/4066
f 2027/4653/4060 4569/2332/4063 2030/4656/4066 1081/1203/4061
f 488/504/1444 3129/3312/1443 4570/2333/4067 2029/4655/4064
f 3129/3312/1443 369/382/1441 1978/4603/3958 4570/2333/4067
f 4570/2333/4067 1978/4603/3958 1072/1191/3962 2031/4657/4068
f 2029/4655/4064 4570/2333/4067 2031/4657/4068 1078/1199/4065
s 1
f 202/209/776 2799/2976/783 4571/2334/4069 2034/4660/4070
f 2799/2976/783 292/299/782 2032/4658/4071 4571/2334/4069
f 4571/2334/4069 2032/4658/4071 976/1057/4072 2033/4659/4073
f 2034/4660/4070 4571/2334/4069 2033/4659/4073 970/1049/4074
f 292/299/782 2992/3174/1170 4572/2335/4075 2032/4658/4071
f 2992/3174/1170 286/293/1158 2035/4661/4076 4572/2335/4075
f 4572/2335/4075 2035/4661/4076 973/1053/4077 2036/4662/4078
f 2032/4658/4071 4572/2335/4075 2036/4662/4078 976/1057/4072
f 286/293/1158 2985/3167/1157 4573/2336/4079 2035/4661/4076
f 2985/3167/1157 280/287/1136 2037/4663/4080 4573/2336/4079
f 4573/2336/4079 2037/4663/4080 979/1061/4081 2038/4664/4082
f 2035/4661/4076 4573/2336/4079 2038/4664/4082 973/1053/4077
f 280/287/1136 2974/3156/1135 4574/2337/4083 2037/4663/4080
f 2974/3156/1135 274/281/1114 2039/4665/4084 4574/2337/4083
f 4574/2337/4083 2039/4665/4084 982/1065/4085 2040/4666/4086
f 2037/4663/4080 4574/2337/4083 2040/4666/4086 979/1061/4081
f 274/281/1114 2963/3145/1113 4575/2338/4087 2039/4665/4084
f 2963/3145/1113 268/275/1086 2041/4667/4088 4575/2338/4087
f 4575/2338/4087 2041/4667/4088 985/1069/4089 2042/4668/4090
f 2039/4665/4084 4575/2338/4087 2042/4668/4090 982/1065/4085
f 268/275/1086 2949/3131/1085 4576/2339/4091 2041/4667/4088
f 2949/3131/1085 262/269/1062 2043/4669/4092 4576/2339/4091
f 4576/2339/4091 2043/4669/4092 988/1073/4093 2044/4670/4094
f 2041/4667/4088 4576/2339/4091 2044/4670/4094 985/1069/4089
f 262/269/1062 2937/3119/1061 4577/2340/4095 2043/4669/4092
f 2937/3119/1061 258/265/1027 2045/4671/4096 4577/2340/4095
f 4577/2340/4095 2045/4671/4096 991/1077/4097 2046/4672/4098
f 2043/4669/4092 4577/2340/4095 2046/4672/4098 988/1073/4093
f 258/265/1027 2919/3101/1024 4578/2341/4099 2045/4671/4096
f 2919/3101/1024 255/262/1023 2047/4673/4100 4578/2341/4099
f 4578/2341/4099 2047/4673/4100 994/1081/4101 2048/4674/4102
f 2045/4671/4096 4578/2341/4099 2048/4674/4102 991/1077/4097
f 255/262/1023 2925/3107/1033 4579/2342/4103 2047/4673/4100
f 2925/3107/1033 354/367/1037 2049/4675/4104 4579/2342/4103
f 4579/2342/4103 2049/4675/4104 997/1085/4105 2050/4676/4106
f 2047/4673/4100 4579/2342/4103 2050/4676/4106 994/1081/4101
f 354/367/1037 3070/3252/1324 4580/2343/4107 2049/4675/4104
f 3070/3252/1324 348/361/1304 2051/4677/4108 4580/2343/4107
f 4580/2343/4107 2051/4677/4108 1000/1089/4109 2052/4678/4110
f 2049/4675/4104 4580/2343/4107 2052/4678/4110 997/1085/4105
f 348/361/1304 3059/3241/1303 4581/2344/4111 2051/4677/4108
f 3059/3241/1303 342/355/1282 2053/4679/4112 4581/2344/4111
f 4581/2344/4111 2053/4679/4112 1003/1093/4113 2054/4680/4114
f 2051/4677/4108 4581/2344/4111 2054/4680/4114 1000/1089/4109
f 342/355/1282 3048/3230/1281 4582/2345/4115 2053/4679/4112
f 3048/3230/1281 336/349/1244 2055/4681/4116 4582/2345/4115
f 4582/2345/4115 2055/4681/4116 1006/1097/4117 2056/4682/4118
f 2053/4679/4112 4582/2345/4115 2056/4682/4118 1003/1093/4113
f 336/349/1244 3029/3211/1243 4583/2346/4119 2055/4681/4116
f 3029/3211/1243 323/336/875 2057/4683/4120 4583/2346/4119
f 4583/2346/4119 2057/4683/4120 1009/1103/4121 2058/4684/4122
f 2055/4681/4116 4583/2346/4119 2058/4684/4122 1006/1097/4117
f 323/336/875 2844/3022/873 4584/2347/4123 2057/4683/4120
f 2844/3022/873 219/226/869 2059/4685/4124 4584/2347/4123
f 4584/2347/4123 2059/4685/4124 1012/1107/4125 2060/4686/4126
f 2057/4683/4120 4584/2347/4123 2060/4686/4126 1009/1103/4121
f 219/226/869 2841/3019/867 4585/2348/4127 2059/4685/4124
f 2841/3019/867 218/225/863 2061/4687/4128 4585/2348/4127
f 4585/2348/4127 2061/4687/4128 1015/1111/4129 2062/4688/4130
f 2059/4685/4124 4585/2348/4127 2062/4688/4130 1012/1107/4125
f 218/225/863 2838/3016/861 4586/2349/4131 2061/4687/4128
f 2838/3016/861 217/224/857 2063/4689/4132 4586/2349/4131
f 4586/2349/4131 2063/4689/4132 1018/1115/4133 2064/4690/4134
f 2061/4687/4128 4586/2349/4131 2064/4690/4134 1015/1111/4129
f 217/224/857 2835/3013/855 4587/2350/4135 2063/4689/4132
f 2835/3013/855 216/223/851 2065/4691/4136 4587/2350/4135
f 4587/2350/4135 2065/4691/4136 1021/1119/4137 2066/4692/4138
f 2063/4689/4132 4587/2350/4135 2066/4692/4138 1018/1115/4133
f 216/223/851 2832/3010/849 4588/2351/4139 2065/4691/4136
f 2832/3010/849 215/222/845 2067/4693/4140 4588/2351/4139
f 4588/2351/4139 2067/4693/4140 1024/1123/4141 2068/4694/4142
f 2065/4691/4136 4588/2351/4139 2068/4694/4142 1021/1119/4137
f 215/222/845 2829/3007/843 4589/2352/4143 2067/4693/4140
f 2829/3007/843 214/221/839 2069/4695/4144 4589/2352/4143
f 4589/2352/4143 2069/4695/4144 1027/1127/4145 2070/4696/4146
f 2067/4693/4140 4589/2352/4143 2070/4696/4146 1024/1123/4141
f 214/221/839 2826/3004/837 4590/2353/4147 2069/4695/4144
f 2826/3004/837 213/220/833 2071/4697/4148 4590/2353/4147
f 4590/2353/4147 2071/4697/4148 1030/1131/4149 2072/4698/4150
f 2069/4695/4144 4590/2353/4147 2072/4698/4150 1027/1127/4145
f 213/220/833 2823/3001/831 4591/2354/4151 2071/4697/4148
f 2823/3001/831 212/219/827 2073/4699/4152 4591/2354/4151
f 4591/2354/4151 2073/4699/4152 1033/1135/4153 2074/4700/4154
f 2071/4697/4148 4591/2354/4151 2074/4700/4154 1030/1131/4149
f 212/219/827 2820/2998/825 4592/2355/4155 2073/4699/4152
f 2820/2998/825 211/218/816 2075/4701/4156 4592/2355/4155
f 4592/2355/4155 2075/4701/4156 1036/1139/4157 2076/4702/4158
f 2073/4699/4152 4592/2355/4155 2076/4702/4158 1033/1135/4153
f 211/218/816 2819/2997/819 4593/2356/4159 2075/4701/4156
f 2819/2997/819 314/326/824 2077/4703/4160 4593/2356/4159
f 4593/2356/4159 2077/4703/4160 961/1036/4161 2078/4705/4162
f 2075/4701/4156 4593/2356/4159 2078/4705/4162 1036/1139/4157
f 314/327/824 3015/3197/1215 4594/2357/4163 2077/4704/4160
f 3015/3197/1215 308/315/1203 2079/4706/4164 4594/2357/4163
f 4594/2357/4163 2079/4706/4164 955/1027/4165 2080/4707/4166
f 2077/4704/4160 4594/2357/4163 2080/4707/4166 961/1037/4161
f 308/315/1203 3008/3190/1202 4595/2358/4167 2079/4706/4164
f 3008/3190/1202 302/309/814 2081/4708/4168 4595/2358/4167
f 4595/2358/4167 2081/4708/4168 958/1031/4169 2082/4709/4170
f 2079/4706/4164 4595/2358/4167 2082/4709/4170 955/1027/4165
f 302/309/814 2814/2991/813 4596/2359/4171 2081/4708/4168
f 2814/2991/813 210/217/804 2083/4710/4172 4596/2359/4171
f 4596/2359/4171 2083/4710/4172 964/1041/4173 2084/4711/4174
f 2081/4708/4168 4596/2359/4171 2084/4711/4174 958/1031/4169
f 210/217/804 2809/2986/803 4597/2360/4175 2083/4710/4172
f 2809/2986/803 208/215/778 2085/4712/4176 4597/2360/4175
f 4597/2360/4175 2085/4712/4176 967/1045/4177 2086/4713/4178
f 2083/4710/4172 4597/2360/4175 2086/4713/4178 964/1041/4173
f 208/215/778 2796/2973/777 4598/2361/4179 2085/4712/4176
f 2796/2973/777 202/209/776 2034/4660/4070 4598/2361/4179
f 4598/2361/4179 2034/4660/4070 970/1049/4074 2087/4714/4180
f 2085/4712/4176 4598/2361/4179 2087/4714/4180 967/1045/4177
f 869/908/3308 2088/4715/4181 4599/2362/4182 1649/4266/3310
f 2088/4715/4181 870/909/4183 2089/4716/4184 4599/2362/4182
f 4599/2362/4182 2089/4716/4184 876/917/4185 2090/4718/4186
f 1649/4266/3310 4599/2362/4182 2090/4718/4186 875/916/3311
s 14
f 870/910/4187 2091/4719/4188 4600/2363/4189 2089/4717/4190
f 2091/4719/4188 871/911/3527 1762/4381/3534 4600/2363/4189
f 4600/2363/4189 1762/4381/3534 877/919/3536 2092/4720/4191
f 2089/4717/4190 4600/2363/4189 2092/4720/4191 876/918/4192
f 871/911/3527 2091/4719/4188 4601/2364/4193 1758/4377/3528
f 2091/4719/4188 870/910/4187 2093/4721/4194 4601/2364/4193
f 4601/2364/4193 2093/4721/4194 873/913/4195 2094/4723/4196
f 1758/4377/3528 4601/2364/4193 2094/4723/4196 874/915/3531
s 1
f 870/909/4183 2088/4715/4181 4602/2365/4197 2093/4722/4198
f 2088/4715/4181 869/908/3308 1647/4264/3307 4602/2365/4197
f 4602/2365/4197 1647/4264/3307 872/912/3306 2095/4724/4199
f 2093/4722/4198 4602/2365/4197 2095/4724/4199 873/914/4200
f 875/916/3311 2090/4718/4186 4603/2366/4201 1697/4315/3406
f 2090/4718/4186 876/917/4185 2096/4725/4202 4603/2366/4201
f 4603/2366/4201 2096/4725/4202 951/1021/4203 2097/4727/4204
f 1697/4315/3406 4603/2366/4201 2097/4727/4204 950/1020/3403
s 14
f 876/918/4192 2092/4720/4191 4604/2367/4205 2096/4726/4206
f 2092/4720/4191 877/919/3536 1959/4584/3923 4604/2367/4205
f 4604/2367/4205 1959/4584/3923 952/1023/3909 2098/4728/4207
f 2096/4726/4206 4604/2367/4205 2098/4728/4207 951/1022/4208
f 874/915/3531 2094/4723/4196 4605/2368/4209 1776/4395/3561
f 2094/4723/4196 873/913/4195 2099/4729/4210 4605/2368/4209
f 4605/2368/4209 2099/4729/4210 879/921/4211 2100/4731/4212
f 1776/4395/3561 4605/2368/4209 2100/4731/4212 880/923/3563
s 1
f 873/914/4200 2095/4724/4199 4606/2369/4213 2099/4730/4214
f 2095/4724/4199 872/912/3306 1652/4269/3316 4606/2369/4213
f 4606/2369/4213 1652/4269/3316 878/920/3315 2101/4732/4215
f 2099/4730/4214 4606/2369/4213 2101/4732/4215 879/922/4216
s 14
f 880/923/3563 2100/4731/4212 4607/2370/4217 1784/4403/3577
f 2100/4731/4212 879/921/4211 2102/4733/4218 4607/2370/4217
f 4607/2370/4217 2102/4733/4218 882/925/4219 2103/4735/4220
f 1784/4403/3577 4607/2370/4217 2103/4735/4220 883/927/3579
s 1
f 879/922/4216 2101/4732/4215 4608/2371/4221 2102/4734/4222
f 2101/4732/4215 878/920/3315 1654/4271/3320 4608/2371/4221
f 4608/2371/4221 1654/4271/3320 881/924/3319 2104/4736/4223
f 2102/4734/4222 4608/2371/4221 2104/4736/4223 882/926/4224
s 14
f 883/927/3579 2103/4735/4220 4609/2372/4225 1792/4413/3594
f 2103/4735/4220 882/925/4219 2105/4737/4226 4609/2372/4225
f 4609/2372/4225 2105/4737/4226 885/929/4227 2106/4739/4228
f 1792/4413/3594 4609/2372/4225 2106/4739/4228 886/931/3595
s 1
f 882/926/4224 2104/4736/4223 4610/2373/4229 2105/4738/4230
f 2104/4736/4223 881/924/3319 1699/4317/3410 4610/2373/4229
f 4610/2373/4229 1699/4317/3410 884/928/3409 2107/4740/4231
f 2105/4738/4230 4610/2373/4229 2107/4740/4231 885/930/4232
f 887/932/3321 2108/4741/4233 4611/2374/4234 1655/4272/3322
f 2108/4741/4233 888/933/4235 2109/4742/4236 4611/2374/4234
f 4611/2374/4234 2109/4742/4236 891/938/4237 2110/4744/4238
f 1655/4272/3322 4611/2374/4234 2110/4744/4238 890/936/3325
s 14
f 888/934/4239 2111/4746/4240 4612/2375/4241 2109/4743/4242
f 2111/4746/4240 889/935/3782 1887/4511/3781 4612/2375/4241
f 4612/2375/4241 1887/4511/3781 892/941/3780 2112/4747/4243
f 2109/4743/4242 4612/2375/4241 2112/4747/4243 891/939/4244
f 886/931/3595 2106/4739/4228 4613/2376/4245 1973/4598/3951
f 2106/4739/4228 885/929/4227 2113/4748/4246 4613/2376/4245
f 4613/2376/4245 2113/4748/4246 891/939/4244 2112/4747/4243
f 1973/4598/3951 4613/2376/4245 2112/4747/4243 892/941/3780
s 1
f 885/930/4232 2107/4740/4231 4614/2377/4247 2113/4749/4248
f 2107/4740/4231 884/928/3409 1700/4318/3412 4614/2377/4247
f 4614/2377/4247 1700/4318/3412 890/937/3325 2110/4745/4238
f 2113/4749/4248 4614/2377/4247 2110/4745/4238 891/940/4237
s 14
f 889/935/3782 2111/4746/4240 4615/2378/4249 1889/4513/3784
f 2111/4746/4240 888/934/4239 2114/4750/4250 4615/2378/4249
f 4615/2378/4249 2114/4750/4250 894/943/4251 2115/4752/4252
f 1889/4513/3784 4615/2378/4249 2115/4752/4252 895/945/3785
s 1
f 888/933/4235 2108/4741/4233 4616/2379/4253 2114/4751/4254
f 2108/4741/4233 887/932/3321 1659/4277/3328 4616/2379/4253
f 4616/2379/4253 1659/4277/3328 893/942/3330 2116/4753/4255
f 2114/4751/4254 4616/2379/4253 2116/4753/4255 894/944/4256
s 14
f 895/945/3785 2115/4752/4252 4617/2380/4257 1891/4515/3788
f 2115/4752/4252 894/943/4251 2117/4754/4258 4617/2380/4257
f 4617/2380/4257 2117/4754/4258 897/947/4259 2118/4756/4260
f 1891/4515/3788 4617/2380/4257 2118/4756/4260 898/949/3789
s 1
f 894/944/4256 2116/4753/4255 4618/2381/4261 2117/4755/4262
f 2116/4753/4255 893/942/3330 1661/4279/3332 4618/2381/4261
f 4618/2381/4261 1661/4279/3332 896/946/3334 2119/4757/4263
f 2117/4755/4262 4618/2381/4261 2119/4757/4263 897/948/4264
s 14
f 898/949/3789 2118/4756/4260 4619/2382/4265 1893/4517/3792
f 2118/4756/4260 897/947/4259 2120/4758/4266 4619/2382/4265
f 4619/2382/4265 2120/4758/4266 900/951/4267 2121/4760/4268
f 1893/4517/3792 4619/2382/4265 2121/4760/4268 901/953/3793
s 1
f 897/948/4264 2119/4757/4263 4620/2383/4269 2120/4759/4270
f 2119/4757/4263 896/946/3334 1663/4281/3336 4620/2383/4269
f 4620/2383/4269 1663/4281/3336 899/950/3338 2122/4761/4271
f 2120/4759/4270 4620/2383/4269 2122/4761/4271 900/952/4272
s 14
f 901/953/3793 2121/4760/4268 4621/2384/4273 1895/4519/3796
f 2121/4760/4268 900/951/4267 2123/4762/4274 4621/2384/4273
f 4621/2384/4273 2123/4762/4274 903/955/4275 2124/4764/4276
f 1895/4519/3796 4621/2384/4273 2124/4764/4276 904/957/3797
s 1
f 900/952/4272 2122/4761/4271 4622/2385/4277 2123/4763/4278
f 2122/4761/4271 899/950/3338 1665/4283/3340 4622/2385/4277
f 4622/2385/4277 1665/4283/3340 902/954/3342 2125/4765/4279
f 2123/4763/4278 4622/2385/4277 2125/4765/4279 903/956/4280
s 14
f 904/957/3797 2124/4764/4276 4623/2386/4281 1897/4521/3800
f 2124/4764/4276 903/955/4275 2126/4766/4282 4623/2386/4281
f 4623/2386/4281 2126/4766/4282 906/959/4283 2127/4768/4284
f 1897/4521/3800 4623/2386/4281 2127/4768/4284 907/961/3801
s 1
f 903/956/4280 2125/4765/4279 4624/2387/4285 2126/4767/4286
f 2125/4765/4279 902/954/3342 1667/4285/3344 4624/2387/4285
f 4624/2387/4285 1667/4285/3344 905/958/3346 2128/4769/4287
f 2126/4767/4286 4624/2387/4285 2128/4769/4287 906/960/4288
s 14
f 907/961/3801 2127/4768/4284 4625/2388/4289 1899/4523/3804
f 2127/4768/4284 906/959/4283 2129/4770/4290 4625/2388/4289
f 4625/2388/4289 2129/4770/4290 909/963/4291 2130/4772/4292
f 1899/4523/3804 4625/2388/4289 2130/4772/4292 910/965/3805
s 1
f 906/960/4288 2128/4769/4287 4626/2389/4293 2129/4771/4294
f 2128/4769/4287 905/958/3346 1669/4287/3348 4626/2389/4293
f 4626/2389/4293 1669/4287/3348 908/962/3350 2131/4773/4295
f 2129/4771/4294 4626/2389/4293 2131/4773/4295 909/964/4296
s 14
f 910/965/3805 2130/4772/4292 4627/2390/4297 1901/4525/3808
f 2130/4772/4292 909/963/4291 2132/4774/4298 4627/2390/4297
f 4627/2390/4297 2132/4774/4298 912/967/4299 2133/4776/4300
f 1901/4525/3808 4627/2390/4297 2133/4776/4300 913/969/3809
s 1
f 909/964/4296 2131/4773/4295 4628/2391/4301 2132/4775/4302
f 2131/4773/4295 908/962/3350 1671/4289/3352 4628/2391/4301
f 4628/2391/4301 1671/4289/3352 911/966/3354 2134/4777/4303
f 2132/4775/4302 4628/2391/4301 2134/4777/4303 912/968/4304
s 14
f 913/969/3809 2133/4776/4300 4629/2392/4305 1903/4527/3812
f 2133/4776/4300 912/967/4299 2135/4778/4306 4629/2392/4305
f 4629/2392/4305 2135/4778/4306 915/971/4307 2136/4780/4308
f 1903/4527/3812 4629/2392/4305 2136/4780/4308 916/973/3813
s 1
f 912/968/4304 2134/4777/4303 4630/2393/4309 2135/4779/4310
f 2134/4777/4303 911/966/3354 1673/4291/3356 4630/2393/4309
f 4630/2393/4309 1673/4291/3356 914/970/3358 2137/4781/4311
f 2135/4779/4310 4630/2393/4309 2137/4781/4311 915/972/4312
s 14
f 916/973/3813 2136/4780/4308 4631/2394/4313 1905/4529/3816
f 2136/4780/4308 915/971/4307 2138/4782/4314 4631/2394/4313
f 4631/2394/4313 2138/4782/4314 918/975/4315 2139/4784/4316
f 1905/4529/3816 4631/2394/4313 2139/4784/4316 919/977/3817
s 1
f 915/972/4312 2137/4781/4311 4632/2395/4317 2138/4783/4318
f 2137/4781/4311 914/970/3358 1675/4293/3360 4632/2395/4317
f 4632/2395/4317 1675/4293/3360 917/974/3362 2140/4785/4319
f 2138/4783/4318 4632/2395/4317 2140/4785/4319 918/976/4320
s 14
f 919/977/3817 2139/4784/4316 4633/2396/4321 1907/4531/3820
f 2139/4784/4316 918/975/4315 2141/4786/4322 4633/2396/4321
f 4633/2396/4321 2141/4786/4322 921/979/4323 2142/4788/4324
f 1907/4531/3820 4633/2396/4321 2142/4788/4324 922/981/3821
s 1
f 918/976/4320 2140/4785/4319 4634/2397/4325 2141/4787/4326
f 2140/4785/4319 917/974/3362 1677/4295/3364 4634/2397/4325
f 4634/2397/4325 1677/4295/3364 920/978/3366 2143/4789/4327
f 2141/4787/4326 4634/2397/4325 2143/4789/4327 921/980/4328
s 14
f 922/981/3821 2142/4788/4324 4635/2398/4329 1909/4533/3824
f 2142/4788/4324 921/979/4323 2144/4790/4330 4635/2398/4329
f 4635/2398/4329 2144/4790/4330 924/983/4331 2145/4792/4332
f 1909/4533/3824 4635/2398/4329 2145/4792/4332 925/986/3825
s 1
f 921/980/4328 2143/4789/4327 4636/2399/4333 2144/4791/4334
f 2143/4789/4327 920/978/3366 1679/4297/3368 4636/2399/4333
f 4636/2399/4333 1679/4297/3368 923/982/3370 2146/4794/4335
f 2144/4791/4334 4636/2399/4333 2146/4794/4335 924/984/4336
s 14
f 925/987/3825 2145/4793/4332 4637/2400/4337 1911/4536/3828
f 2145/4793/4332 924/985/4331 2147/4795/4338 4637/2400/4337
f 4637/2400/4337 2147/4795/4338 927/989/4339 2148/4797/4340
f 1911/4536/3828 4637/2400/4337 2148/4797/4340 928/991/3829
s 1
f 924/984/4336 2146/4794/4335 4638/2401/4341 2147/4796/4342
f 2146/4794/4335 923/982/3370 1701/4319/3414 4638/2401/4341
f 4638/2401/4341 1701/4319/3414 926/988/3379 2149/4798/4343
f 2147/4796/4342 4638/2401/4341 2149/4798/4343 927/990/4344
s 14
f 928/991/3829 2148/4797/4340 4639/2402/4345 1916/4541/3838
f 2148/4797/4340 927/989/4339 2150/4799/4346 4639/2402/4345
f 4639/2402/4345 2150/4799/4346 930/993/4347 2151/4801/4348
f 1916/4541/3838 4639/2402/4345 2151/4801/4348 931/995/3831
s 1
f 927/990/4344 2149/4798/4343 4640/2403/4349 2150/4800/4350
f 2149/4798/4343 926/988/3379 1683/4301/3377 4640/2403/4349
f 4640/2403/4349 1683/4301/3377 929/992/3371 2152/4802/4351
f 2150/4800/4350 4640/2403/4349 2152/4802/4351 930/994/4352
s 14
f 931/995/3831 2151/4801/4348 4641/2404/4353 1913/4538/3832
f 2151/4801/4348 930/993/4347 2153/4803/4354 4641/2404/4353
f 4641/2404/4353 2153/4803/4354 933/997/4355 2154/4805/4356
f 1913/4538/3832 4641/2404/4353 2154/4805/4356 934/999/3835
s 1
f 930/994/4352 2152/4802/4351 4642/2405/4357 2153/4804/4358
f 2152/4802/4351 929/992/3371 1682/4300/3374 4642/2405/4357
f 4642/2405/4357 1682/4300/3374 932/996/3376 2155/4806/4359
f 2153/4804/4358 4642/2405/4357 2155/4806/4359 933/998/4360
s 14
f 934/999/3835 2154/4805/4356 4643/2406/4361 1917/4542/3839
f 2154/4805/4356 933/997/4355 2156/4807/4362 4643/2406/4361
f 4643/2406/4361 2156/4807/4362 936/1001/4363 2157/4809/4364
f 1917/4542/3839 4643/2406/4361 2157/4809/4364 937/1003/3841
s 1
f 933/998/4360 2155/4806/4359 4644/2407/4365 2156/4808/4366
f 2155/4806/4359 932/996/3376 1686/4304/3384 4644/2407/4365
f 4644/2407/4365 1686/4304/3384 935/1000/3383 2158/4810/4367
f 2156/4808/4366 4644/2407/4365 2158/4810/4367 936/1002/4368
s 14
f 937/1003/3841 2157/4809/4364 4645/2408/4369 1923/4548/3851
f 2157/4809/4364 936/1001/4363 2159/4811/4370 4645/2408/4369
f 4645/2408/4369 2159/4811/4370 939/1005/4371 2160/4813/4372
f 1923/4548/3851 4645/2408/4369 2160/4813/4372 940/1007/3853
s 1
f 936/1002/4368 2158/4810/4367 4646/2409/4373 2159/4812/4374
f 2158/4810/4367 935/1000/3383 1688/4306/3388 4646/2409/4373
f 4646/2409/4373 1688/4306/3388 938/1004/3387 2161/4814/4375
f 2159/4812/4374 4646/2409/4373 2161/4814/4375 939/1006/4376
s 14
f 940/1007/3853 2160/4813/4372 4647/2410/4377 1929/4554/3863
f 2160/4813/4372 939/1005/4371 2162/4815/4378 4647/2410/4377
f 4647/2410/4377 2162/4815/4378 942/1009/4379 2163/4817/4380
f 1929/4554/3863 4647/2410/4377 2163/4817/4380 943/1011/3865
s 1
f 939/1006/4376 2161/4814/4375 4648/2411/4381 2162/4816/4382
f 2161/4814/4375 938/1004/3387 1690/4308/3392 4648/2411/4381
f 4648/2411/4381 1690/4308/3392 941/1008/3391 2164/4818/4383
f 2162/4816/4382 4648/2411/4381 2164/4818/4383 942/1010/4384
s 14
f 943/1011/3865 2163/4817/4380 4649/2412/4385 1935/4560/3875
f 2163/4817/4380 942/1009/4379 2165/4819/4386 4649/2412/4385
f 4649/2412/4385 2165/4819/4386 945/1013/4387 2166/4821/4388
f 1935/4560/3875 4649/2412/4385 2166/4821/4388 946/1015/3877
s 1
f 942/1010/4384 2164/4818/4383 4650/2413/4389 2165/4820/4390
f 2164/4818/4383 941/1008/3391 1692/4310/3396 4650/2413/4389
f 4650/2413/4389 1692/4310/3396 944/1012/3395 2167/4822/4391
f 2165/4820/4390 4650/2413/4389 2167/4822/4391 945/1014/4392
s 14
f 946/1015/3877 2166/4821/4388 4651/2414/4393 1943/4568/3891
f 2166/4821/4388 945/1013/4387 2168/4823/4394 4651/2414/4393
f 4651/2414/4393 2168/4823/4394 948/1017/4395 2169/4825/4396
f 1943/4568/3891 4651/2414/4393 2169/4825/4396 949/1019/3893
s 1
f 945/1014/4392 2167/4822/4391 4652/2415/4397 2168/4824/4398
f 2167/4822/4391 944/1012/3395 1694/4312/3400 4652/2415/4397
f 4652/2415/4397 1694/4312/3400 947/1016/3399 2170/4826/4399
f 2168/4824/4398 4652/2415/4397 2170/4826/4399 948/1018/4400
s 14
f 949/1019/3893 2169/4825/4396 4653/2416/4401 1951/4576/3907
f 2169/4825/4396 948/1017/4395 2171/4827/4402 4653/2416/4401
f 4653/2416/4401 2171/4827/4402 951/1022/4208 2098/4728/4207
f 1951/4576/3907 4653/2416/4401 2098/4728/4207 952/1023/3909
s 1
f 948/1018/4400 2170/4826/4399 4654/2417/4403 2171/4828/4404
f 2170/4826/4399 947/1016/3399 1696/4314/3404 4654/2417/4403
f 4654/2417/4403 1696/4314/3404 950/1020/3403 2097/4727/4204
f 2171/4828/4404 4654/2417/4403 2097/4727/4204 951/1021/4203
s 11
f 953/1024/3415 2172/4829/4405 4655/2418/4406 1702/4320/3416
f 2172/4829/4405 954/1025/4407 2173/4830/4408 4655/2418/4406
f 4655/2418/4406 2173/4830/4408 957/1029/4409 2174/4832/4410
f 1702/4320/3416 4655/2418/4406 2174/4832/4410 956/1028/3419
s 1
f 954/1026/4411 2175/4833/4412 4656/2419/4413 2173/4831/4414
f 2175/4833/4412 955/1027/4165 2082/4709/4170 4656/2419/4413
f 4656/2419/4413 2082/4709/4170 958/1031/4169 2176/4834/4415
f 2173/4831/4414 4656/2419/4413 2176/4834/4415 957/1030/4416
s 11
f 956/1028/3419 2174/4832/4410 4657/2420/4417 1707/4325/3425
f 2174/4832/4410 957/1029/4409 2177/4835/4418 4657/2420/4417
f 4657/2420/4417 2177/4835/4418 963/1039/4419 2178/4837/4420
f 1707/4325/3425 4657/2420/4417 2178/4837/4420 962/1038/3427
s 1
f 957/1030/4416 2176/4834/4415 4658/2421/4421 2177/4836/4422
f 2176/4834/4415 958/1031/4169 2084/4711/4174 4658/2421/4421
f 4658/2421/4421 2084/4711/4174 964/1041/4173 2179/4838/4423
f 2177/4836/4422 4658/2421/4421 2179/4838/4423 963/1040/4424
f 955/1027/4165 2175/4833/4412 4659/2422/4425 2080/4707/4166
f 2175/4833/4412 954/1026/4411 2180/4839/4426 4659/2422/4425
f 4659/2422/4425 2180/4839/4426 960/1033/4427 2181/4841/4428
f 2080/4707/4166 4659/2422/4425 2181/4841/4428 961/1037/4161
s 11
f 954/1025/4407 2172/4829/4405 4660/2423/4429 2180/4840/4430
f 2172/4829/4405 953/1024/3415 1706/4324/3422 4660/2423/4429
f 4660/2423/4429 1706/4324/3422 959/1032/3424 2182/4843/4431
f 2180/4840/4430 4660/2423/4429 2182/4843/4431 960/1034/4432
f 962/1038/3427 2178/4837/4420 4661/2424/4433 1709/4327/3429
f 2178/4837/4420 963/1039/4419 2183/4844/4434 4661/2424/4433
f 4661/2424/4433 2183/4844/4434 966/1043/4435 2184/4846/4436
f 1709/4327/3429 4661/2424/4433 2184/4846/4436 965/1042/3431
s 1
f 963/1040/4424 2179/4838/4423 4662/2425/4437 2183/4845/4438
f 2179/4838/4423 964/1041/4173 2086/4713/4178 4662/2425/4437
f 4662/2425/4437 2086/4713/4178 967/1045/4177 2185/4847/4439
f 2183/4845/4438 4662/2425/4437 2185/4847/4439 966/1044/4440
s 11
f 965/1042/3431 2184/4846/4436 4663/2426/4441 1711/4329/3434
f 2184/4846/4436 966/1043/4435 2186/4848/4442 4663/2426/4441
f 4663/2426/4441 2186/4848/4442 969/1047/4443 2187/4850/4444
f 1711/4329/3434 4663/2426/4441 2187/4850/4444 968/1046/3435
s 1
f 966/1044/4440 2185/4847/4439 4664/2427/4445 2186/4849/4446
f 2185/4847/4439 967/1045/4177 2087/4714/4180 4664/2427/4445
f 4664/2427/4445 2087/4714/4180 970/1049/4074 2188/4851/4447
f 2186/4849/4446 4664/2427/4445 2188/4851/4447 969/1048/4448
s 11
f 968/1046/3435 2187/4850/4444 4665/2428/4449 1757/4376/3525
f 2187/4850/4444 969/1047/4443 2189/4852/4450 4665/2428/4449
f 4665/2428/4449 2189/4852/4450 975/1055/4451 2190/4854/4452
f 1757/4376/3525 4665/2428/4449 2190/4854/4452 974/1054/3440
s 1
f 969/1048/4448 2188/4851/4447 4666/2429/4453 2189/4853/4454
f 2188/4851/4447 970/1049/4074 2033/4659/4073 4666/2429/4453
f 4666/2429/4453 2033/4659/4073 976/1057/4072 2191/4855/4455
f 2189/4853/4454 4666/2429/4453 2191/4855/4455 975/1056/4456
s 11
f 971/1050/3442 2192/4856/4457 4667/2430/4458 1716/4334/3444
f 2192/4856/4457 972/1051/4459 2193/4857/4460 4667/2430/4458
f 4667/2430/4458 2193/4857/4460 978/1059/4461 2194/4859/4462
f 1716/4334/3444 4667/2430/4458 2194/4859/4462 977/1058/3445
s 1
f 972/1052/4463 2195/4860/4464 4668/2431/4465 2193/4858/4466
f 2195/4860/4464 973/1053/4077 2038/4664/4082 4668/2431/4465
f 4668/2431/4465 2038/4664/4082 979/1061/4081 2196/4861/4467
f 2193/4858/4466 4668/2431/4465 2196/4861/4467 978/1060/4468
f 973/1053/4077 2195/4860/4464 4669/2432/4469 2036/4662/4078
f 2195/4860/4464 972/1052/4463 2197/4862/4470 4669/2432/4469
f 4669/2432/4469 2197/4862/4470 975/1056/4456 2191/4855/4455
f 2036/4662/4078 4669/2432/4469 2191/4855/4455 976/1057/4072
s 11
f 972/1051/4459 2192/4856/4457 4670/2433/4471 2197/4863/4472
f 2192/4856/4457 971/1050/3442 1714/4332/3441 4670/2433/4471
f 4670/2433/4471 1714/4332/3441 974/1054/3440 2190/4854/4452
f 2197/4863/4472 4670/2433/4471 2190/4854/4452 975/1055/4451
f 977/1058/3445 2194/4859/4462 4671/2434/4473 1718/4336/3448
f 2194/4859/4462 978/1059/4461 2198/4864/4474 4671/2434/4473
f 4671/2434/4473 2198/4864/4474 981/1063/4475 2199/4866/4476
f 1718/4336/3448 4671/2434/4473 2199/4866/4476 980/1062/3449
s 1
f 978/1060/4468 2196/4861/4467 4672/2435/4477 2198/4865/4478
f 2196/4861/4467 979/1061/4081 2040/4666/4086 4672/2435/4477
f 4672/2435/4477 2040/4666/4086 982/1065/4085 2200/4867/4479
f 2198/4865/4478 4672/2435/4477 2200/4867/4479 981/1064/4480
s 11
f 980/1062/3449 2199/4866/4476 4673/2436/4481 1720/4338/3452
f 2199/4866/4476 981/1063/4475 2201/4868/4482 4673/2436/4481
f 4673/2436/4481 2201/4868/4482 984/1067/4483 2202/4870/4484
f 1720/4338/3452 4673/2436/4481 2202/4870/4484 983/1066/3453
s 1
f 981/1064/4480 2200/4867/4479 4674/2437/4485 2201/4869/4486
f 2200/4867/4479 982/1065/4085 2042/4668/4090 4674/2437/4485
f 4674/2437/4485 2042/4668/4090 985/1069/4089 2203/4871/4487
f 2201/4869/4486 4674/2437/4485 2203/4871/4487 984/1068/4488
s 11
f 983/1066/3453 2202/4870/4484 4675/2438/4489 1722/4340/3456
f 2202/4870/4484 984/1067/4483 2204/4872/4490 4675/2438/4489
f 4675/2438/4489 2204/4872/4490 987/1071/4491 2205/4874/4492
f 1722/4340/3456 4675/2438/4489 2205/4874/4492 986/1070/3457
s 1
f 984/1068/4488 2203/4871/4487 4676/2439/4493 2204/4873/4494
f 2203/4871/4487 985/1069/4089 2044/4670/4094 4676/2439/4493
f 4676/2439/4493 2044/4670/4094 988/1073/4093 2206/4875/4495
f 2204/4873/4494 4676/2439/4493 2206/4875/4495 987/1072/4496
s 11
f 986/1070/3457 2205/4874/4492 4677/2440/4497 1724/4342/3460
f 2205/4874/4492 987/1071/4491 2207/4876/4498 4677/2440/4497
f 4677/2440/4497 2207/4876/4498 990/1075/4499 2208/4878/4500
f 1724/4342/3460 4677/2440/4497 2208/4878/4500 989/1074/3461
s 1
f 987/1072/4496 2206/4875/4495 4678/2441/4501 2207/4877/4502
f 2206/4875/4495 988/1073/4093 2046/4672/4098 4678/2441/4501
f 4678/2441/4501 2046/4672/4098 991/1077/4097 2209/4879/4503
f 2207/4877/4502 4678/2441/4501 2209/4879/4503 990/1076/4504
s 11
f 989/1074/3461 2208/4878/4500 4679/2442/4505 1726/4344/3464
f 2208/4878/4500 990/1075/4499 2210/4880/4506 4679/2442/4505
f 4679/2442/4505 2210/4880/4506 993/1079/4507 2211/4882/4508
f 1726/4344/3464 4679/2442/4505 2211/4882/4508 992/1078/3465
s 1
f 990/1076/4504 2209/4879/4503 4680/2443/4509 2210/4881/4510
f 2209/4879/4503 991/1077/4097 2048/4674/4102 4680/2443/4509
f 4680/2443/4509 2048/4674/4102 994/1081/4101 2212/4883/4511
f 2210/4881/4510 4680/2443/4509 2212/4883/4511 993/1080/4512
s 11
f 992/1078/3465 2211/4882/4508 4681/2444/4513 1728/4346/3468
f 2211/4882/4508 993/1079/4507 2213/4884/4514 4681/2444/4513
f 4681/2444/4513 2213/4884/4514 996/1083/4515 2214/4886/4516
f 1728/4346/3468 4681/2444/4513 2214/4886/4516 995/1082/3469
s 1
f 993/1080/4512 2212/4883/4511 4682/2445/4517 2213/4885/4518
f 2212/4883/4511 994/1081/4101 2050/4676/4106 4682/2445/4517
f 4682/2445/4517 2050/4676/4106 997/1085/4105 2215/4887/4519
f 2213/4885/4518 4682/2445/4517 2215/4887/4519 996/1084/4520
s 11
f 995/1082/3469 2214/4886/4516 4683/2446/4521 1730/4348/3472
f 2214/4886/4516 996/1083/4515 2216/4888/4522 4683/2446/4521
f 4683/2446/4521 2216/4888/4522 999/1087/4523 2217/4890/4524
f 1730/4348/3472 4683/2446/4521 2217/4890/4524 998/1086/3473
s 1
f 996/1084/4520 2215/4887/4519 4684/2447/4525 2216/4889/4526
f 2215/4887/4519 997/1085/4105 2052/4678/4110 4684/2447/4525
f 4684/2447/4525 2052/4678/4110 1000/1089/4109 2218/4891/4527
f 2216/4889/4526 4684/2447/4525 2218/4891/4527 999/1088/4528
s 11
f 998/1086/3473 2217/4890/4524 4685/2448/4529 1732/4350/3476
f 2217/4890/4524 999/1087/4523 2219/4892/4530 4685/2448/4529
f 4685/2448/4529 2219/4892/4530 1002/1091/4531 2220/4894/4532
f 1732/4350/3476 4685/2448/4529 2220/4894/4532 1001/1090/3477
s 1
f 999/1088/4528 2218/4891/4527 4686/2449/4533 2219/4893/4534
f 2218/4891/4527 1000/1089/4109 2054/4680/4114 4686/2449/4533
f 4686/2449/4533 2054/4680/4114 1003/1093/4113 2221/4895/4535
f 2219/4893/4534 4686/2449/4533 2221/4895/4535 1002/1092/4536
s 11
f 1001/1090/3477 2220/4894/4532 4687/2450/4537 1734/4352/3480
f 2220/4894/4532 1002/1091/4531 2222/4896/4538 4687/2450/4537
f 4687/2450/4537 2222/4896/4538 1005/1095/4539 2223/4898/4540
f 1734/4352/3480 4687/2450/4537 2223/4898/4540 1004/1094/3481
s 1
f 1002/1092/4536 2221/4895/4535 4688/2451/4541 2222/4897/4542
f 2221/4895/4535 1003/1093/4113 2056/4682/4118 4688/2451/4541
f 4688/2451/4541 2056/4682/4118 1006/1097/4117 2224/4899/4543
f 2222/4897/4542 4688/2451/4541 2224/4899/4543 1005/1096/4544
s 11
f 1004/1094/3481 2223/4898/4540 4689/2452/4545 1736/4354/3484
f 2223/4898/4540 1005/1095/4539 2225/4900/4546 4689/2452/4545
f 4689/2452/4545 2225/4900/4546 1008/1100/4547 2226/4902/4548
f 1736/4354/3484 4689/2452/4545 2226/4902/4548 1007/1098/3485
s 1
f 1005/1096/4544 2224/4899/4543 4690/2453/4549 2225/4901/4550
f 2224/4899/4543 1006/1097/4117 2058/4684/4122 4690/2453/4549
f 4690/2453/4549 2058/4684/4122 1009/1103/4121 2227/4904/4551
f 2225/4901/4550 4690/2453/4549 2227/4904/4551 1008/1101/4552
s 11
f 1007/1099/3485 2226/4903/4548 4691/2454/4553 1738/4357/3488
f 2226/4903/4548 1008/1102/4547 2228/4905/4554 4691/2454/4553
f 4691/2454/4553 2228/4905/4554 1011/1105/4555 2229/4907/4556
f 1738/4357/3488 4691/2454/4553 2229/4907/4556 1010/1104/3489
s 1
f 1008/1101/4552 2227/4904/4551 4692/2455/4557 2228/4906/4558
f 2227/4904/4551 1009/1103/4121 2060/4686/4126 4692/2455/4557
f 4692/2455/4557 2060/4686/4126 1012/1107/4125 2230/4908/4559
f 2228/4906/4558 4692/2455/4557 2230/4908/4559 1011/1106/4560
s 11
f 1010/1104/3489 2229/4907/4556 4693/2456/4561 1743/4362/3498
f 2229/4907/4556 1011/1105/4555 2231/4909/4562 4693/2456/4561
f 4693/2456/4561 2231/4909/4562 1014/1109/4563 2232/4911/4564
f 1743/4362/3498 4693/2456/4561 2232/4911/4564 1013/1108/3491
s 1
f 1011/1106/4560 2230/4908/4559 4694/2457/4565 2231/4910/4566
f 2230/4908/4559 1012/1107/4125 2062/4688/4130 4694/2457/4565
f 4694/2457/4565 2062/4688/4130 1015/1111/4129 2233/4912/4567
f 2231/4910/4566 4694/2457/4565 2233/4912/4567 1014/1110/4568
s 11
f 1013/1108/3491 2232/4911/4564 4695/2458/4569 1740/4359/3492
f 2232/4911/4564 1014/1109/4563 2234/4913/4570 4695/2458/4569
f 4695/2458/4569 2234/4913/4570 1017/1113/4571 2235/4915/4572
f 1740/4359/3492 4695/2458/4569 2235/4915/4572 1016/1112/3495
s 1
f 1014/1110/4568 2233/4912/4567 4696/2459/4573 2234/4914/4574
f 2233/4912/4567 1015/1111/4129 2064/4690/4134 4696/2459/4573
f 4696/2459/4573 2064/4690/4134 1018/1115/4133 2236/4916/4575
f 2234/4914/4574 4696/2459/4573 2236/4916/4575 1017/1114/4576
s 11
f 1016/1112/3495 2235/4915/4572 4697/2460/4577 1744/4363/3499
f 2235/4915/4572 1017/1113/4571 2237/4917/4578 4697/2460/4577
f 4697/2460/4577 2237/4917/4578 1020/1117/4579 2238/4919/4580
f 1744/4363/3499 4697/2460/4577 2238/4919/4580 1019/1116/3501
s 1
f 1017/1114/4576 2236/4916/4575 4698/2461/4581 2237/4918/4582
f 2236/4916/4575 1018/1115/4133 2066/4692/4138 4698/2461/4581
f 4698/2461/4581 2066/4692/4138 1021/1119/4137 2239/4920/4583
f 2237/4918/4582 4698/2461/4581 2239/4920/4583 1020/1118/4584
s 11
f 1019/1116/3501 2238/4919/4580 4699/2462/4585 1746/4365/3503
f 2238/4919/4580 1020/1117/4579 2240/4921/4586 4699/2462/4585
f 4699/2462/4585 2240/4921/4586 1023/1121/4587 2241/4923/4588
f 1746/4365/3503 4699/2462/4585 2241/4923/4588 1022/1120/3505
s 1
f 1020/1118/4584 2239/4920/4583 4700/2463/4589 2240/4922/4590
f 2239/4920/4583 1021/1119/4137 2068/4694/4142 4700/2463/4589
f 4700/2463/4589 2068/4694/4142 1024/1123/4141 2242/4924/4591
f 2240/4922/4590 4700/2463/4589 2242/4924/4591 1023/1122/4592
s 11
f 1022/1120/3505 2241/4923/4588 4701/2464/4593 1748/4367/3507
f 2241/4923/4588 1023/1121/4587 2243/4925/4594 4701/2464/4593
f 4701/2464/4593 2243/4925/4594 1026/1125/4595 2244/4927/4596
f 1748/4367/3507 4701/2464/4593 2244/4927/4596 1025/1124/3509
s 1
f 1023/1122/4592 2242/4924/4591 4702/2465/4597 2243/4926/4598
f 2242/4924/4591 1024/1123/4141 2070/4696/4146 4702/2465/4597
f 4702/2465/4597 2070/4696/4146 1027/1127/4145 2245/4928/4599
f 2243/4926/4598 4702/2465/4597 2245/4928/4599 1026/1126/4600
s 11
f 1025/1124/3509 2244/4927/4596 4703/2466/4601 1750/4369/3511
f 2244/4927/4596 1026/1125/4595 2246/4929/4602 4703/2466/4601
f 4703/2466/4601 2246/4929/4602 1029/1129/4603 2247/4931/4604
f 1750/4369/3511 4703/2466/4601 2247/4931/4604 1028/1128/3513
s 1
f 1026/1126/4600 2245/4928/4599 4704/2467/4605 2246/4930/4606
f 2245/4928/4599 1027/1127/4145 2072/4698/4150 4704/2467/4605
f 4704/2467/4605 2072/4698/4150 1030/1131/4149 2248/4932/4607
f 2246/4930/4606 4704/2467/4605 2248/4932/4607 1029/1130/4608
s 11
f 1028/1128/3513 2247/4931/4604 4705/2468/4609 1752/4371/3515
f 2247/4931/4604 1029/1129/4603 2249/4933/4610 4705/2468/4609
f 4705/2468/4609 2249/4933/4610 1032/1133/4611 2250/4935/4612
f 1752/4371/3515 4705/2468/4609 2250/4935/4612 1031/1132/3517
s 1
f 1029/1130/4608 2248/4932/4607 4706/2469/4613 2249/4934/4614
f 2248/4932/4607 1030/1131/4149 2074/4700/4154 4706/2469/4613
f 4706/2469/4613 2074/4700/4154 1033/1135/4153 2251/4936/4615
f 2249/4934/4614 4706/2469/4613 2251/4936/4615 1032/1134/4616
s 11
f 1031/1132/3517 2250/4935/4612 4707/2470/4617 1754/4373/3519
f 2250/4935/4612 1032/1133/4611 2252/4937/4618 4707/2470/4617
f 4707/2470/4617 2252/4937/4618 1035/1137/4619 2253/4939/4620
f 1754/4373/3519 4707/2470/4617 2253/4939/4620 1034/1136/3521
s 1
f 1032/1134/4616 2251/4936/4615 4708/2471/4621 2252/4938/4622
f 2251/4936/4615 1033/1135/4153 2076/4702/4158 4708/2471/4621
f 4708/2471/4621 2076/4702/4158 1036/1139/4157 2254/4940/4623
f 2252/4938/4622 4708/2471/4621 2254/4940/4623 1035/1138/4624
f 961/1036/4161 2181/4842/4428 4709/2472/4625 2078/4705/4162
f 2181/4842/4428 960/1035/4427 2255/4941/4626 4709/2472/4625
f 4709/2472/4625 2255/4941/4626 1035/1138/4624 2254/4940/4623
f 2078/4705/4162 4709/2472/4625 2254/4940/4623 1036/1139/4157
s 11
f 960/1034/4432 2182/4843/4431 4710/2473/4627 2255/4942/4628
f 2182/4843/4431 959/1032/3424 1756/4375/3523 4710/2473/4627
f 4710/2473/4627 1756/4375/3523 1034/1136/3521 2253/4939/4620
f 2255/4942/4628 4710/2473/4627 2253/4939/4620 1035/1137/4619
s 14
f 1037/1140/3262 1629/4243/3259 4711/2474/4629 1765/4384/3541
f 1629/4243/3259 1038/1142/3258 2256/4943/4630 4711/2474/4629
f 4711/2474/4629 2256/4943/4630 1044/1149/4631 2257/4945/4632
f 1765/4384/3541 4711/2474/4629 2257/4945/4632 1043/1148/3542
s 15
f 1038/1141/3253 1625/4238/3250 4712/2475/4633 2256/4944/4634
f 1625/4238/3250 1039/1143/3249 1770/4389/3548 4712/2475/4633
f 4712/2475/4633 1770/4389/3548 1045/1151/3550 2258/4946/4635
f 2256/4944/4634 4712/2475/4633 2258/4946/4635 1044/1150/4636
f 1040/1144/3257 1627/4241/3256 4713/2476/4637 1780/4399/3569
f 1627/4241/3256 1041/1145/3255 2259/4947/4638 4713/2476/4637
f 4713/2476/4637 2259/4947/4638 1056/1165/4639 2260/4949/4640
f 1780/4399/3569 4713/2476/4637 2260/4949/4640 1055/1164/3571
s 14
f 1041/1146/3266 1631/4245/3265 4714/2477/4641 2259/4948/4642
f 1631/4245/3265 1042/1147/3264 1779/4398/3568 4714/2477/4641
f 4714/2477/4641 1779/4398/3568 1057/1167/3567 2261/4950/4643
f 2259/4948/4642 4714/2477/4641 2261/4950/4643 1056/1166/4644
s 15
f 1046/1152/3556 2262/4951/4645 4715/2478/4646 1774/4393/3558
f 2262/4951/4645 1047/1153/4647 2263/4952/4648 4715/2478/4646
f 4715/2478/4646 2263/4952/4648 1053/1161/4649 2264/4954/4650
f 1774/4393/3558 4715/2478/4646 2264/4954/4650 1052/1160/3559
s 11
f 1047/1154/4651 2265/4955/4652 4716/2479/4653 2263/4953/4654
f 2265/4955/4652 1048/1155/3973 1986/4611/3978 4716/2479/4653
f 4716/2479/4653 1986/4611/3978 1054/1163/3977 2266/4956/4655
f 2263/4953/4654 4716/2479/4653 2266/4956/4655 1053/1162/4656
f 1048/1155/3973 2265/4955/4652 4717/2480/4657 1984/4609/3974
f 2265/4955/4652 1047/1154/4651 2267/4957/4658 4717/2480/4657
f 4717/2480/4657 2267/4957/4658 1050/1157/4659 2268/4959/4660
f 1984/4609/3974 4717/2480/4657 2268/4959/4660 1051/1159/3969
s 15
f 1047/1153/4647 2262/4951/4645 4718/2481/4661 2267/4958/4662
f 2262/4951/4645 1046/1152/3556 1772/4391/3555 4718/2481/4661
f 4718/2481/4661 1772/4391/3555 1049/1156/3554 2269/4960/4663
f 2267/4958/4662 4718/2481/4661 2269/4960/4663 1050/1158/4664
f 1052/1160/3559 2264/4954/4650 4719/2482/4665 1962/4587/3930
f 2264/4954/4650 1053/1161/4649 2270/4961/4666 4719/2482/4665
f 4719/2482/4665 2270/4961/4666 1191/1355/4667 2271/4963/4668
f 1962/4587/3930 4719/2482/4665 2271/4963/4668 1190/1354/3921
s 11
f 1053/1162/4656 2266/4956/4655 4720/2483/4669 2270/4962/4670
f 2266/4956/4655 1054/1163/3977 1988/4613/3982 4720/2483/4669
f 4720/2483/4669 1988/4613/3982 1192/1357/3981 2272/4964/4671
f 2270/4962/4670 4720/2483/4669 2272/4964/4671 1191/1356/4672
s 15
f 1055/1164/3571 2260/4949/4640 4721/2484/4673 1788/4407/3585
f 2260/4949/4640 1056/1165/4639 2273/4965/4674 4721/2484/4673
f 4721/2484/4673 2273/4965/4674 1062/1174/4675 2274/4967/4676
f 1788/4407/3585 4721/2484/4673 2274/4967/4676 1061/1172/3587
s 14
f 1056/1166/4644 2261/4950/4643 4722/2485/4677 2273/4966/4678
f 2261/4950/4643 1057/1167/3567 1787/4406/3584 4722/2485/4677
f 4722/2485/4677 1787/4406/3584 1063/1177/3583 2275/4969/4679
f 2273/4966/4678 4722/2485/4677 2275/4969/4679 1062/1175/4680
s 11
f 1051/1159/3969 2268/4959/4660 4723/2486/4681 1982/4607/3970
f 2268/4959/4660 1050/1157/4659 2276/4970/4682 4723/2486/4681
f 4723/2486/4681 2276/4970/4682 1059/1169/4683 2277/4972/4684
f 1982/4607/3970 4723/2486/4681 2277/4972/4684 1060/1171/3965
s 15
f 1050/1158/4664 2269/4960/4663 4724/2487/4685 2276/4971/4686
f 2269/4960/4663 1049/1156/3554 1783/4402/3576 4724/2487/4685
f 4724/2487/4685 1783/4402/3576 1058/1168/3575 2278/4973/4687
f 2276/4971/4686 4724/2487/4685 2278/4973/4687 1059/1170/4688
f 1061/1173/3587 2274/4968/4676 4725/2488/4689 1796/4417/3601
f 2274/4968/4676 1062/1176/4675 2279/4974/4690 4725/2488/4689
f 4725/2488/4689 2279/4974/4690 1068/1185/4691 2280/4976/4692
f 1796/4417/3601 4725/2488/4689 2280/4976/4692 1067/1184/3603
s 14
f 1062/1175/4680 2275/4969/4679 4726/2489/4693 2279/4975/4694
f 2275/4969/4679 1063/1177/3583 1795/4416/3600 4726/2489/4693
f 4726/2489/4693 1795/4416/3600 1069/1187/3599 2281/4977/4695
f 2279/4975/4694 4726/2489/4693 2281/4977/4695 1068/1186/4696
s 11
f 1060/1171/3965 2277/4972/4684 4727/2490/4697 1980/4605/3966
f 2277/4972/4684 1059/1169/4683 2282/4978/4698 4727/2490/4697
f 4727/2490/4697 2282/4978/4698 1065/1180/4699 2283/4980/4700
f 1980/4605/3966 4727/2490/4697 2283/4980/4700 1066/1183/3960
s 15
f 1059/1170/4688 2278/4973/4687 4728/2491/4701 2282/4979/4702
f 2278/4973/4687 1058/1168/3575 1791/4412/3592 4728/2491/4701
f 4728/2491/4701 1791/4412/3592 1064/1178/3591 2284/4981/4703
f 2282/4979/4702 4728/2491/4701 2284/4981/4703 1065/1181/4704
f 1067/1184/3603 2280/4976/4692 4729/2492/4705 1802/4423/3613
f 2280/4976/4692 1068/1185/4691 2285/4983/4706 4729/2492/4705
f 4729/2492/4705 2285/4983/4706 1074/1193/4707 2286/4985/4708
f 1802/4423/3613 4729/2492/4705 2286/4985/4708 1073/1192/3615
s 14
f 1068/1186/4696 2281/4977/4695 4730/2493/4709 2285/4984/4710
f 2281/4977/4695 1069/1187/3599 1801/4422/3612 4730/2493/4709
f 4730/2493/4709 1801/4422/3612 1075/1195/3611 2287/4986/4711
f 2285/4984/4710 4730/2493/4709 2287/4986/4711 1074/1194/4712
s 11
f 1066/1183/3960 2283/4980/4700 4731/2494/4713 1977/4602/3961
f 2283/4980/4700 1065/1180/4699 2288/4987/4714 4731/2494/4713
f 4731/2494/4713 2288/4987/4714 1071/1189/4715 2289/4989/4716
f 1977/4602/3961 4731/2494/4713 2289/4989/4716 1072/1191/3962
s 15
f 1065/1182/4704 2284/4982/4703 4732/2495/4717 2288/4988/4718
f 2284/4982/4703 1064/1179/3591 1799/4420/3608 4732/2495/4717
f 4732/2495/4717 1799/4420/3608 1070/1188/3607 2290/4990/4719
f 2288/4988/4718 4732/2495/4717 2290/4990/4719 1071/1190/4720
s 11
f 1072/1191/3962 2289/4989/4716 4733/2496/4721 2031/4657/4068
f 2289/4989/4716 1071/1189/4715 2291/4991/4722 4733/2496/4721
f 4733/2496/4721 2291/4991/4722 1077/1197/4723 2292/4993/4724
f 2031/4657/4068 4733/2496/4721 2292/4993/4724 1078/1199/4065
s 15
f 1071/1190/4720 2290/4990/4719 4734/2497/4725 2291/4992/4726
f 2290/4990/4719 1070/1188/3607 1805/4426/3620 4734/2497/4725
f 4734/2497/4725 1805/4426/3620 1076/1196/3619 2293/4994/4727
f 2291/4992/4726 4734/2497/4725 2293/4994/4727 1077/1198/4728
s 11
f 1078/1199/4065 2292/4993/4724 4735/2498/4729 2030/4656/4066
f 2292/4993/4724 1077/1197/4723 2294/4995/4730 4735/2498/4729
f 4735/2498/4729 2294/4995/4730 1080/1201/4731 2295/4997/4732
f 2030/4656/4066 4735/2498/4729 2295/4997/4732 1081/1203/4061
s 15
f 1077/1198/4728 2293/4994/4727 4736/2499/4733 2294/4996/4734
f 2293/4994/4727 1076/1196/3619 1807/4428/3624 4736/2499/4733
f 4736/2499/4733 1807/4428/3624 1079/1200/3623 2296/4998/4735
f 2294/4996/4734 4736/2499/4733 2296/4998/4735 1080/1202/4736
s 11
f 1081/1203/4061 2295/4997/4732 4737/2500/4737 2028/4654/4062
f 2295/4997/4732 1080/1201/4731 2297/4999/4738 4737/2500/4737
f 4737/2500/4737 2297/4999/4738 1083/1205/4739 2298/5001/4740
f 2028/4654/4062 4737/2500/4737 2298/5001/4740 1084/1207/4057
s 15
f 1080/1202/4736 2296/4998/4735 4738/2501/4741 2297/5000/4742
f 2296/4998/4735 1079/1200/3623 1809/4430/3628 4738/2501/4741
f 4738/2501/4741 1809/4430/3628 1082/1204/3627 2299/5002/4743
f 2297/5000/4742 4738/2501/4741 2299/5002/4743 1083/1206/4744
s 11
f 1084/1207/4057 2298/5001/4740 4739/2502/4745 2026/4652/4058
f 2298/5001/4740 1083/1205/4739 2300/5003/4746 4739/2502/4745
f 4739/2502/4745 2300/5003/4746 1086/1209/4747 2301/5005/4748
f 2026/4652/4058 4739/2502/4745 2301/5005/4748 1087/1211/4053
s 15
f 1083/1206/4744 2299/5002/4743 4740/2503/4749 2300/5004/4750
f 2299/5002/4743 1082/1204/3627 1835/4459/3678 4740/2503/4749
f 4740/2503/4749 1835/4459/3678 1085/1208/3677 2302/5006/4751
f 2300/5004/4750 4740/2503/4749 2302/5006/4751 1086/1210/4752
s 14
f 1088/1212/3280 1636/4252/3277 4741/2504/4753 1811/4432/3631
f 1636/4252/3277 1089/1214/3276 2303/5007/4754 4741/2504/4753
f 4741/2504/4753 2303/5007/4754 1092/1218/4755 2304/5009/4756
f 1811/4432/3631 4741/2504/4753 2304/5009/4756 1091/1216/3632
s 15
f 1089/1213/3271 1632/4246/3268 4742/2505/4757 2303/5008/4758
f 1632/4246/3268 1090/1215/3267 1816/4438/3638 4742/2505/4757
f 4742/2505/4757 1816/4438/3638 1093/1221/3640 2305/5011/4759
f 2303/5008/4758 4742/2505/4757 2305/5011/4759 1092/1219/4760
f 1094/1223/3275 1634/4250/3274 4743/2506/4761 1825/4449/3657
f 1634/4250/3274 1095/1226/3273 2306/5012/4762 4743/2506/4761
f 4743/2506/4761 2306/5012/4762 1107/1243/4763 2307/5014/4764
f 1825/4449/3657 4743/2506/4761 2307/5014/4764 1106/1242/3659
s 14
f 1095/1225/3284 1638/4254/3283 4744/2507/4765 2306/5013/4766
f 1638/4254/3283 1096/1227/3282 1824/4448/3654 4744/2507/4765
f 4744/2507/4765 1824/4448/3654 1108/1245/3656 2308/5015/4767
f 2306/5013/4766 4744/2507/4765 2308/5015/4767 1107/1244/4768
s 15
f 1097/1228/3648 2309/5016/4769 4745/2508/4770 1821/4445/3650
f 2309/5016/4769 1098/1229/4771 2310/5017/4772 4745/2508/4770
f 4745/2508/4770 2310/5017/4772 1104/1239/4773 2311/5019/4774
f 1821/4445/3650 4745/2508/4770 2311/5019/4774 1103/1238/3651
s 11
f 1098/1230/4775 2312/5020/4776 4746/2509/4777 2310/5018/4778
f 2312/5020/4776 1099/1231/4013 2006/4631/4018 4746/2509/4777
f 4746/2509/4777 2006/4631/4018 1105/1241/4017 2313/5021/4779
f 2310/5018/4778 4746/2509/4777 2313/5021/4779 1104/1240/4780
f 1099/1231/4013 2312/5020/4776 4747/2510/4781 2004/4629/4014
f 2312/5020/4776 1098/1230/4775 2314/5022/4782 4747/2510/4781
f 4747/2510/4781 2314/5022/4782 1101/1234/4783 2315/5024/4784
f 2004/4629/4014 4747/2510/4781 2315/5024/4784 1102/1237/4009
s 15
f 1098/1229/4771 2309/5016/4769 4748/2511/4785 2314/5023/4786
f 2309/5016/4769 1097/1228/3648 1819/4443/3647 4748/2511/4785
f 4748/2511/4785 1819/4443/3647 1100/1232/3646 2316/5025/4787
f 2314/5023/4786 4748/2511/4785 2316/5025/4787 1101/1235/4788
f 1103/1238/3651 2311/5019/4774 4749/2512/4789 1971/4596/3948
f 2311/5019/4774 1104/1239/4773 2317/5027/4790 4749/2512/4789
f 4749/2512/4789 2317/5027/4790 1203/1373/4791 2318/5029/4792
f 1971/4596/3948 4749/2512/4789 2318/5029/4792 1202/1372/3946
s 11
f 1104/1240/4780 2313/5021/4779 4750/2513/4793 2317/5028/4794
f 2313/5021/4779 1105/1241/4017 2008/4633/4022 4750/2513/4793
f 4750/2513/4793 2008/4633/4022 1204/1375/4021 2319/5030/4795
f 2317/5028/4794 4750/2513/4793 2319/5030/4795 1203/1374/4796
s 15
f 1106/1242/3659 2307/5014/4764 4751/2514/4797 1921/4546/3847
f 2307/5014/4764 1107/1243/4763 2320/5031/4798 4751/2514/4797
f 4751/2514/4797 2320/5031/4798 1167/1323/4799 2321/5033/4800
f 1921/4546/3847 4751/2514/4797 2321/5033/4800 1166/1322/3849
s 14
f 1107/1244/4768 2308/5015/4767 4752/2515/4801 2320/5032/4802
f 2308/5015/4767 1108/1245/3656 1920/4545/3846 4752/2515/4801
f 4752/2515/4801 1920/4545/3846 1168/1325/3845 2322/5034/4803
f 2320/5032/4802 4752/2515/4801 2322/5034/4803 1167/1324/4804
s 11
f 1102/1237/4009 2315/5024/4784 4753/2516/4805 2002/4627/4010
f 2315/5024/4784 1101/1234/4783 2323/5035/4806 4753/2516/4805
f 4753/2516/4805 2323/5035/4806 1110/1247/4807 2324/5037/4808
f 2002/4627/4010 4753/2516/4805 2324/5037/4808 1111/1249/4005
s 15
f 1101/1236/4788 2316/5026/4787 4754/2517/4809 2323/5036/4810
f 2316/5026/4787 1100/1233/3646 1828/4452/3664 4754/2517/4809
f 4754/2517/4809 1828/4452/3664 1109/1246/3663 2325/5038/4811
f 2323/5036/4810 4754/2517/4809 2325/5038/4811 1110/1248/4812
s 11
f 1111/1249/4005 2324/5037/4808 4755/2518/4813 2000/4625/4006
f 2324/5037/4808 1110/1247/4807 2326/5039/4814 4755/2518/4813
f 4755/2518/4813 2326/5039/4814 1113/1251/4815 2327/5041/4816
f 2000/4625/4006 4755/2518/4813 2327/5041/4816 1114/1253/4001
s 15
f 1110/1248/4812 2325/5038/4811 4756/2519/4817 2326/5040/4818
f 2325/5038/4811 1109/1246/3663 1830/4454/3668 4756/2519/4817
f 4756/2519/4817 1830/4454/3668 1112/1250/3667 2328/5042/4819
f 2326/5040/4818 4756/2519/4817 2328/5042/4819 1113/1252/4820
s 11
f 1114/1253/4001 2327/5041/4816 4757/2520/4821 1998/4623/4002
f 2327/5041/4816 1113/1251/4815 2329/5043/4822 4757/2520/4821
f 4757/2520/4821 2329/5043/4822 1116/1255/4823 2330/5045/4824
f 1998/4623/4002 4757/2520/4821 2330/5045/4824 1117/1257/3997
s 15
f 1113/1252/4820 2328/5042/4819 4758/2521/4825 2329/5044/4826
f 2328/5042/4819 1112/1250/3667 1832/4456/3672 4758/2521/4825
f 4758/2521/4825 1832/4456/3672 1115/1254/3671 2331/5046/4827
f 2329/5044/4826 4758/2521/4825 2331/5046/4827 1116/1256/4828
s 11
f 1117/1257/3997 2330/5045/4824 4759/2522/4829 1996/4621/3998
f 2330/5045/4824 1116/1255/4823 2332/5047/4830 4759/2522/4829
f 4759/2522/4829 2332/5047/4830 1119/1259/4831 2333/5049/4832
f 1996/4621/3998 4759/2522/4829 2333/5049/4832 1120/1261/3993
s 15
f 1116/1256/4828 2331/5046/4827 4760/2523/4833 2332/5048/4834
f 2331/5046/4827 1115/1254/3671 1834/4458/3674 4760/2523/4833
f 4760/2523/4833 1834/4458/3674 1118/1258/3676 2334/5050/4835
f 2332/5048/4834 4760/2523/4833 2334/5050/4835 1119/1260/4836
s 11
f 1087/1211/4053 2301/5005/4748 4761/2524/4837 2024/4650/4054
f 2301/5005/4748 1086/1209/4747 2335/5051/4838 4761/2524/4837
f 4761/2524/4837 2335/5051/4838 1122/1263/4839 2336/5053/4840
f 2024/4650/4054 4761/2524/4837 2336/5053/4840 1123/1265/4049
s 15
f 1086/1210/4752 2302/5006/4751 4762/2525/4841 2335/5052/4842
f 2302/5006/4751 1085/1208/3677 1838/4462/3682 4762/2525/4841
f 4762/2525/4841 1838/4462/3682 1121/1262/3684 2337/5054/4843
f 2335/5052/4842 4762/2525/4841 2337/5054/4843 1122/1264/4844
s 11
f 1123/1265/4049 2336/5053/4840 4763/2526/4845 2022/4648/4050
f 2336/5053/4840 1122/1263/4839 2338/5055/4846 4763/2526/4845
f 4763/2526/4845 2338/5055/4846 1125/1267/4847 2339/5057/4848
f 2022/4648/4050 4763/2526/4845 2339/5057/4848 1126/1269/4045
s 15
f 1122/1264/4844 2337/5054/4843 4764/2527/4849 2338/5056/4850
f 2337/5054/4843 1121/1262/3684 1840/4464/3686 4764/2527/4849
f 4764/2527/4849 1840/4464/3686 1124/1266/3688 2340/5058/4851
f 2338/5056/4850 4764/2527/4849 2340/5058/4851 1125/1268/4852
s 11
f 1126/1269/4045 2339/5057/4848 4765/2528/4853 2020/4646/4046
f 2339/5057/4848 1125/1267/4847 2341/5059/4854 4765/2528/4853
f 4765/2528/4853 2341/5059/4854 1128/1271/4855 2342/5061/4856
f 2020/4646/4046 4765/2528/4853 2342/5061/4856 1129/1273/4041
s 15
f 1125/1268/4852 2340/5058/4851 4766/2529/4857 2341/5060/4858
f 2340/5058/4851 1124/1266/3688 1842/4466/3690 4766/2529/4857
f 4766/2529/4857 1842/4466/3690 1127/1270/3692 2343/5062/4859
f 2341/5060/4858 4766/2529/4857 2343/5062/4859 1128/1272/4860
s 11
f 1129/1273/4041 2342/5061/4856 4767/2530/4861 2018/4644/4042
f 2342/5061/4856 1128/1271/4855 2344/5063/4862 4767/2530/4861
f 4767/2530/4861 2344/5063/4862 1131/1275/4863 2345/5065/4864
f 2018/4644/4042 4767/2530/4861 2345/5065/4864 1132/1277/4037
s 15
f 1128/1272/4860 2343/5062/4859 4768/2531/4865 2344/5064/4866
f 2343/5062/4859 1127/1270/3692 1844/4468/3694 4768/2531/4865
f 4768/2531/4865 1844/4468/3694 1130/1274/3696 2346/5066/4867
f 2344/5064/4866 4768/2531/4865 2346/5066/4867 1131/1276/4868
f 1133/1278/3298 1643/4260/3295 4769/2532/4869 1847/4471/3701
f 1643/4260/3295 1134/1280/3294 2347/5067/4870 4769/2532/4869
f 4769/2532/4869 2347/5067/4870 1140/1287/4871 2348/5069/4872
f 1847/4471/3701 4769/2532/4869 2348/5069/4872 1139/1286/3702
s 14
f 1134/1279/3289 1639/4255/3286 4770/2533/4873 2347/5068/4874
f 1639/4255/3286 1135/1281/3285 1868/4492/3740 4770/2533/4873
f 4770/2533/4873 1868/4492/3740 1141/1289/3742 2349/5070/4875
f 2347/5068/4874 4770/2533/4873 2349/5070/4875 1140/1288/4876
s 15
f 1073/1192/3615 2286/4985/4708 4771/2534/4877 1975/4600/3955
f 2286/4985/4708 1074/1193/4707 2350/5071/4878 4771/2534/4877
f 4771/2534/4877 2350/5071/4878 1137/1284/3302 1645/4262/3301
f 1975/4600/3955 4771/2534/4877 1645/4262/3301 1138/1285/3300
s 14
f 1074/1194/4712 2287/4986/4711 4772/2535/4879 2350/5072/4880
f 2287/4986/4711 1075/1195/3611 1974/4599/3954 4772/2535/4879
f 4772/2535/4879 1974/4599/3954 1136/1282/3293 1641/4258/3292
f 2350/5072/4880 4772/2535/4879 1641/4258/3292 1137/1283/3291
s 15
f 1139/1286/3702 2348/5069/4872 4773/2536/4881 1849/4473/3705
f 2348/5069/4872 1140/1287/4871 2351/5073/4882 4773/2536/4881
f 4773/2536/4881 2351/5073/4882 1143/1291/4883 2352/5075/4884
f 1849/4473/3705 4773/2536/4881 2352/5075/4884 1142/1290/3706
s 14
f 1140/1288/4876 2349/5070/4875 4774/2537/4885 2351/5074/4886
f 2349/5070/4875 1141/1289/3742 1870/4494/3744 4774/2537/4885
f 4774/2537/4885 1870/4494/3744 1144/1293/3746 2353/5076/4887
f 2351/5074/4886 4774/2537/4885 2353/5076/4887 1143/1292/4888
s 15
f 1142/1290/3706 2352/5075/4884 4775/2538/4889 1851/4475/3709
f 2352/5075/4884 1143/1291/4883 2354/5077/4890 4775/2538/4889
f 4775/2538/4889 2354/5077/4890 1146/1295/4891 2355/5079/4892
f 1851/4475/3709 4775/2538/4889 2355/5079/4892 1145/1294/3710
s 14
f 1143/1292/4888 2353/5076/4887 4776/2539/4893 2354/5078/4894
f 2353/5076/4887 1144/1293/3746 1872/4496/3748 4776/2539/4893
f 4776/2539/4893 1872/4496/3748 1147/1297/3750 2356/5080/4895
f 2354/5078/4894 4776/2539/4893 2356/5080/4895 1146/1296/4896
s 15
f 1145/1294/3710 2355/5079/4892 4777/2540/4897 1853/4477/3713
f 2355/5079/4892 1146/1295/4891 2357/5081/4898 4777/2540/4897
f 4777/2540/4897 2357/5081/4898 1149/1299/4899 2358/5083/4900
f 1853/4477/3713 4777/2540/4897 2358/5083/4900 1148/1298/3714
s 14
f 1146/1296/4896 2356/5080/4895 4778/2541/4901 2357/5082/4902
f 2356/5080/4895 1147/1297/3750 1874/4498/3752 4778/2541/4901
f 4778/2541/4901 1874/4498/3752 1150/1301/3754 2359/5084/4903
f 2357/5082/4902 4778/2541/4901 2359/5084/4903 1149/1300/4904
s 15
f 1148/1298/3714 2358/5083/4900 4779/2542/4905 1855/4479/3717
f 2358/5083/4900 1149/1299/4899 2360/5085/4906 4779/2542/4905
f 4779/2542/4905 2360/5085/4906 1152/1303/4907 2361/5087/4908
f 1855/4479/3717 4779/2542/4905 2361/5087/4908 1151/1302/3718
s 14
f 1149/1300/4904 2359/5084/4903 4780/2543/4909 2360/5086/4910
f 2359/5084/4903 1150/1301/3754 1876/4500/3756 4780/2543/4909
f 4780/2543/4909 1876/4500/3756 1153/1305/3758 2362/5088/4911
f 2360/5086/4910 4780/2543/4909 2362/5088/4911 1152/1304/4912
s 15
f 1151/1302/3718 2361/5087/4908 4781/2544/4913 1857/4481/3721
f 2361/5087/4908 1152/1303/4907 2363/5089/4914 4781/2544/4913
f 4781/2544/4913 2363/5089/4914 1155/1307/4915 2364/5091/4916
f 1857/4481/3721 4781/2544/4913 2364/5091/4916 1154/1306/3722
s 14
f 1152/1304/4912 2362/5088/4911 4782/2545/4917 2363/5090/4918
f 2362/5088/4911 1153/1305/3758 1878/4502/3760 4782/2545/4917
f 4782/2545/4917 1878/4502/3760 1156/1309/3762 2365/5092/4919
f 2363/5090/4918 4782/2545/4917 2365/5092/4919 1155/1308/4920
s 15
f 1154/1306/3722 2364/5091/4916 4783/2546/4921 1859/4483/3725
f 2364/5091/4916 1155/1307/4915 2366/5093/4922 4783/2546/4921
f 4783/2546/4921 2366/5093/4922 1158/1311/4923 2367/5095/4924
f 1859/4483/3725 4783/2546/4921 2367/5095/4924 1157/1310/3726
s 14
f 1155/1308/4920 2365/5092/4919 4784/2547/4925 2366/5094/4926
f 2365/5092/4919 1156/1309/3762 1880/4504/3764 4784/2547/4925
f 4784/2547/4925 1880/4504/3764 1159/1313/3766 2368/5096/4927
f 2366/5094/4926 4784/2547/4925 2368/5096/4927 1158/1312/4928
s 15
f 1157/1310/3726 2367/5095/4924 4785/2548/4929 1861/4485/3729
f 2367/5095/4924 1158/1311/4923 2369/5097/4930 4785/2548/4929
f 4785/2548/4929 2369/5097/4930 1161/1315/4931 2370/5099/4932
f 1861/4485/3729 4785/2548/4929 2370/5099/4932 1160/1314/3730
s 14
f 1158/1312/4928 2368/5096/4927 4786/2549/4933 2369/5098/4934
f 2368/5096/4927 1159/1313/3766 1882/4506/3768 4786/2549/4933
f 4786/2549/4933 1882/4506/3768 1162/1317/3770 2371/5100/4935
f 2369/5098/4934 4786/2549/4933 2371/5100/4935 1161/1316/4936
s 15
f 1160/1314/3730 2370/5099/4932 4787/2550/4937 1863/4487/3733
f 2370/5099/4932 1161/1315/4931 2372/5101/4938 4787/2550/4937
f 4787/2550/4937 2372/5101/4938 1164/1319/4939 2373/5103/4940
f 1863/4487/3733 4787/2550/4937 2373/5103/4940 1163/1318/3734
s 14
f 1161/1316/4936 2371/5100/4935 4788/2551/4941 2372/5102/4942
f 2371/5100/4935 1162/1317/3770 1884/4508/3772 4788/2551/4941
f 4788/2551/4941 1884/4508/3772 1165/1321/3774 2374/5104/4943
f 2372/5102/4942 4788/2551/4941 2374/5104/4943 1164/1320/4944
f 1091/1217/3632 2304/5010/4756 4789/2552/4945 1885/4509/3776
f 2304/5010/4756 1092/1220/4755 2375/5105/4946 4789/2552/4945
f 4789/2552/4945 2375/5105/4946 1164/1320/4944 2374/5104/4943
f 1885/4509/3776 4789/2552/4945 2374/5104/4943 1165/1321/3774
s 15
f 1092/1219/4760 2305/5011/4759 4790/2553/4947 2375/5106/4948
f 2305/5011/4759 1093/1221/3640 1972/4597/3950 4790/2553/4947
f 4790/2553/4947 1972/4597/3950 1163/1318/3734 2373/5103/4940
f 2375/5106/4948 4790/2553/4947 2373/5103/4940 1164/1319/4939
f 1166/1322/3849 2321/5033/4800 4791/2554/4949 1927/4552/3859
f 2321/5033/4800 1167/1323/4799 2376/5107/4950 4791/2554/4949
f 4791/2554/4949 2376/5107/4950 1170/1327/4951 2377/5109/4952
f 1927/4552/3859 4791/2554/4949 2377/5109/4952 1169/1326/3861
s 14
f 1167/1324/4804 2322/5034/4803 4792/2555/4953 2376/5108/4954
f 2322/5034/4803 1168/1325/3845 1926/4551/3858 4792/2555/4953
f 4792/2555/4953 1926/4551/3858 1171/1329/3857 2378/5110/4955
f 2376/5108/4954 4792/2555/4953 2378/5110/4955 1170/1328/4956
s 15
f 1169/1326/3861 2377/5109/4952 4793/2556/4957 1933/4558/3871
f 2377/5109/4952 1170/1327/4951 2379/5111/4958 4793/2556/4957
f 4793/2556/4957 2379/5111/4958 1173/1331/4959 2380/5113/4960
f 1933/4558/3871 4793/2556/4957 2380/5113/4960 1172/1330/3873
s 14
f 1170/1328/4956 2378/5110/4955 4794/2557/4961 2379/5112/4962
f 2378/5110/4955 1171/1329/3857 1932/4557/3870 4794/2557/4961
f 4794/2557/4961 1932/4557/3870 1174/1333/3869 2381/5114/4963
f 2379/5112/4962 4794/2557/4961 2381/5114/4963 1173/1332/4964
s 15
f 1172/1330/3873 2380/5113/4960 4795/2558/4965 1939/4564/3883
f 2380/5113/4960 1173/1331/4959 2382/5115/4966 4795/2558/4965
f 4795/2558/4965 2382/5115/4966 1176/1335/4967 2383/5117/4968
f 1939/4564/3883 4795/2558/4965 2383/5117/4968 1175/1334/3885
s 14
f 1173/1332/4964 2381/5114/4963 4796/2559/4969 2382/5116/4970
f 2381/5114/4963 1174/1333/3869 1938/4563/3882 4796/2559/4969
f 4796/2559/4969 1938/4563/3882 1177/1337/3881 2384/5118/4971
f 2382/5116/4970 4796/2559/4969 2384/5118/4971 1176/1336/4972
s 15
f 1175/1334/3885 2383/5117/4968 4797/2560/4973 1947/4572/3899
f 2383/5117/4968 1176/1335/4967 2385/5119/4974 4797/2560/4973
f 4797/2560/4973 2385/5119/4974 1182/1343/4975 2386/5121/4976
f 1947/4572/3899 4797/2560/4973 2386/5121/4976 1181/1342/3901
s 14
f 1176/1336/4972 2384/5118/4971 4798/2561/4977 2385/5120/4978
f 2384/5118/4971 1177/1337/3881 1946/4571/3898 4798/2561/4977
f 4798/2561/4977 1946/4571/3898 1183/1345/3897 2387/5122/4979
f 2385/5120/4978 4798/2561/4977 2387/5122/4979 1182/1344/4980
s 11
f 1120/1261/3993 2333/5049/4832 4799/2562/4981 1994/4619/3994
f 2333/5049/4832 1119/1259/4831 2388/5123/4982 4799/2562/4981
f 4799/2562/4981 2388/5123/4982 1179/1339/4983 2389/5125/4984
f 1994/4619/3994 4799/2562/4981 2389/5125/4984 1180/1341/3989
s 15
f 1119/1260/4836 2334/5050/4835 4800/2563/4985 2388/5124/4986
f 2334/5050/4835 1118/1258/3676 1942/4567/3890 4800/2563/4985
f 4800/2563/4985 1942/4567/3890 1178/1338/3889 2390/5126/4987
f 2388/5124/4986 4800/2563/4985 2390/5126/4987 1179/1340/4988
f 1181/1342/3901 2386/5121/4976 4801/2564/4989 1955/4580/3915
f 2386/5121/4976 1182/1343/4975 2391/5127/4990 4801/2564/4989
f 4801/2564/4989 2391/5127/4990 1188/1351/4991 2392/5129/4992
f 1955/4580/3915 4801/2564/4989 2392/5129/4992 1187/1350/3917
s 14
f 1182/1344/4980 2387/5122/4979 4802/2565/4993 2391/5128/4994
f 2387/5122/4979 1183/1345/3897 1954/4579/3914 4802/2565/4993
f 4802/2565/4993 1954/4579/3914 1189/1353/3913 2393/5130/4995
f 2391/5128/4994 4802/2565/4993 2393/5130/4995 1188/1352/4996
s 11
f 1180/1341/3989 2389/5125/4984 4803/2566/4997 1992/4617/3990
f 2389/5125/4984 1179/1339/4983 2394/5131/4998 4803/2566/4997
f 4803/2566/4997 2394/5131/4998 1185/1347/4999 2395/5133/5000
f 1992/4617/3990 4803/2566/4997 2395/5133/5000 1186/1349/3985
s 15
f 1179/1340/4988 2390/5126/4987 4804/2567/5001 2394/5132/5002
f 2390/5126/4987 1178/1338/3889 1950/4575/3906 4804/2567/5001
f 4804/2567/5001 1950/4575/3906 1184/1346/3905 2396/5134/5003
f 2394/5132/5002 4804/2567/5001 2396/5134/5003 1185/1348/5004
s 14
f 1043/1148/3542 2257/4945/4632 4805/2568/5005 1960/4585/3926
f 2257/4945/4632 1044/1149/4631 2397/5135/5006 4805/2568/5005
f 4805/2568/5005 2397/5135/5006 1188/1352/4996 2393/5130/4995
f 1960/4585/3926 4805/2568/5005 2393/5130/4995 1189/1353/3913
s 15
f 1044/1150/4636 2258/4946/4635 4806/2569/5007 2397/5136/5008
f 2258/4946/4635 1045/1151/3550 1961/4586/3927 4806/2569/5007
f 4806/2569/5007 1961/4586/3927 1187/1350/3917 2392/5129/4992
f 2397/5136/5008 4806/2569/5007 2392/5129/4992 1188/1351/4991
s 11
f 1186/1349/3985 2395/5133/5000 4807/2570/5009 1990/4615/3986
f 2395/5133/5000 1185/1347/4999 2398/5137/5010 4807/2570/5009
f 4807/2570/5009 2398/5137/5010 1191/1356/4672 2272/4964/4671
f 1990/4615/3986 4807/2570/5009 2272/4964/4671 1192/1357/3981
s 15
f 1185/1348/5004 2396/5134/5003 4808/2571/5011 2398/5138/5012
f 2396/5134/5003 1184/1346/3905 1958/4583/3922 4808/2571/5011
f 4808/2571/5011 1958/4583/3922 1190/1354/3921 2271/4963/4668
f 2398/5138/5012 4808/2571/5011 2271/4963/4668 1191/1355/4667
s 11
f 1132/1277/4037 2345/5065/4864 4809/2572/5013 2016/4642/4038
f 2345/5065/4864 1131/1275/4863 2399/5139/5014 4809/2572/5013
f 4809/2572/5013 2399/5139/5014 1194/1359/5015 2400/5141/5016
f 2016/4642/4038 4809/2572/5013 2400/5141/5016 1195/1361/4033
s 15
f 1131/1276/4868 2346/5066/4867 4810/2573/5017 2399/5140/5018
f 2346/5066/4867 1130/1274/3696 1964/4589/3932 4810/2573/5017
f 4810/2573/5017 1964/4589/3932 1193/1358/3934 2401/5142/5019
f 2399/5140/5018 4810/2573/5017 2401/5142/5019 1194/1360/5020
s 11
f 1195/1361/4033 2400/5141/5016 4811/2574/5021 2014/4640/4034
f 2400/5141/5016 1194/1359/5015 2402/5143/5022 4811/2574/5021
f 4811/2574/5021 2402/5143/5022 1197/1363/5023 2403/5145/5024
f 2014/4640/4034 4811/2574/5021 2403/5145/5024 1198/1365/4029
s 15
f 1194/1360/5020 2401/5142/5019 4812/2575/5025 2402/5144/5026
f 2401/5142/5019 1193/1358/3934 1966/4591/3936 4812/2575/5025
f 4812/2575/5025 1966/4591/3936 1196/1362/3938 2404/5146/5027
f 2402/5144/5026 4812/2575/5025 2404/5146/5027 1197/1364/5028
s 11
f 1198/1365/4029 2403/5145/5024 4813/2576/5029 2012/4638/4030
f 2403/5145/5024 1197/1363/5023 2405/5147/5030 4813/2576/5029
f 4813/2576/5029 2405/5147/5030 1200/1367/5031 2406/5149/5032
f 2012/4638/4030 4813/2576/5029 2406/5149/5032 1201/1371/4025
s 15
f 1197/1364/5028 2404/5146/5027 4814/2577/5033 2405/5148/5034
f 2404/5146/5027 1196/1362/3938 1968/4593/3940 4814/2577/5033
f 4814/2577/5033 1968/4593/3940 1199/1366/3942 2407/5151/5035
f 2405/5148/5034 4814/2577/5033 2407/5151/5035 1200/1368/5036
s 11
f 1201/1370/4025 2406/5150/5032 4815/2578/5037 2010/4636/4026
f 2406/5150/5032 1200/1369/5031 2408/5152/5038 4815/2578/5037
f 4815/2578/5037 2408/5152/5038 1203/1374/4796 2319/5030/4795
f 2010/4636/4026 4815/2578/5037 2319/5030/4795 1204/1375/4021
s 15
f 1200/1368/5036 2407/5151/5035 4816/2579/5039 2408/5153/5040
f 2407/5151/5035 1199/1366/3942 1970/4595/3944 4816/2579/5039
f 4816/2579/5039 1970/4595/3944 1202/1372/3946 2318/5029/4792
f 2408/5153/5040 4816/2579/5039 2318/5029/4792 1203/1373/4791
